{
  "dataset_revision": "main",
  "task_name": "ArguAnaTR",
  "mteb_version": "1.31.3",
  "scores": {
    "test": [
      {
        "ndcg_at_1": 0.18777,
        "ndcg_at_3": 0.31101,
        "ndcg_at_5": 0.35705,
        "ndcg_at_10": 0.41095,
        "ndcg_at_20": 0.4471,
        "ndcg_at_100": 0.47116,
        "ndcg_at_1000": 0.477,
        "map_at_1": 0.18777,
        "map_at_3": 0.27975,
        "map_at_5": 0.30532,
        "map_at_10": 0.32762,
        "map_at_20": 0.33764,
        "map_at_100": 0.34112,
        "map_at_1000": 0.34136,
        "recall_at_1": 0.18777,
        "recall_at_3": 0.40185,
        "recall_at_5": 0.51351,
        "recall_at_10": 0.67994,
        "recall_at_20": 0.82219,
        "recall_at_100": 0.9495,
        "recall_at_1000": 0.99431,
        "precision_at_1": 0.18777,
        "precision_at_3": 0.13395,
        "precision_at_5": 0.1027,
        "precision_at_10": 0.06799,
        "precision_at_20": 0.04111,
        "precision_at_100": 0.0095,
        "precision_at_1000": 0.00099,
        "mrr_at_1": 0.189189,
        "mrr_at_3": 0.280702,
        "mrr_at_5": 0.305808,
        "mrr_at_10": 0.328365,
        "mrr_at_20": 0.338377,
        "mrr_at_100": 0.341857,
        "mrr_at_1000": 0.342097,
        "nauc_ndcg_at_1_max": -0.041889,
        "nauc_ndcg_at_1_std": -0.084164,
        "nauc_ndcg_at_1_diff1": 0.152745,
        "nauc_ndcg_at_3_max": -0.006544,
        "nauc_ndcg_at_3_std": -0.057283,
        "nauc_ndcg_at_3_diff1": 0.094651,
        "nauc_ndcg_at_5_max": -0.004229,
        "nauc_ndcg_at_5_std": -0.061832,
        "nauc_ndcg_at_5_diff1": 0.084452,
        "nauc_ndcg_at_10_max": 0.011544,
        "nauc_ndcg_at_10_std": -0.063366,
        "nauc_ndcg_at_10_diff1": 0.093005,
        "nauc_ndcg_at_20_max": 0.031331,
        "nauc_ndcg_at_20_std": -0.036725,
        "nauc_ndcg_at_20_diff1": 0.108674,
        "nauc_ndcg_at_100_max": 0.017389,
        "nauc_ndcg_at_100_std": -0.044373,
        "nauc_ndcg_at_100_diff1": 0.105689,
        "nauc_ndcg_at_1000_max": 0.008461,
        "nauc_ndcg_at_1000_std": -0.051611,
        "nauc_ndcg_at_1000_diff1": 0.103811,
        "nauc_map_at_1_max": -0.041889,
        "nauc_map_at_1_std": -0.084164,
        "nauc_map_at_1_diff1": 0.152745,
        "nauc_map_at_3_max": -0.014269,
        "nauc_map_at_3_std": -0.061684,
        "nauc_map_at_3_diff1": 0.104943,
        "nauc_map_at_5_max": -0.012835,
        "nauc_map_at_5_std": -0.064288,
        "nauc_map_at_5_diff1": 0.09928,
        "nauc_map_at_10_max": -0.00673,
        "nauc_map_at_10_std": -0.065614,
        "nauc_map_at_10_diff1": 0.102716,
        "nauc_map_at_20_max": -0.002511,
        "nauc_map_at_20_std": -0.059689,
        "nauc_map_at_20_diff1": 0.106658,
        "nauc_map_at_100_max": -0.004489,
        "nauc_map_at_100_std": -0.060638,
        "nauc_map_at_100_diff1": 0.106176,
        "nauc_map_at_1000_max": -0.004814,
        "nauc_map_at_1000_std": -0.060854,
        "nauc_map_at_1000_diff1": 0.106107,
        "nauc_recall_at_1_max": -0.041889,
        "nauc_recall_at_1_std": -0.084164,
        "nauc_recall_at_1_diff1": 0.152745,
        "nauc_recall_at_3_max": 0.013026,
        "nauc_recall_at_3_std": -0.046646,
        "nauc_recall_at_3_diff1": 0.069411,
        "nauc_recall_at_5_max": 0.018436,
        "nauc_recall_at_5_std": -0.056568,
        "nauc_recall_at_5_diff1": 0.045023,
        "nauc_recall_at_10_max": 0.078497,
        "nauc_recall_at_10_std": -0.056674,
        "nauc_recall_at_10_diff1": 0.066178,
        "nauc_recall_at_20_max": 0.250443,
        "nauc_recall_at_20_std": 0.127822,
        "nauc_recall_at_20_diff1": 0.153504,
        "nauc_recall_at_100_max": 0.380418,
        "nauc_recall_at_100_std": 0.290268,
        "nauc_recall_at_100_diff1": 0.183279,
        "nauc_recall_at_1000_max": 0.299687,
        "nauc_recall_at_1000_std": 0.402284,
        "nauc_recall_at_1000_diff1": 0.203641,
        "nauc_precision_at_1_max": -0.041889,
        "nauc_precision_at_1_std": -0.084164,
        "nauc_precision_at_1_diff1": 0.152745,
        "nauc_precision_at_3_max": 0.013026,
        "nauc_precision_at_3_std": -0.046646,
        "nauc_precision_at_3_diff1": 0.069411,
        "nauc_precision_at_5_max": 0.018436,
        "nauc_precision_at_5_std": -0.056568,
        "nauc_precision_at_5_diff1": 0.045023,
        "nauc_precision_at_10_max": 0.078497,
        "nauc_precision_at_10_std": -0.056674,
        "nauc_precision_at_10_diff1": 0.066178,
        "nauc_precision_at_20_max": 0.250443,
        "nauc_precision_at_20_std": 0.127822,
        "nauc_precision_at_20_diff1": 0.153504,
        "nauc_precision_at_100_max": 0.380418,
        "nauc_precision_at_100_std": 0.290268,
        "nauc_precision_at_100_diff1": 0.183279,
        "nauc_precision_at_1000_max": 0.299687,
        "nauc_precision_at_1000_std": 0.402284,
        "nauc_precision_at_1000_diff1": 0.203641,
        "nauc_mrr_at_1_max": -0.037233,
        "nauc_mrr_at_1_std": -0.083541,
        "nauc_mrr_at_1_diff1": 0.146701,
        "nauc_mrr_at_3_max": -0.014353,
        "nauc_mrr_at_3_std": -0.061136,
        "nauc_mrr_at_3_diff1": 0.099265,
        "nauc_mrr_at_5_max": -0.013941,
        "nauc_mrr_at_5_std": -0.064603,
        "nauc_mrr_at_5_diff1": 0.093585,
        "nauc_mrr_at_10_max": -0.007269,
        "nauc_mrr_at_10_std": -0.06625,
        "nauc_mrr_at_10_diff1": 0.097485,
        "nauc_mrr_at_20_max": -0.002653,
        "nauc_mrr_at_20_std": -0.060029,
        "nauc_mrr_at_20_diff1": 0.101671,
        "nauc_mrr_at_100_max": -0.004634,
        "nauc_mrr_at_100_std": -0.060979,
        "nauc_mrr_at_100_diff1": 0.101133,
        "nauc_mrr_at_1000_max": -0.004958,
        "nauc_mrr_at_1000_std": -0.061195,
        "nauc_mrr_at_1000_diff1": 0.10106,
        "main_score": 0.41095,
        "hf_subset": "default",
        "languages": [
          "tur-Latn"
        ]
      }
    ]
  },
  "evaluation_time": 461.1493079662323,
  "kg_co2_emissions": null
}