{
  "dataset_revision": "main",
  "task_name": "CQADupstackGamingRetrievalTR",
  "mteb_version": "1.31.3",
  "scores": {
    "test": [
      {
        "ndcg_at_1": 0.36302,
        "ndcg_at_3": 0.44717,
        "ndcg_at_5": 0.46819,
        "ndcg_at_10": 0.49162,
        "ndcg_at_20": 0.50699,
        "ndcg_at_100": 0.53457,
        "ndcg_at_1000": 0.55086,
        "map_at_1": 0.36302,
        "map_at_3": 0.42656,
        "map_at_5": 0.43834,
        "map_at_10": 0.44805,
        "map_at_20": 0.45227,
        "map_at_100": 0.45591,
        "map_at_1000": 0.45648,
        "recall_at_1": 0.36302,
        "recall_at_3": 0.50675,
        "recall_at_5": 0.55735,
        "recall_at_10": 0.62955,
        "recall_at_20": 0.69028,
        "recall_at_100": 0.84143,
        "recall_at_1000": 0.97233,
        "precision_at_1": 0.36302,
        "precision_at_3": 0.16892,
        "precision_at_5": 0.11147,
        "precision_at_10": 0.06296,
        "precision_at_20": 0.03451,
        "precision_at_100": 0.00841,
        "precision_at_1000": 0.00097,
        "mrr_at_1": 0.363023,
        "mrr_at_3": 0.426563,
        "mrr_at_5": 0.438338,
        "mrr_at_10": 0.448048,
        "mrr_at_20": 0.452275,
        "mrr_at_100": 0.455913,
        "mrr_at_1000": 0.456482,
        "nauc_ndcg_at_1_max": 0.406119,
        "nauc_ndcg_at_1_std": -0.082848,
        "nauc_ndcg_at_1_diff1": 0.650427,
        "nauc_ndcg_at_3_max": 0.397457,
        "nauc_ndcg_at_3_std": -0.07429,
        "nauc_ndcg_at_3_diff1": 0.57436,
        "nauc_ndcg_at_5_max": 0.390742,
        "nauc_ndcg_at_5_std": -0.078389,
        "nauc_ndcg_at_5_diff1": 0.56821,
        "nauc_ndcg_at_10_max": 0.3923,
        "nauc_ndcg_at_10_std": -0.069622,
        "nauc_ndcg_at_10_diff1": 0.559064,
        "nauc_ndcg_at_20_max": 0.388232,
        "nauc_ndcg_at_20_std": -0.070958,
        "nauc_ndcg_at_20_diff1": 0.5569,
        "nauc_ndcg_at_100_max": 0.392748,
        "nauc_ndcg_at_100_std": -0.060627,
        "nauc_ndcg_at_100_diff1": 0.561383,
        "nauc_ndcg_at_1000_max": 0.393086,
        "nauc_ndcg_at_1000_std": -0.064602,
        "nauc_ndcg_at_1000_diff1": 0.567685,
        "nauc_map_at_1_max": 0.406119,
        "nauc_map_at_1_std": -0.082848,
        "nauc_map_at_1_diff1": 0.650427,
        "nauc_map_at_3_max": 0.398599,
        "nauc_map_at_3_std": -0.077692,
        "nauc_map_at_3_diff1": 0.592867,
        "nauc_map_at_5_max": 0.395003,
        "nauc_map_at_5_std": -0.079995,
        "nauc_map_at_5_diff1": 0.589687,
        "nauc_map_at_10_max": 0.395558,
        "nauc_map_at_10_std": -0.076618,
        "nauc_map_at_10_diff1": 0.586487,
        "nauc_map_at_20_max": 0.394735,
        "nauc_map_at_20_std": -0.076956,
        "nauc_map_at_20_diff1": 0.586329,
        "nauc_map_at_100_max": 0.394941,
        "nauc_map_at_100_std": -0.075727,
        "nauc_map_at_100_diff1": 0.5867,
        "nauc_map_at_1000_max": 0.394924,
        "nauc_map_at_1000_std": -0.075787,
        "nauc_map_at_1000_diff1": 0.58686,
        "nauc_recall_at_1_max": 0.406119,
        "nauc_recall_at_1_std": -0.082848,
        "nauc_recall_at_1_diff1": 0.650427,
        "nauc_recall_at_3_max": 0.394515,
        "nauc_recall_at_3_std": -0.063767,
        "nauc_recall_at_3_diff1": 0.520111,
        "nauc_recall_at_5_max": 0.377033,
        "nauc_recall_at_5_std": -0.073502,
        "nauc_recall_at_5_diff1": 0.501693,
        "nauc_recall_at_10_max": 0.381637,
        "nauc_recall_at_10_std": -0.042017,
        "nauc_recall_at_10_diff1": 0.461737,
        "nauc_recall_at_20_max": 0.358391,
        "nauc_recall_at_20_std": -0.045514,
        "nauc_recall_at_20_diff1": 0.436683,
        "nauc_recall_at_100_max": 0.399878,
        "nauc_recall_at_100_std": 0.086763,
        "nauc_recall_at_100_diff1": 0.408828,
        "nauc_recall_at_1000_max": 0.471211,
        "nauc_recall_at_1000_std": 0.342939,
        "nauc_recall_at_1000_diff1": 0.298546,
        "nauc_precision_at_1_max": 0.406119,
        "nauc_precision_at_1_std": -0.082848,
        "nauc_precision_at_1_diff1": 0.650427,
        "nauc_precision_at_3_max": 0.394515,
        "nauc_precision_at_3_std": -0.063767,
        "nauc_precision_at_3_diff1": 0.520111,
        "nauc_precision_at_5_max": 0.377033,
        "nauc_precision_at_5_std": -0.073502,
        "nauc_precision_at_5_diff1": 0.501693,
        "nauc_precision_at_10_max": 0.381637,
        "nauc_precision_at_10_std": -0.042017,
        "nauc_precision_at_10_diff1": 0.461737,
        "nauc_precision_at_20_max": 0.358391,
        "nauc_precision_at_20_std": -0.045514,
        "nauc_precision_at_20_diff1": 0.436683,
        "nauc_precision_at_100_max": 0.399878,
        "nauc_precision_at_100_std": 0.086763,
        "nauc_precision_at_100_diff1": 0.408828,
        "nauc_precision_at_1000_max": 0.471211,
        "nauc_precision_at_1000_std": 0.342939,
        "nauc_precision_at_1000_diff1": 0.298546,
        "nauc_mrr_at_1_max": 0.406119,
        "nauc_mrr_at_1_std": -0.082848,
        "nauc_mrr_at_1_diff1": 0.650427,
        "nauc_mrr_at_3_max": 0.398599,
        "nauc_mrr_at_3_std": -0.077692,
        "nauc_mrr_at_3_diff1": 0.592867,
        "nauc_mrr_at_5_max": 0.395003,
        "nauc_mrr_at_5_std": -0.079995,
        "nauc_mrr_at_5_diff1": 0.589687,
        "nauc_mrr_at_10_max": 0.395558,
        "nauc_mrr_at_10_std": -0.076618,
        "nauc_mrr_at_10_diff1": 0.586487,
        "nauc_mrr_at_20_max": 0.394735,
        "nauc_mrr_at_20_std": -0.076956,
        "nauc_mrr_at_20_diff1": 0.586329,
        "nauc_mrr_at_100_max": 0.394941,
        "nauc_mrr_at_100_std": -0.075727,
        "nauc_mrr_at_100_diff1": 0.5867,
        "nauc_mrr_at_1000_max": 0.394924,
        "nauc_mrr_at_1000_std": -0.075787,
        "nauc_mrr_at_1000_diff1": 0.58686,
        "main_score": 0.49162,
        "hf_subset": "default",
        "languages": [
          "tur-Latn"
        ]
      }
    ]
  },
  "evaluation_time": 97.13398909568787,
  "kg_co2_emissions": null
}