{
  "dataset_revision": "main",
  "task_name": "FiQA2018TR",
  "mteb_version": "1.31.3",
  "scores": {
    "test": [
      {
        "ndcg_at_1": 0.21605,
        "ndcg_at_3": 0.2994,
        "ndcg_at_5": 0.32869,
        "ndcg_at_10": 0.35941,
        "ndcg_at_20": 0.38358,
        "ndcg_at_100": 0.41836,
        "ndcg_at_1000": 0.44053,
        "map_at_1": 0.21605,
        "map_at_3": 0.27958,
        "map_at_5": 0.29586,
        "map_at_10": 0.30871,
        "map_at_20": 0.31533,
        "map_at_100": 0.32007,
        "map_at_1000": 0.32083,
        "recall_at_1": 0.21605,
        "recall_at_3": 0.35648,
        "recall_at_5": 0.42747,
        "recall_at_10": 0.5216,
        "recall_at_20": 0.61728,
        "recall_at_100": 0.80556,
        "recall_at_1000": 0.98457,
        "precision_at_1": 0.21605,
        "precision_at_3": 0.11883,
        "precision_at_5": 0.08549,
        "precision_at_10": 0.05216,
        "precision_at_20": 0.03086,
        "precision_at_100": 0.00806,
        "precision_at_1000": 0.00098,
        "mrr_at_1": 0.216049,
        "mrr_at_3": 0.279578,
        "mrr_at_5": 0.295859,
        "mrr_at_10": 0.308707,
        "mrr_at_20": 0.315327,
        "mrr_at_100": 0.320071,
        "mrr_at_1000": 0.320833,
        "nauc_ndcg_at_1_max": 0.074248,
        "nauc_ndcg_at_1_std": -0.13276,
        "nauc_ndcg_at_1_diff1": 0.423622,
        "nauc_ndcg_at_3_max": 0.100042,
        "nauc_ndcg_at_3_std": -0.132624,
        "nauc_ndcg_at_3_diff1": 0.353737,
        "nauc_ndcg_at_5_max": 0.102317,
        "nauc_ndcg_at_5_std": -0.144156,
        "nauc_ndcg_at_5_diff1": 0.340679,
        "nauc_ndcg_at_10_max": 0.108686,
        "nauc_ndcg_at_10_std": -0.135384,
        "nauc_ndcg_at_10_diff1": 0.323732,
        "nauc_ndcg_at_20_max": 0.123525,
        "nauc_ndcg_at_20_std": -0.128218,
        "nauc_ndcg_at_20_diff1": 0.329007,
        "nauc_ndcg_at_100_max": 0.125398,
        "nauc_ndcg_at_100_std": -0.109656,
        "nauc_ndcg_at_100_diff1": 0.32935,
        "nauc_ndcg_at_1000_max": 0.112939,
        "nauc_ndcg_at_1000_std": -0.122179,
        "nauc_ndcg_at_1000_diff1": 0.34016,
        "nauc_map_at_1_max": 0.074248,
        "nauc_map_at_1_std": -0.13276,
        "nauc_map_at_1_diff1": 0.423622,
        "nauc_map_at_3_max": 0.093844,
        "nauc_map_at_3_std": -0.134649,
        "nauc_map_at_3_diff1": 0.368465,
        "nauc_map_at_5_max": 0.095198,
        "nauc_map_at_5_std": -0.141303,
        "nauc_map_at_5_diff1": 0.36095,
        "nauc_map_at_10_max": 0.098495,
        "nauc_map_at_10_std": -0.137561,
        "nauc_map_at_10_diff1": 0.354425,
        "nauc_map_at_20_max": 0.10197,
        "nauc_map_at_20_std": -0.13608,
        "nauc_map_at_20_diff1": 0.355836,
        "nauc_map_at_100_max": 0.101191,
        "nauc_map_at_100_std": -0.134275,
        "nauc_map_at_100_diff1": 0.355834,
        "nauc_map_at_1000_max": 0.100761,
        "nauc_map_at_1000_std": -0.134607,
        "nauc_map_at_1000_diff1": 0.35624,
        "nauc_recall_at_1_max": 0.074248,
        "nauc_recall_at_1_std": -0.13276,
        "nauc_recall_at_1_diff1": 0.423622,
        "nauc_recall_at_3_max": 0.116629,
        "nauc_recall_at_3_std": -0.126511,
        "nauc_recall_at_3_diff1": 0.315044,
        "nauc_recall_at_5_max": 0.121455,
        "nauc_recall_at_5_std": -0.152339,
        "nauc_recall_at_5_diff1": 0.286006,
        "nauc_recall_at_10_max": 0.13806,
        "nauc_recall_at_10_std": -0.126775,
        "nauc_recall_at_10_diff1": 0.230617,
        "nauc_recall_at_20_max": 0.207203,
        "nauc_recall_at_20_std": -0.092381,
        "nauc_recall_at_20_diff1": 0.243196,
        "nauc_recall_at_100_max": 0.301251,
        "nauc_recall_at_100_std": 0.108475,
        "nauc_recall_at_100_diff1": 0.196619,
        "nauc_recall_at_1000_max": 0.401823,
        "nauc_recall_at_1000_std": 0.521914,
        "nauc_recall_at_1000_diff1": 0.303896,
        "nauc_precision_at_1_max": 0.074248,
        "nauc_precision_at_1_std": -0.13276,
        "nauc_precision_at_1_diff1": 0.423622,
        "nauc_precision_at_3_max": 0.116629,
        "nauc_precision_at_3_std": -0.126511,
        "nauc_precision_at_3_diff1": 0.315044,
        "nauc_precision_at_5_max": 0.121455,
        "nauc_precision_at_5_std": -0.152339,
        "nauc_precision_at_5_diff1": 0.286006,
        "nauc_precision_at_10_max": 0.13806,
        "nauc_precision_at_10_std": -0.126775,
        "nauc_precision_at_10_diff1": 0.230617,
        "nauc_precision_at_20_max": 0.207203,
        "nauc_precision_at_20_std": -0.092381,
        "nauc_precision_at_20_diff1": 0.243196,
        "nauc_precision_at_100_max": 0.301251,
        "nauc_precision_at_100_std": 0.108475,
        "nauc_precision_at_100_diff1": 0.196619,
        "nauc_precision_at_1000_max": 0.401823,
        "nauc_precision_at_1000_std": 0.521914,
        "nauc_precision_at_1000_diff1": 0.303896,
        "nauc_mrr_at_1_max": 0.074248,
        "nauc_mrr_at_1_std": -0.13276,
        "nauc_mrr_at_1_diff1": 0.423622,
        "nauc_mrr_at_3_max": 0.093844,
        "nauc_mrr_at_3_std": -0.134649,
        "nauc_mrr_at_3_diff1": 0.368465,
        "nauc_mrr_at_5_max": 0.095198,
        "nauc_mrr_at_5_std": -0.141303,
        "nauc_mrr_at_5_diff1": 0.36095,
        "nauc_mrr_at_10_max": 0.098495,
        "nauc_mrr_at_10_std": -0.137561,
        "nauc_mrr_at_10_diff1": 0.354425,
        "nauc_mrr_at_20_max": 0.10197,
        "nauc_mrr_at_20_std": -0.13608,
        "nauc_mrr_at_20_diff1": 0.355836,
        "nauc_mrr_at_100_max": 0.101191,
        "nauc_mrr_at_100_std": -0.134275,
        "nauc_mrr_at_100_diff1": 0.355834,
        "nauc_mrr_at_1000_max": 0.100761,
        "nauc_mrr_at_1000_std": -0.134607,
        "nauc_mrr_at_1000_diff1": 0.35624,
        "main_score": 0.35941,
        "hf_subset": "default",
        "languages": [
          "tur-Latn"
        ]
      }
    ]
  },
  "evaluation_time": 81.48481011390686,
  "kg_co2_emissions": null
}