{
  "dataset_revision": "main",
  "task_name": "MSMarcoTRRetrieval",
  "mteb_version": "1.31.3",
  "scores": {
    "test": [
      {
        "ndcg_at_1": 0.49438,
        "ndcg_at_3": 0.52592,
        "ndcg_at_5": 0.53177,
        "ndcg_at_10": 0.53545,
        "ndcg_at_20": 0.53758,
        "ndcg_at_100": 0.54046,
        "ndcg_at_1000": 0.54108,
        "map_at_1": 0.49438,
        "map_at_3": 0.51866,
        "map_at_5": 0.52192,
        "map_at_10": 0.52347,
        "map_at_20": 0.52407,
        "map_at_100": 0.52445,
        "map_at_1000": 0.52448,
        "recall_at_1": 0.49438,
        "recall_at_3": 0.5467,
        "recall_at_5": 0.56088,
        "recall_at_10": 0.57213,
        "recall_at_20": 0.58044,
        "recall_at_100": 0.59609,
        "recall_at_1000": 0.60098,
        "precision_at_1": 0.49438,
        "precision_at_3": 0.18223,
        "precision_at_5": 0.11218,
        "precision_at_10": 0.05721,
        "precision_at_20": 0.02902,
        "precision_at_100": 0.00596,
        "precision_at_1000": 0.0006,
        "mrr_at_1": 0.494377,
        "mrr_at_3": 0.518663,
        "mrr_at_5": 0.521915,
        "mrr_at_10": 0.523467,
        "mrr_at_20": 0.524065,
        "mrr_at_100": 0.524452,
        "mrr_at_1000": 0.524477,
        "nauc_ndcg_at_1_max": 0.739055,
        "nauc_ndcg_at_1_std": 0.032471,
        "nauc_ndcg_at_1_diff1": 0.806172,
        "nauc_ndcg_at_3_max": 0.74496,
        "nauc_ndcg_at_3_std": 0.055282,
        "nauc_ndcg_at_3_diff1": 0.77764,
        "nauc_ndcg_at_5_max": 0.74349,
        "nauc_ndcg_at_5_std": 0.056654,
        "nauc_ndcg_at_5_diff1": 0.772179,
        "nauc_ndcg_at_10_max": 0.740254,
        "nauc_ndcg_at_10_std": 0.05978,
        "nauc_ndcg_at_10_diff1": 0.767432,
        "nauc_ndcg_at_20_max": 0.737984,
        "nauc_ndcg_at_20_std": 0.061419,
        "nauc_ndcg_at_20_diff1": 0.764881,
        "nauc_ndcg_at_100_max": 0.734886,
        "nauc_ndcg_at_100_std": 0.063318,
        "nauc_ndcg_at_100_diff1": 0.761095,
        "nauc_ndcg_at_1000_max": 0.734054,
        "nauc_ndcg_at_1000_std": 0.063271,
        "nauc_ndcg_at_1000_diff1": 0.760432,
        "nauc_map_at_1_max": 0.739055,
        "nauc_map_at_1_std": 0.032471,
        "nauc_map_at_1_diff1": 0.806172,
        "nauc_map_at_3_max": 0.743655,
        "nauc_map_at_3_std": 0.049968,
        "nauc_map_at_3_diff1": 0.78429,
        "nauc_map_at_5_max": 0.742849,
        "nauc_map_at_5_std": 0.050787,
        "nauc_map_at_5_diff1": 0.781219,
        "nauc_map_at_10_max": 0.741544,
        "nauc_map_at_10_std": 0.052048,
        "nauc_map_at_10_diff1": 0.779314,
        "nauc_map_at_20_max": 0.740943,
        "nauc_map_at_20_std": 0.052491,
        "nauc_map_at_20_diff1": 0.778624,
        "nauc_map_at_100_max": 0.740559,
        "nauc_map_at_100_std": 0.052781,
        "nauc_map_at_100_diff1": 0.778121,
        "nauc_map_at_1000_max": 0.740527,
        "nauc_map_at_1000_std": 0.052778,
        "nauc_map_at_1000_diff1": 0.778096,
        "nauc_recall_at_1_max": 0.739055,
        "nauc_recall_at_1_std": 0.032471,
        "nauc_recall_at_1_diff1": 0.806172,
        "nauc_recall_at_3_max": 0.748767,
        "nauc_recall_at_3_std": 0.070915,
        "nauc_recall_at_3_diff1": 0.758078,
        "nauc_recall_at_5_max": 0.745123,
        "nauc_recall_at_5_std": 0.074229,
        "nauc_recall_at_5_diff1": 0.744515,
        "nauc_recall_at_10_max": 0.734659,
        "nauc_recall_at_10_std": 0.084505,
        "nauc_recall_at_10_diff1": 0.72885,
        "nauc_recall_at_20_max": 0.725127,
        "nauc_recall_at_20_std": 0.091508,
        "nauc_recall_at_20_diff1": 0.717982,
        "nauc_recall_at_100_max": 0.706613,
        "nauc_recall_at_100_std": 0.10235,
        "nauc_recall_at_100_diff1": 0.695433,
        "nauc_recall_at_1000_max": 0.699607,
        "nauc_recall_at_1000_std": 0.102575,
        "nauc_recall_at_1000_diff1": 0.689535,
        "nauc_precision_at_1_max": 0.739055,
        "nauc_precision_at_1_std": 0.032471,
        "nauc_precision_at_1_diff1": 0.806172,
        "nauc_precision_at_3_max": 0.748767,
        "nauc_precision_at_3_std": 0.070915,
        "nauc_precision_at_3_diff1": 0.758078,
        "nauc_precision_at_5_max": 0.745123,
        "nauc_precision_at_5_std": 0.074229,
        "nauc_precision_at_5_diff1": 0.744515,
        "nauc_precision_at_10_max": 0.734659,
        "nauc_precision_at_10_std": 0.084505,
        "nauc_precision_at_10_diff1": 0.72885,
        "nauc_precision_at_20_max": 0.725127,
        "nauc_precision_at_20_std": 0.091508,
        "nauc_precision_at_20_diff1": 0.717982,
        "nauc_precision_at_100_max": 0.706613,
        "nauc_precision_at_100_std": 0.10235,
        "nauc_precision_at_100_diff1": 0.695433,
        "nauc_precision_at_1000_max": 0.699607,
        "nauc_precision_at_1000_std": 0.102575,
        "nauc_precision_at_1000_diff1": 0.689535,
        "nauc_mrr_at_1_max": 0.739055,
        "nauc_mrr_at_1_std": 0.032471,
        "nauc_mrr_at_1_diff1": 0.806172,
        "nauc_mrr_at_3_max": 0.743655,
        "nauc_mrr_at_3_std": 0.049968,
        "nauc_mrr_at_3_diff1": 0.78429,
        "nauc_mrr_at_5_max": 0.742849,
        "nauc_mrr_at_5_std": 0.050787,
        "nauc_mrr_at_5_diff1": 0.781219,
        "nauc_mrr_at_10_max": 0.741544,
        "nauc_mrr_at_10_std": 0.052048,
        "nauc_mrr_at_10_diff1": 0.779314,
        "nauc_mrr_at_20_max": 0.740943,
        "nauc_mrr_at_20_std": 0.052491,
        "nauc_mrr_at_20_diff1": 0.778624,
        "nauc_mrr_at_100_max": 0.740559,
        "nauc_mrr_at_100_std": 0.052781,
        "nauc_mrr_at_100_diff1": 0.778121,
        "nauc_mrr_at_1000_max": 0.740527,
        "nauc_mrr_at_1000_std": 0.052778,
        "nauc_mrr_at_1000_diff1": 0.778096,
        "main_score": 0.53545,
        "hf_subset": "default",
        "languages": [
          "tur-Latn"
        ]
      }
    ]
  },
  "evaluation_time": 42.0758490562439,
  "kg_co2_emissions": null
}