{
  "dataset_revision": "main",
  "task_name": "NFCorpusTR",
  "mteb_version": "1.31.3",
  "scores": {
    "test": [
      {
        "ndcg_at_1": 0.07087,
        "ndcg_at_3": 0.08422,
        "ndcg_at_5": 0.09066,
        "ndcg_at_10": 0.10071,
        "ndcg_at_20": 0.11503,
        "ndcg_at_100": 0.13773,
        "ndcg_at_1000": 0.20302,
        "map_at_1": 0.07087,
        "map_at_3": 0.08071,
        "map_at_5": 0.08425,
        "map_at_10": 0.08833,
        "map_at_20": 0.09247,
        "map_at_100": 0.09538,
        "map_at_1000": 0.09716,
        "recall_at_1": 0.07087,
        "recall_at_3": 0.09449,
        "recall_at_5": 0.11024,
        "recall_at_10": 0.14173,
        "recall_at_20": 0.19685,
        "recall_at_100": 0.32283,
        "recall_at_1000": 0.87795,
        "precision_at_1": 0.07087,
        "precision_at_3": 0.0315,
        "precision_at_5": 0.02205,
        "precision_at_10": 0.01417,
        "precision_at_20": 0.00984,
        "precision_at_100": 0.00323,
        "precision_at_1000": 0.00088,
        "mrr_at_1": 0.070866,
        "mrr_at_3": 0.080709,
        "mrr_at_5": 0.084252,
        "mrr_at_10": 0.088331,
        "mrr_at_20": 0.092445,
        "mrr_at_100": 0.095347,
        "mrr_at_1000": 0.097128,
        "nauc_ndcg_at_1_max": -0.017243,
        "nauc_ndcg_at_1_std": -0.187114,
        "nauc_ndcg_at_1_diff1": 0.08545,
        "nauc_ndcg_at_3_max": 0.061429,
        "nauc_ndcg_at_3_std": -0.095917,
        "nauc_ndcg_at_3_diff1": 0.093753,
        "nauc_ndcg_at_5_max": 0.088737,
        "nauc_ndcg_at_5_std": -0.073343,
        "nauc_ndcg_at_5_diff1": 0.078144,
        "nauc_ndcg_at_10_max": 0.107699,
        "nauc_ndcg_at_10_std": -0.036947,
        "nauc_ndcg_at_10_diff1": 0.062672,
        "nauc_ndcg_at_20_max": 0.104895,
        "nauc_ndcg_at_20_std": -0.024133,
        "nauc_ndcg_at_20_diff1": 0.048376,
        "nauc_ndcg_at_100_max": 0.127359,
        "nauc_ndcg_at_100_std": 0.019528,
        "nauc_ndcg_at_100_diff1": 0.041195,
        "nauc_ndcg_at_1000_max": 0.113434,
        "nauc_ndcg_at_1000_std": -0.008867,
        "nauc_ndcg_at_1000_diff1": 0.080161,
        "nauc_map_at_1_max": -0.017243,
        "nauc_map_at_1_std": -0.187114,
        "nauc_map_at_1_diff1": 0.08545,
        "nauc_map_at_3_max": 0.041582,
        "nauc_map_at_3_std": -0.119495,
        "nauc_map_at_3_diff1": 0.089284,
        "nauc_map_at_5_max": 0.058363,
        "nauc_map_at_5_std": -0.106427,
        "nauc_map_at_5_diff1": 0.081048,
        "nauc_map_at_10_max": 0.066759,
        "nauc_map_at_10_std": -0.089419,
        "nauc_map_at_10_diff1": 0.073477,
        "nauc_map_at_20_max": 0.067757,
        "nauc_map_at_20_std": -0.083926,
        "nauc_map_at_20_diff1": 0.069519,
        "nauc_map_at_100_max": 0.071483,
        "nauc_map_at_100_std": -0.076314,
        "nauc_map_at_100_diff1": 0.069297,
        "nauc_map_at_1000_max": 0.071161,
        "nauc_map_at_1000_std": -0.077009,
        "nauc_map_at_1000_diff1": 0.070576,
        "nauc_recall_at_1_max": -0.017243,
        "nauc_recall_at_1_std": -0.187114,
        "nauc_recall_at_1_diff1": 0.08545,
        "nauc_recall_at_3_max": 0.111475,
        "nauc_recall_at_3_std": -0.036295,
        "nauc_recall_at_3_diff1": 0.105725,
        "nauc_recall_at_5_max": 0.161666,
        "nauc_recall_at_5_std": 0.006546,
        "nauc_recall_at_5_diff1": 0.069797,
        "nauc_recall_at_10_max": 0.198573,
        "nauc_recall_at_10_std": 0.081177,
        "nauc_recall_at_10_diff1": 0.0364,
        "nauc_recall_at_20_max": 0.168707,
        "nauc_recall_at_20_std": 0.088805,
        "nauc_recall_at_20_diff1": 0.001767,
        "nauc_recall_at_100_max": 0.228331,
        "nauc_recall_at_100_std": 0.203815,
        "nauc_recall_at_100_diff1": -0.020361,
        "nauc_recall_at_1000_max": 0.24403,
        "nauc_recall_at_1000_std": 0.190919,
        "nauc_recall_at_1000_diff1": 0.333833,
        "nauc_precision_at_1_max": -0.017243,
        "nauc_precision_at_1_std": -0.187114,
        "nauc_precision_at_1_diff1": 0.08545,
        "nauc_precision_at_3_max": 0.111475,
        "nauc_precision_at_3_std": -0.036295,
        "nauc_precision_at_3_diff1": 0.105725,
        "nauc_precision_at_5_max": 0.161666,
        "nauc_precision_at_5_std": 0.006546,
        "nauc_precision_at_5_diff1": 0.069797,
        "nauc_precision_at_10_max": 0.198573,
        "nauc_precision_at_10_std": 0.081177,
        "nauc_precision_at_10_diff1": 0.0364,
        "nauc_precision_at_20_max": 0.168707,
        "nauc_precision_at_20_std": 0.088805,
        "nauc_precision_at_20_diff1": 0.001767,
        "nauc_precision_at_100_max": 0.228331,
        "nauc_precision_at_100_std": 0.203815,
        "nauc_precision_at_100_diff1": -0.020361,
        "nauc_precision_at_1000_max": 0.24403,
        "nauc_precision_at_1000_std": 0.190919,
        "nauc_precision_at_1000_diff1": 0.333833,
        "nauc_mrr_at_1_max": -0.017243,
        "nauc_mrr_at_1_std": -0.187114,
        "nauc_mrr_at_1_diff1": 0.08545,
        "nauc_mrr_at_3_max": 0.041582,
        "nauc_mrr_at_3_std": -0.119495,
        "nauc_mrr_at_3_diff1": 0.089284,
        "nauc_mrr_at_5_max": 0.058363,
        "nauc_mrr_at_5_std": -0.106427,
        "nauc_mrr_at_5_diff1": 0.081048,
        "nauc_mrr_at_10_max": 0.066759,
        "nauc_mrr_at_10_std": -0.089419,
        "nauc_mrr_at_10_diff1": 0.073477,
        "nauc_mrr_at_20_max": 0.067796,
        "nauc_mrr_at_20_std": -0.083921,
        "nauc_mrr_at_20_diff1": 0.069641,
        "nauc_mrr_at_100_max": 0.071522,
        "nauc_mrr_at_100_std": -0.076307,
        "nauc_mrr_at_100_diff1": 0.069418,
        "nauc_mrr_at_1000_max": 0.0712,
        "nauc_mrr_at_1000_std": -0.077003,
        "nauc_mrr_at_1000_diff1": 0.070698,
        "main_score": 0.10071,
        "hf_subset": "default",
        "languages": [
          "tur-Latn"
        ]
      }
    ]
  },
  "evaluation_time": 106.05505990982056,
  "kg_co2_emissions": null
}