{
  "dataset_revision": "main",
  "task_name": "QuoraRetrievalTR",
  "mteb_version": "1.31.3",
  "scores": {
    "test": [
      {
        "ndcg_at_1": 0.86334,
        "ndcg_at_3": 0.91504,
        "ndcg_at_5": 0.92182,
        "ndcg_at_10": 0.92685,
        "ndcg_at_20": 0.92894,
        "ndcg_at_100": 0.93058,
        "ndcg_at_1000": 0.93079,
        "map_at_1": 0.86334,
        "map_at_3": 0.90304,
        "map_at_5": 0.9068,
        "map_at_10": 0.90891,
        "map_at_20": 0.90948,
        "map_at_100": 0.90972,
        "map_at_1000": 0.90973,
        "recall_at_1": 0.86334,
        "recall_at_3": 0.94951,
        "recall_at_5": 0.96597,
        "recall_at_10": 0.98134,
        "recall_at_20": 0.98957,
        "recall_at_100": 0.99835,
        "recall_at_1000": 1.0,
        "precision_at_1": 0.86334,
        "precision_at_3": 0.3165,
        "precision_at_5": 0.19319,
        "precision_at_10": 0.09813,
        "precision_at_20": 0.04948,
        "precision_at_100": 0.00998,
        "precision_at_1000": 0.001,
        "mrr_at_1": 0.863337,
        "mrr_at_3": 0.903037,
        "mrr_at_5": 0.906797,
        "mrr_at_10": 0.90891,
        "mrr_at_20": 0.909483,
        "mrr_at_100": 0.909717,
        "mrr_at_1000": 0.909725,
        "nauc_ndcg_at_1_max": 0.484298,
        "nauc_ndcg_at_1_std": -0.395833,
        "nauc_ndcg_at_1_diff1": 0.873598,
        "nauc_ndcg_at_3_max": 0.539815,
        "nauc_ndcg_at_3_std": -0.41768,
        "nauc_ndcg_at_3_diff1": 0.867408,
        "nauc_ndcg_at_5_max": 0.539994,
        "nauc_ndcg_at_5_std": -0.435506,
        "nauc_ndcg_at_5_diff1": 0.86884,
        "nauc_ndcg_at_10_max": 0.526443,
        "nauc_ndcg_at_10_std": -0.440744,
        "nauc_ndcg_at_10_diff1": 0.86762,
        "nauc_ndcg_at_20_max": 0.528442,
        "nauc_ndcg_at_20_std": -0.430345,
        "nauc_ndcg_at_20_diff1": 0.869646,
        "nauc_ndcg_at_100_max": 0.523359,
        "nauc_ndcg_at_100_std": -0.421858,
        "nauc_ndcg_at_100_diff1": 0.868913,
        "nauc_ndcg_at_1000_max": 0.522594,
        "nauc_ndcg_at_1000_std": -0.421061,
        "nauc_ndcg_at_1000_diff1": 0.869023,
        "nauc_map_at_1_max": 0.484298,
        "nauc_map_at_1_std": -0.395833,
        "nauc_map_at_1_diff1": 0.873598,
        "nauc_map_at_3_max": 0.523171,
        "nauc_map_at_3_std": -0.41006,
        "nauc_map_at_3_diff1": 0.86878,
        "nauc_map_at_5_max": 0.522493,
        "nauc_map_at_5_std": -0.418018,
        "nauc_map_at_5_diff1": 0.869309,
        "nauc_map_at_10_max": 0.51725,
        "nauc_map_at_10_std": -0.419049,
        "nauc_map_at_10_diff1": 0.868757,
        "nauc_map_at_20_max": 0.517924,
        "nauc_map_at_20_std": -0.416526,
        "nauc_map_at_20_diff1": 0.86932,
        "nauc_map_at_100_max": 0.517368,
        "nauc_map_at_100_std": -0.415338,
        "nauc_map_at_100_diff1": 0.869289,
        "nauc_map_at_1000_max": 0.517339,
        "nauc_map_at_1000_std": -0.415353,
        "nauc_map_at_1000_diff1": 0.869285,
        "nauc_recall_at_1_max": 0.484298,
        "nauc_recall_at_1_std": -0.395833,
        "nauc_recall_at_1_diff1": 0.873598,
        "nauc_recall_at_3_max": 0.628201,
        "nauc_recall_at_3_std": -0.459069,
        "nauc_recall_at_3_diff1": 0.860541,
        "nauc_recall_at_5_max": 0.672741,
        "nauc_recall_at_5_std": -0.576821,
        "nauc_recall_at_5_diff1": 0.867204,
        "nauc_recall_at_10_max": 0.629868,
        "nauc_recall_at_10_std": -0.762298,
        "nauc_recall_at_10_diff1": 0.85524,
        "nauc_recall_at_20_max": 0.745251,
        "nauc_recall_at_20_std": -0.750896,
        "nauc_recall_at_20_diff1": 0.891409,
        "nauc_recall_at_100_max": 0.758812,
        "nauc_recall_at_100_std": -0.7796,
        "nauc_recall_at_100_diff1": 0.807819,
        "nauc_recall_at_1000_max": NaN,
        "nauc_recall_at_1000_std": NaN,
        "nauc_recall_at_1000_diff1": NaN,
        "nauc_precision_at_1_max": 0.484298,
        "nauc_precision_at_1_std": -0.395833,
        "nauc_precision_at_1_diff1": 0.873598,
        "nauc_precision_at_3_max": 0.628201,
        "nauc_precision_at_3_std": -0.459069,
        "nauc_precision_at_3_diff1": 0.860541,
        "nauc_precision_at_5_max": 0.672741,
        "nauc_precision_at_5_std": -0.576821,
        "nauc_precision_at_5_diff1": 0.867204,
        "nauc_precision_at_10_max": 0.629868,
        "nauc_precision_at_10_std": -0.762298,
        "nauc_precision_at_10_diff1": 0.85524,
        "nauc_precision_at_20_max": 0.745251,
        "nauc_precision_at_20_std": -0.750896,
        "nauc_precision_at_20_diff1": 0.891409,
        "nauc_precision_at_100_max": 0.758812,
        "nauc_precision_at_100_std": -0.7796,
        "nauc_precision_at_100_diff1": 0.807819,
        "nauc_precision_at_1000_max": 1.0,
        "nauc_precision_at_1000_std": 1.0,
        "nauc_precision_at_1000_diff1": 1.0,
        "nauc_mrr_at_1_max": 0.484298,
        "nauc_mrr_at_1_std": -0.395833,
        "nauc_mrr_at_1_diff1": 0.873598,
        "nauc_mrr_at_3_max": 0.523171,
        "nauc_mrr_at_3_std": -0.41006,
        "nauc_mrr_at_3_diff1": 0.86878,
        "nauc_mrr_at_5_max": 0.522493,
        "nauc_mrr_at_5_std": -0.418018,
        "nauc_mrr_at_5_diff1": 0.869309,
        "nauc_mrr_at_10_max": 0.51725,
        "nauc_mrr_at_10_std": -0.419049,
        "nauc_mrr_at_10_diff1": 0.868757,
        "nauc_mrr_at_20_max": 0.517924,
        "nauc_mrr_at_20_std": -0.416526,
        "nauc_mrr_at_20_diff1": 0.86932,
        "nauc_mrr_at_100_max": 0.517368,
        "nauc_mrr_at_100_std": -0.415338,
        "nauc_mrr_at_100_diff1": 0.869289,
        "nauc_mrr_at_1000_max": 0.517339,
        "nauc_mrr_at_1000_std": -0.415353,
        "nauc_mrr_at_1000_diff1": 0.869285,
        "main_score": 0.92685,
        "hf_subset": "default",
        "languages": [
          "tur-Latn"
        ]
      }
    ]
  },
  "evaluation_time": 29.261126279830933,
  "kg_co2_emissions": null
}