{
  "dataset_revision": "main",
  "task_name": "SCIDOCSTR",
  "mteb_version": "1.31.3",
  "scores": {
    "test": [
      {
        "ndcg_at_1": 0.01561,
        "ndcg_at_3": 0.02402,
        "ndcg_at_5": 0.02676,
        "ndcg_at_10": 0.03159,
        "ndcg_at_20": 0.03394,
        "ndcg_at_100": 0.04594,
        "ndcg_at_1000": 0.09385,
        "map_at_1": 0.01561,
        "map_at_3": 0.02192,
        "map_at_5": 0.02343,
        "map_at_10": 0.02551,
        "map_at_20": 0.0262,
        "map_at_100": 0.02773,
        "map_at_1000": 0.02892,
        "recall_at_1": 0.01561,
        "recall_at_3": 0.0301,
        "recall_at_5": 0.03679,
        "recall_at_10": 0.05128,
        "recall_at_20": 0.0602,
        "recall_at_100": 0.12709,
        "recall_at_1000": 0.54181,
        "precision_at_1": 0.01561,
        "precision_at_3": 0.01003,
        "precision_at_5": 0.00736,
        "precision_at_10": 0.00513,
        "precision_at_20": 0.00301,
        "precision_at_100": 0.00127,
        "precision_at_1000": 0.00054,
        "mrr_at_1": 0.015608,
        "mrr_at_3": 0.021925,
        "mrr_at_5": 0.02343,
        "mrr_at_10": 0.02551,
        "mrr_at_20": 0.026203,
        "mrr_at_100": 0.027732,
        "mrr_at_1000": 0.028918,
        "nauc_ndcg_at_1_max": 0.12717,
        "nauc_ndcg_at_1_std": 0.226667,
        "nauc_ndcg_at_1_diff1": 0.172712,
        "nauc_ndcg_at_3_max": 0.223087,
        "nauc_ndcg_at_3_std": 0.200158,
        "nauc_ndcg_at_3_diff1": 0.149708,
        "nauc_ndcg_at_5_max": 0.183962,
        "nauc_ndcg_at_5_std": 0.194452,
        "nauc_ndcg_at_5_diff1": 0.097699,
        "nauc_ndcg_at_10_max": 0.163084,
        "nauc_ndcg_at_10_std": 0.158271,
        "nauc_ndcg_at_10_diff1": 0.095401,
        "nauc_ndcg_at_20_max": 0.141069,
        "nauc_ndcg_at_20_std": 0.147821,
        "nauc_ndcg_at_20_diff1": 0.079232,
        "nauc_ndcg_at_100_max": 0.100302,
        "nauc_ndcg_at_100_std": 0.094255,
        "nauc_ndcg_at_100_diff1": 0.035368,
        "nauc_ndcg_at_1000_max": 0.054293,
        "nauc_ndcg_at_1000_std": 0.072426,
        "nauc_ndcg_at_1000_diff1": 0.009237,
        "nauc_map_at_1_max": 0.12717,
        "nauc_map_at_1_std": 0.226667,
        "nauc_map_at_1_diff1": 0.172712,
        "nauc_map_at_3_max": 0.210949,
        "nauc_map_at_3_std": 0.209298,
        "nauc_map_at_3_diff1": 0.15296,
        "nauc_map_at_5_max": 0.187144,
        "nauc_map_at_5_std": 0.204916,
        "nauc_map_at_5_diff1": 0.119795,
        "nauc_map_at_10_max": 0.174269,
        "nauc_map_at_10_std": 0.186635,
        "nauc_map_at_10_diff1": 0.114265,
        "nauc_map_at_20_max": 0.165714,
        "nauc_map_at_20_std": 0.181821,
        "nauc_map_at_20_diff1": 0.107666,
        "nauc_map_at_100_max": 0.156913,
        "nauc_map_at_100_std": 0.170732,
        "nauc_map_at_100_diff1": 0.097479,
        "nauc_map_at_1000_max": 0.154585,
        "nauc_map_at_1000_std": 0.168181,
        "nauc_map_at_1000_diff1": 0.095606,
        "nauc_recall_at_1_max": 0.12717,
        "nauc_recall_at_1_std": 0.226667,
        "nauc_recall_at_1_diff1": 0.172712,
        "nauc_recall_at_3_max": 0.247301,
        "nauc_recall_at_3_std": 0.179565,
        "nauc_recall_at_3_diff1": 0.143084,
        "nauc_recall_at_5_max": 0.173263,
        "nauc_recall_at_5_std": 0.173705,
        "nauc_recall_at_5_diff1": 0.05245,
        "nauc_recall_at_10_max": 0.141687,
        "nauc_recall_at_10_std": 0.107968,
        "nauc_recall_at_10_diff1": 0.067554,
        "nauc_recall_at_20_max": 0.09715,
        "nauc_recall_at_20_std": 0.093271,
        "nauc_recall_at_20_diff1": 0.036772,
        "nauc_recall_at_100_max": 0.030425,
        "nauc_recall_at_100_std": 0.002442,
        "nauc_recall_at_100_diff1": -0.034674,
        "nauc_recall_at_1000_max": -0.063741,
        "nauc_recall_at_1000_std": -0.013743,
        "nauc_recall_at_1000_diff1": -0.075199,
        "nauc_precision_at_1_max": 0.12717,
        "nauc_precision_at_1_std": 0.226667,
        "nauc_precision_at_1_diff1": 0.172712,
        "nauc_precision_at_3_max": 0.247301,
        "nauc_precision_at_3_std": 0.179565,
        "nauc_precision_at_3_diff1": 0.143084,
        "nauc_precision_at_5_max": 0.173263,
        "nauc_precision_at_5_std": 0.173705,
        "nauc_precision_at_5_diff1": 0.05245,
        "nauc_precision_at_10_max": 0.141687,
        "nauc_precision_at_10_std": 0.107968,
        "nauc_precision_at_10_diff1": 0.067554,
        "nauc_precision_at_20_max": 0.09715,
        "nauc_precision_at_20_std": 0.093271,
        "nauc_precision_at_20_diff1": 0.036772,
        "nauc_precision_at_100_max": 0.030425,
        "nauc_precision_at_100_std": 0.002442,
        "nauc_precision_at_100_diff1": -0.034674,
        "nauc_precision_at_1000_max": -0.063741,
        "nauc_precision_at_1000_std": -0.013743,
        "nauc_precision_at_1000_diff1": -0.075199,
        "nauc_mrr_at_1_max": 0.12717,
        "nauc_mrr_at_1_std": 0.226667,
        "nauc_mrr_at_1_diff1": 0.172712,
        "nauc_mrr_at_3_max": 0.210949,
        "nauc_mrr_at_3_std": 0.209298,
        "nauc_mrr_at_3_diff1": 0.15296,
        "nauc_mrr_at_5_max": 0.187144,
        "nauc_mrr_at_5_std": 0.204916,
        "nauc_mrr_at_5_diff1": 0.119795,
        "nauc_mrr_at_10_max": 0.174269,
        "nauc_mrr_at_10_std": 0.186635,
        "nauc_mrr_at_10_diff1": 0.114265,
        "nauc_mrr_at_20_max": 0.165714,
        "nauc_mrr_at_20_std": 0.181821,
        "nauc_mrr_at_20_diff1": 0.107666,
        "nauc_mrr_at_100_max": 0.156913,
        "nauc_mrr_at_100_std": 0.170732,
        "nauc_mrr_at_100_diff1": 0.097479,
        "nauc_mrr_at_1000_max": 0.154582,
        "nauc_mrr_at_1000_std": 0.168181,
        "nauc_mrr_at_1000_diff1": 0.095606,
        "main_score": 0.03159,
        "hf_subset": "default",
        "languages": [
          "tur-Latn"
        ]
      }
    ]
  },
  "evaluation_time": 102.14819693565369,
  "kg_co2_emissions": null
}