{
  "dataset_revision": "main",
  "task_name": "SciFactTR",
  "mteb_version": "1.31.3",
  "scores": {
    "test": [
      {
        "ndcg_at_1": 0.64333,
        "ndcg_at_3": 0.73694,
        "ndcg_at_5": 0.75701,
        "ndcg_at_10": 0.7729,
        "ndcg_at_20": 0.78189,
        "ndcg_at_100": 0.79066,
        "ndcg_at_1000": 0.79305,
        "map_at_1": 0.64333,
        "map_at_3": 0.715,
        "map_at_5": 0.72583,
        "map_at_10": 0.73222,
        "map_at_20": 0.73455,
        "map_at_100": 0.73578,
        "map_at_1000": 0.73592,
        "recall_at_1": 0.64333,
        "recall_at_3": 0.8,
        "recall_at_5": 0.85,
        "recall_at_10": 0.9,
        "recall_at_20": 0.93667,
        "recall_at_100": 0.98333,
        "recall_at_1000": 1.0,
        "precision_at_1": 0.64333,
        "precision_at_3": 0.26667,
        "precision_at_5": 0.17,
        "precision_at_10": 0.09,
        "precision_at_20": 0.04683,
        "precision_at_100": 0.00983,
        "precision_at_1000": 0.001,
        "mrr_at_1": 0.643333,
        "mrr_at_3": 0.715,
        "mrr_at_5": 0.725833,
        "mrr_at_10": 0.732224,
        "mrr_at_20": 0.734546,
        "mrr_at_100": 0.735784,
        "mrr_at_1000": 0.735921,
        "nauc_ndcg_at_1_max": 0.471702,
        "nauc_ndcg_at_1_std": -0.074078,
        "nauc_ndcg_at_1_diff1": 0.810861,
        "nauc_ndcg_at_3_max": 0.522845,
        "nauc_ndcg_at_3_std": -0.10206,
        "nauc_ndcg_at_3_diff1": 0.776984,
        "nauc_ndcg_at_5_max": 0.516557,
        "nauc_ndcg_at_5_std": -0.110191,
        "nauc_ndcg_at_5_diff1": 0.775823,
        "nauc_ndcg_at_10_max": 0.51639,
        "nauc_ndcg_at_10_std": -0.110681,
        "nauc_ndcg_at_10_diff1": 0.77326,
        "nauc_ndcg_at_20_max": 0.532153,
        "nauc_ndcg_at_20_std": -0.066231,
        "nauc_ndcg_at_20_diff1": 0.775766,
        "nauc_ndcg_at_100_max": 0.517776,
        "nauc_ndcg_at_100_std": -0.07822,
        "nauc_ndcg_at_100_diff1": 0.776848,
        "nauc_ndcg_at_1000_max": 0.515663,
        "nauc_ndcg_at_1000_std": -0.084569,
        "nauc_ndcg_at_1000_diff1": 0.78054,
        "nauc_map_at_1_max": 0.471702,
        "nauc_map_at_1_std": -0.074078,
        "nauc_map_at_1_diff1": 0.810861,
        "nauc_map_at_3_max": 0.510226,
        "nauc_map_at_3_std": -0.094094,
        "nauc_map_at_3_diff1": 0.785253,
        "nauc_map_at_5_max": 0.506571,
        "nauc_map_at_5_std": -0.097463,
        "nauc_map_at_5_diff1": 0.785037,
        "nauc_map_at_10_max": 0.506685,
        "nauc_map_at_10_std": -0.096568,
        "nauc_map_at_10_diff1": 0.784513,
        "nauc_map_at_20_max": 0.509957,
        "nauc_map_at_20_std": -0.086325,
        "nauc_map_at_20_diff1": 0.784998,
        "nauc_map_at_100_max": 0.508419,
        "nauc_map_at_100_std": -0.087482,
        "nauc_map_at_100_diff1": 0.78514,
        "nauc_map_at_1000_max": 0.508335,
        "nauc_map_at_1000_std": -0.087727,
        "nauc_map_at_1000_diff1": 0.785328,
        "nauc_recall_at_1_max": 0.471702,
        "nauc_recall_at_1_std": -0.074078,
        "nauc_recall_at_1_diff1": 0.810861,
        "nauc_recall_at_3_max": 0.569164,
        "nauc_recall_at_3_std": -0.131968,
        "nauc_recall_at_3_diff1": 0.746687,
        "nauc_recall_at_5_max": 0.560657,
        "nauc_recall_at_5_std": -0.172741,
        "nauc_recall_at_5_diff1": 0.733127,
        "nauc_recall_at_10_max": 0.573343,
        "nauc_recall_at_10_std": -0.212761,
        "nauc_recall_at_10_diff1": 0.696716,
        "nauc_recall_at_20_max": 0.798196,
        "nauc_recall_at_20_std": 0.253723,
        "nauc_recall_at_20_diff1": 0.687479,
        "nauc_recall_at_100_max": 0.6831,
        "nauc_recall_at_100_std": 0.415126,
        "nauc_recall_at_100_diff1": 0.509897,
        "nauc_recall_at_1000_max": NaN,
        "nauc_recall_at_1000_std": NaN,
        "nauc_recall_at_1000_diff1": NaN,
        "nauc_precision_at_1_max": 0.471702,
        "nauc_precision_at_1_std": -0.074078,
        "nauc_precision_at_1_diff1": 0.810861,
        "nauc_precision_at_3_max": 0.569164,
        "nauc_precision_at_3_std": -0.131968,
        "nauc_precision_at_3_diff1": 0.746687,
        "nauc_precision_at_5_max": 0.560657,
        "nauc_precision_at_5_std": -0.172741,
        "nauc_precision_at_5_diff1": 0.733127,
        "nauc_precision_at_10_max": 0.573343,
        "nauc_precision_at_10_std": -0.212761,
        "nauc_precision_at_10_diff1": 0.696716,
        "nauc_precision_at_20_max": 0.798196,
        "nauc_precision_at_20_std": 0.253723,
        "nauc_precision_at_20_diff1": 0.687479,
        "nauc_precision_at_100_max": 0.6831,
        "nauc_precision_at_100_std": 0.415126,
        "nauc_precision_at_100_diff1": 0.509897,
        "nauc_precision_at_1000_max": 1.0,
        "nauc_precision_at_1000_std": 1.0,
        "nauc_precision_at_1000_diff1": 1.0,
        "nauc_mrr_at_1_max": 0.471702,
        "nauc_mrr_at_1_std": -0.074078,
        "nauc_mrr_at_1_diff1": 0.810861,
        "nauc_mrr_at_3_max": 0.510226,
        "nauc_mrr_at_3_std": -0.094094,
        "nauc_mrr_at_3_diff1": 0.785253,
        "nauc_mrr_at_5_max": 0.506571,
        "nauc_mrr_at_5_std": -0.097463,
        "nauc_mrr_at_5_diff1": 0.785037,
        "nauc_mrr_at_10_max": 0.506685,
        "nauc_mrr_at_10_std": -0.096568,
        "nauc_mrr_at_10_diff1": 0.784513,
        "nauc_mrr_at_20_max": 0.509957,
        "nauc_mrr_at_20_std": -0.086325,
        "nauc_mrr_at_20_diff1": 0.784998,
        "nauc_mrr_at_100_max": 0.508419,
        "nauc_mrr_at_100_std": -0.087482,
        "nauc_mrr_at_100_diff1": 0.78514,
        "nauc_mrr_at_1000_max": 0.508335,
        "nauc_mrr_at_1000_std": -0.087727,
        "nauc_mrr_at_1000_diff1": 0.785328,
        "main_score": 0.7729,
        "hf_subset": "default",
        "languages": [
          "tur-Latn"
        ]
      }
    ]
  },
  "evaluation_time": 23.158533096313477,
  "kg_co2_emissions": null
}