{
  "dataset_revision": "main",
  "task_name": "SquadTRRetrieval",
  "mteb_version": "1.31.3",
  "scores": {
    "test": [
      {
        "ndcg_at_1": 0.53576,
        "ndcg_at_3": 0.64074,
        "ndcg_at_5": 0.66876,
        "ndcg_at_10": 0.69248,
        "ndcg_at_20": 0.7054,
        "ndcg_at_100": 0.71847,
        "ndcg_at_1000": 0.72171,
        "map_at_1": 0.53576,
        "map_at_3": 0.61517,
        "map_at_5": 0.63075,
        "map_at_10": 0.64068,
        "map_at_20": 0.64424,
        "map_at_100": 0.64615,
        "map_at_1000": 0.64628,
        "recall_at_1": 0.53576,
        "recall_at_3": 0.71463,
        "recall_at_5": 0.78254,
        "recall_at_10": 0.85514,
        "recall_at_20": 0.90616,
        "recall_at_100": 0.97503,
        "recall_at_1000": 0.99988,
        "precision_at_1": 0.53576,
        "precision_at_3": 0.23821,
        "precision_at_5": 0.15651,
        "precision_at_10": 0.08551,
        "precision_at_20": 0.04531,
        "precision_at_100": 0.00975,
        "precision_at_1000": 0.001,
        "mrr_at_1": 0.535762,
        "mrr_at_3": 0.615165,
        "mrr_at_5": 0.630748,
        "mrr_at_10": 0.640681,
        "mrr_at_20": 0.644236,
        "mrr_at_100": 0.64615,
        "mrr_at_1000": 0.646283,
        "nauc_ndcg_at_1_max": 0.379728,
        "nauc_ndcg_at_1_std": 0.017534,
        "nauc_ndcg_at_1_diff1": 0.644678,
        "nauc_ndcg_at_3_max": 0.427338,
        "nauc_ndcg_at_3_std": 0.049708,
        "nauc_ndcg_at_3_diff1": 0.599871,
        "nauc_ndcg_at_5_max": 0.437878,
        "nauc_ndcg_at_5_std": 0.062425,
        "nauc_ndcg_at_5_diff1": 0.5956,
        "nauc_ndcg_at_10_max": 0.447361,
        "nauc_ndcg_at_10_std": 0.073847,
        "nauc_ndcg_at_10_diff1": 0.599884,
        "nauc_ndcg_at_20_max": 0.449428,
        "nauc_ndcg_at_20_std": 0.082382,
        "nauc_ndcg_at_20_diff1": 0.599701,
        "nauc_ndcg_at_100_max": 0.438553,
        "nauc_ndcg_at_100_std": 0.070205,
        "nauc_ndcg_at_100_diff1": 0.60669,
        "nauc_ndcg_at_1000_max": 0.432975,
        "nauc_ndcg_at_1000_std": 0.063299,
        "nauc_ndcg_at_1000_diff1": 0.607507,
        "nauc_map_at_1_max": 0.379728,
        "nauc_map_at_1_std": 0.017534,
        "nauc_map_at_1_diff1": 0.644678,
        "nauc_map_at_3_max": 0.415016,
        "nauc_map_at_3_std": 0.041061,
        "nauc_map_at_3_diff1": 0.611855,
        "nauc_map_at_5_max": 0.419944,
        "nauc_map_at_5_std": 0.047146,
        "nauc_map_at_5_diff1": 0.610244,
        "nauc_map_at_10_max": 0.422812,
        "nauc_map_at_10_std": 0.050935,
        "nauc_map_at_10_diff1": 0.612019,
        "nauc_map_at_20_max": 0.423161,
        "nauc_map_at_20_std": 0.052898,
        "nauc_map_at_20_diff1": 0.612133,
        "nauc_map_at_100_max": 0.421874,
        "nauc_map_at_100_std": 0.051491,
        "nauc_map_at_100_diff1": 0.613014,
        "nauc_map_at_1000_max": 0.42169,
        "nauc_map_at_1000_std": 0.051277,
        "nauc_map_at_1000_diff1": 0.613039,
        "nauc_recall_at_1_max": 0.379728,
        "nauc_recall_at_1_std": 0.017534,
        "nauc_recall_at_1_diff1": 0.644678,
        "nauc_recall_at_3_max": 0.469799,
        "nauc_recall_at_3_std": 0.079668,
        "nauc_recall_at_3_diff1": 0.558376,
        "nauc_recall_at_5_max": 0.514285,
        "nauc_recall_at_5_std": 0.12875,
        "nauc_recall_at_5_diff1": 0.533704,
        "nauc_recall_at_10_max": 0.599996,
        "nauc_recall_at_10_std": 0.219218,
        "nauc_recall_at_10_diff1": 0.532431,
        "nauc_recall_at_20_max": 0.690674,
        "nauc_recall_at_20_std": 0.368407,
        "nauc_recall_at_20_diff1": 0.497738,
        "nauc_recall_at_100_max": 0.818588,
        "nauc_recall_at_100_std": 0.547909,
        "nauc_recall_at_100_diff1": 0.549652,
        "nauc_recall_at_1000_max": 0.869283,
        "nauc_recall_at_1000_std": 0.55417,
        "nauc_recall_at_1000_diff1": 0.55417,
        "nauc_precision_at_1_max": 0.379728,
        "nauc_precision_at_1_std": 0.017534,
        "nauc_precision_at_1_diff1": 0.644678,
        "nauc_precision_at_3_max": 0.469799,
        "nauc_precision_at_3_std": 0.079668,
        "nauc_precision_at_3_diff1": 0.558376,
        "nauc_precision_at_5_max": 0.514285,
        "nauc_precision_at_5_std": 0.12875,
        "nauc_precision_at_5_diff1": 0.533704,
        "nauc_precision_at_10_max": 0.599996,
        "nauc_precision_at_10_std": 0.219218,
        "nauc_precision_at_10_diff1": 0.532431,
        "nauc_precision_at_20_max": 0.690674,
        "nauc_precision_at_20_std": 0.368407,
        "nauc_precision_at_20_diff1": 0.497738,
        "nauc_precision_at_100_max": 0.818588,
        "nauc_precision_at_100_std": 0.547909,
        "nauc_precision_at_100_diff1": 0.549652,
        "nauc_precision_at_1000_max": 0.869283,
        "nauc_precision_at_1000_std": 0.55417,
        "nauc_precision_at_1000_diff1": 0.55417,
        "nauc_mrr_at_1_max": 0.379728,
        "nauc_mrr_at_1_std": 0.017534,
        "nauc_mrr_at_1_diff1": 0.644678,
        "nauc_mrr_at_3_max": 0.415016,
        "nauc_mrr_at_3_std": 0.041061,
        "nauc_mrr_at_3_diff1": 0.611855,
        "nauc_mrr_at_5_max": 0.419944,
        "nauc_mrr_at_5_std": 0.047146,
        "nauc_mrr_at_5_diff1": 0.610244,
        "nauc_mrr_at_10_max": 0.422812,
        "nauc_mrr_at_10_std": 0.050935,
        "nauc_mrr_at_10_diff1": 0.612019,
        "nauc_mrr_at_20_max": 0.423161,
        "nauc_mrr_at_20_std": 0.052898,
        "nauc_mrr_at_20_diff1": 0.612133,
        "nauc_mrr_at_100_max": 0.421874,
        "nauc_mrr_at_100_std": 0.051491,
        "nauc_mrr_at_100_diff1": 0.613014,
        "nauc_mrr_at_1000_max": 0.42169,
        "nauc_mrr_at_1000_std": 0.051277,
        "nauc_mrr_at_1000_diff1": 0.613039,
        "main_score": 0.69248,
        "hf_subset": "default",
        "languages": [
          "tur-Latn"
        ]
      }
    ]
  },
  "evaluation_time": 113.83479595184326,
  "kg_co2_emissions": null
}