{
  "dataset_revision": "main",
  "task_name": "TQuadRetrieval",
  "mteb_version": "1.31.3",
  "scores": {
    "test": [
      {
        "ndcg_at_1": 0.72534,
        "ndcg_at_3": 0.82943,
        "ndcg_at_5": 0.85042,
        "ndcg_at_10": 0.85972,
        "ndcg_at_20": 0.86181,
        "ndcg_at_100": 0.86357,
        "ndcg_at_1000": 0.86372,
        "map_at_1": 0.72534,
        "map_at_3": 0.80381,
        "map_at_5": 0.81558,
        "map_at_10": 0.81956,
        "map_at_20": 0.82019,
        "map_at_100": 0.82047,
        "map_at_1000": 0.82047,
        "recall_at_1": 0.72534,
        "recall_at_3": 0.90359,
        "recall_at_5": 0.95404,
        "recall_at_10": 0.98206,
        "recall_at_20": 0.98991,
        "recall_at_100": 0.99888,
        "recall_at_1000": 1.0,
        "precision_at_1": 0.72534,
        "precision_at_3": 0.3012,
        "precision_at_5": 0.19081,
        "precision_at_10": 0.09821,
        "precision_at_20": 0.0495,
        "precision_at_100": 0.00999,
        "precision_at_1000": 0.001,
        "mrr_at_1": 0.724215,
        "mrr_at_3": 0.803251,
        "mrr_at_5": 0.815247,
        "mrr_at_10": 0.819034,
        "mrr_at_20": 0.819669,
        "mrr_at_100": 0.819944,
        "mrr_at_1000": 0.81995,
        "nauc_ndcg_at_1_max": 0.292715,
        "nauc_ndcg_at_1_std": -0.078954,
        "nauc_ndcg_at_1_diff1": 0.678385,
        "nauc_ndcg_at_3_max": 0.343494,
        "nauc_ndcg_at_3_std": -0.052374,
        "nauc_ndcg_at_3_diff1": 0.651656,
        "nauc_ndcg_at_5_max": 0.339201,
        "nauc_ndcg_at_5_std": -0.059631,
        "nauc_ndcg_at_5_diff1": 0.664336,
        "nauc_ndcg_at_10_max": 0.344636,
        "nauc_ndcg_at_10_std": -0.053716,
        "nauc_ndcg_at_10_diff1": 0.668691,
        "nauc_ndcg_at_20_max": 0.340054,
        "nauc_ndcg_at_20_std": -0.050929,
        "nauc_ndcg_at_20_diff1": 0.668628,
        "nauc_ndcg_at_100_max": 0.331767,
        "nauc_ndcg_at_100_std": -0.058756,
        "nauc_ndcg_at_100_diff1": 0.667533,
        "nauc_ndcg_at_1000_max": 0.330962,
        "nauc_ndcg_at_1000_std": -0.060031,
        "nauc_ndcg_at_1000_diff1": 0.667467,
        "nauc_map_at_1_max": 0.292715,
        "nauc_map_at_1_std": -0.078954,
        "nauc_map_at_1_diff1": 0.678385,
        "nauc_map_at_3_max": 0.328032,
        "nauc_map_at_3_std": -0.061415,
        "nauc_map_at_3_diff1": 0.659749,
        "nauc_map_at_5_max": 0.325259,
        "nauc_map_at_5_std": -0.06539,
        "nauc_map_at_5_diff1": 0.666291,
        "nauc_map_at_10_max": 0.327187,
        "nauc_map_at_10_std": -0.063646,
        "nauc_map_at_10_diff1": 0.668036,
        "nauc_map_at_20_max": 0.32612,
        "nauc_map_at_20_std": -0.062869,
        "nauc_map_at_20_diff1": 0.667956,
        "nauc_map_at_100_max": 0.325083,
        "nauc_map_at_100_std": -0.063878,
        "nauc_map_at_100_diff1": 0.667845,
        "nauc_map_at_1000_max": 0.325058,
        "nauc_map_at_1000_std": -0.063917,
        "nauc_map_at_1000_diff1": 0.667843,
        "nauc_recall_at_1_max": 0.292715,
        "nauc_recall_at_1_std": -0.078954,
        "nauc_recall_at_1_diff1": 0.678385,
        "nauc_recall_at_3_max": 0.424991,
        "nauc_recall_at_3_std": -0.003947,
        "nauc_recall_at_3_diff1": 0.609034,
        "nauc_recall_at_5_max": 0.479506,
        "nauc_recall_at_5_std": -0.002376,
        "nauc_recall_at_5_diff1": 0.650251,
        "nauc_recall_at_10_max": 0.792752,
        "nauc_recall_at_10_std": 0.21688,
        "nauc_recall_at_10_diff1": 0.709855,
        "nauc_recall_at_20_max": 0.921421,
        "nauc_recall_at_20_std": 0.538303,
        "nauc_recall_at_20_diff1": 0.746095,
        "nauc_recall_at_100_max": 1.0,
        "nauc_recall_at_100_std": 1.0,
        "nauc_recall_at_100_diff1": 0.722337,
        "nauc_recall_at_1000_max": NaN,
        "nauc_recall_at_1000_std": NaN,
        "nauc_recall_at_1000_diff1": NaN,
        "nauc_precision_at_1_max": 0.292715,
        "nauc_precision_at_1_std": -0.078954,
        "nauc_precision_at_1_diff1": 0.678385,
        "nauc_precision_at_3_max": 0.424991,
        "nauc_precision_at_3_std": -0.003947,
        "nauc_precision_at_3_diff1": 0.609034,
        "nauc_precision_at_5_max": 0.479506,
        "nauc_precision_at_5_std": -0.002376,
        "nauc_precision_at_5_diff1": 0.650251,
        "nauc_precision_at_10_max": 0.792752,
        "nauc_precision_at_10_std": 0.21688,
        "nauc_precision_at_10_diff1": 0.709855,
        "nauc_precision_at_20_max": 0.921421,
        "nauc_precision_at_20_std": 0.538303,
        "nauc_precision_at_20_diff1": 0.746095,
        "nauc_precision_at_100_max": 1.0,
        "nauc_precision_at_100_std": 1.0,
        "nauc_precision_at_100_diff1": 0.722337,
        "nauc_precision_at_1000_max": NaN,
        "nauc_precision_at_1000_std": NaN,
        "nauc_precision_at_1000_diff1": NaN,
        "nauc_mrr_at_1_max": 0.289122,
        "nauc_mrr_at_1_std": -0.084037,
        "nauc_mrr_at_1_diff1": 0.680751,
        "nauc_mrr_at_3_max": 0.325518,
        "nauc_mrr_at_3_std": -0.064897,
        "nauc_mrr_at_3_diff1": 0.661395,
        "nauc_mrr_at_5_max": 0.321661,
        "nauc_mrr_at_5_std": -0.069949,
        "nauc_mrr_at_5_diff1": 0.667766,
        "nauc_mrr_at_10_max": 0.324277,
        "nauc_mrr_at_10_std": -0.067603,
        "nauc_mrr_at_10_diff1": 0.669774,
        "nauc_mrr_at_20_max": 0.3232,
        "nauc_mrr_at_20_std": -0.066844,
        "nauc_mrr_at_20_diff1": 0.669701,
        "nauc_mrr_at_100_max": 0.322161,
        "nauc_mrr_at_100_std": -0.067857,
        "nauc_mrr_at_100_diff1": 0.669594,
        "nauc_mrr_at_1000_max": 0.322136,
        "nauc_mrr_at_1000_std": -0.067896,
        "nauc_mrr_at_1000_diff1": 0.669592,
        "main_score": 0.85972,
        "hf_subset": "default",
        "languages": [
          "tur-Latn"
        ]
      }
    ]
  },
  "evaluation_time": 21.73709011077881,
  "kg_co2_emissions": null
}