{
  "dataset_revision": "51adfef1c1287aab1d2d91b5bead9bcfb9c68583",
  "task_name": "XQuADRetrieval",
  "mteb_version": "1.31.3",
  "scores": {
    "validation": [
      {
        "ndcg_at_1": 0.84797,
        "ndcg_at_3": 0.90167,
        "ndcg_at_5": 0.91178,
        "ndcg_at_10": 0.91757,
        "ndcg_at_20": 0.91954,
        "ndcg_at_100": 0.92137,
        "ndcg_at_1000": 0.92173,
        "map_at_1": 0.84797,
        "map_at_3": 0.88894,
        "map_at_5": 0.89455,
        "map_at_10": 0.89697,
        "map_at_20": 0.89754,
        "map_at_100": 0.89784,
        "map_at_1000": 0.89786,
        "recall_at_1": 0.84797,
        "recall_at_3": 0.93834,
        "recall_at_5": 0.96284,
        "recall_at_10": 0.98057,
        "recall_at_20": 0.98818,
        "recall_at_100": 0.99747,
        "recall_at_1000": 1.0,
        "precision_at_1": 0.84797,
        "precision_at_3": 0.31278,
        "precision_at_5": 0.19257,
        "precision_at_10": 0.09806,
        "precision_at_20": 0.04941,
        "precision_at_100": 0.00997,
        "precision_at_1000": 0.001,
        "mrr_at_1": 0.847973,
        "mrr_at_3": 0.888936,
        "mrr_at_5": 0.894552,
        "mrr_at_10": 0.896974,
        "mrr_at_20": 0.897539,
        "mrr_at_100": 0.897839,
        "mrr_at_1000": 0.897859,
        "nauc_ndcg_at_1_max": 0.674986,
        "nauc_ndcg_at_1_std": 0.161263,
        "nauc_ndcg_at_1_diff1": 0.868452,
        "nauc_ndcg_at_3_max": 0.728351,
        "nauc_ndcg_at_3_std": 0.227184,
        "nauc_ndcg_at_3_diff1": 0.859462,
        "nauc_ndcg_at_5_max": 0.74617,
        "nauc_ndcg_at_5_std": 0.251775,
        "nauc_ndcg_at_5_diff1": 0.867789,
        "nauc_ndcg_at_10_max": 0.732401,
        "nauc_ndcg_at_10_std": 0.249512,
        "nauc_ndcg_at_10_diff1": 0.866126,
        "nauc_ndcg_at_20_max": 0.727143,
        "nauc_ndcg_at_20_std": 0.238728,
        "nauc_ndcg_at_20_diff1": 0.867525,
        "nauc_ndcg_at_100_max": 0.720555,
        "nauc_ndcg_at_100_std": 0.224912,
        "nauc_ndcg_at_100_diff1": 0.865761,
        "nauc_ndcg_at_1000_max": 0.719437,
        "nauc_ndcg_at_1000_std": 0.223125,
        "nauc_ndcg_at_1000_diff1": 0.865777,
        "nauc_map_at_1_max": 0.674986,
        "nauc_map_at_1_std": 0.161263,
        "nauc_map_at_1_diff1": 0.868452,
        "nauc_map_at_3_max": 0.713099,
        "nauc_map_at_3_std": 0.209664,
        "nauc_map_at_3_diff1": 0.862141,
        "nauc_map_at_5_max": 0.720422,
        "nauc_map_at_5_std": 0.219916,
        "nauc_map_at_5_diff1": 0.865996,
        "nauc_map_at_10_max": 0.715178,
        "nauc_map_at_10_std": 0.217818,
        "nauc_map_at_10_diff1": 0.865473,
        "nauc_map_at_20_max": 0.713907,
        "nauc_map_at_20_std": 0.215226,
        "nauc_map_at_20_diff1": 0.865778,
        "nauc_map_at_100_max": 0.713036,
        "nauc_map_at_100_std": 0.213384,
        "nauc_map_at_100_diff1": 0.865549,
        "nauc_map_at_1000_max": 0.712989,
        "nauc_map_at_1000_std": 0.213314,
        "nauc_map_at_1000_diff1": 0.865551,
        "nauc_recall_at_1_max": 0.674986,
        "nauc_recall_at_1_std": 0.161263,
        "nauc_recall_at_1_diff1": 0.868452,
        "nauc_recall_at_3_max": 0.803675,
        "nauc_recall_at_3_std": 0.312626,
        "nauc_recall_at_3_diff1": 0.84614,
        "nauc_recall_at_5_max": 0.954707,
        "nauc_recall_at_5_std": 0.509408,
        "nauc_recall_at_5_diff1": 0.88596,
        "nauc_recall_at_10_max": 0.971593,
        "nauc_recall_at_10_std": 0.731108,
        "nauc_recall_at_10_diff1": 0.879556,
        "nauc_recall_at_20_max": 0.990666,
        "nauc_recall_at_20_std": 0.764669,
        "nauc_recall_at_20_diff1": 0.924159,
        "nauc_recall_at_100_max": 0.956443,
        "nauc_recall_at_100_std": 0.60962,
        "nauc_recall_at_100_diff1": 0.863857,
        "nauc_recall_at_1000_max": NaN,
        "nauc_recall_at_1000_std": NaN,
        "nauc_recall_at_1000_diff1": NaN,
        "nauc_precision_at_1_max": 0.674986,
        "nauc_precision_at_1_std": 0.161263,
        "nauc_precision_at_1_diff1": 0.868452,
        "nauc_precision_at_3_max": 0.803675,
        "nauc_precision_at_3_std": 0.312626,
        "nauc_precision_at_3_diff1": 0.84614,
        "nauc_precision_at_5_max": 0.954707,
        "nauc_precision_at_5_std": 0.509408,
        "nauc_precision_at_5_diff1": 0.88596,
        "nauc_precision_at_10_max": 0.971593,
        "nauc_precision_at_10_std": 0.731108,
        "nauc_precision_at_10_diff1": 0.879556,
        "nauc_precision_at_20_max": 0.990666,
        "nauc_precision_at_20_std": 0.764669,
        "nauc_precision_at_20_diff1": 0.924159,
        "nauc_precision_at_100_max": 0.956443,
        "nauc_precision_at_100_std": 0.60962,
        "nauc_precision_at_100_diff1": 0.863857,
        "nauc_precision_at_1000_max": 1.0,
        "nauc_precision_at_1000_std": 1.0,
        "nauc_precision_at_1000_diff1": 1.0,
        "nauc_mrr_at_1_max": 0.674986,
        "nauc_mrr_at_1_std": 0.161263,
        "nauc_mrr_at_1_diff1": 0.868452,
        "nauc_mrr_at_3_max": 0.713099,
        "nauc_mrr_at_3_std": 0.209664,
        "nauc_mrr_at_3_diff1": 0.862141,
        "nauc_mrr_at_5_max": 0.720422,
        "nauc_mrr_at_5_std": 0.219916,
        "nauc_mrr_at_5_diff1": 0.865996,
        "nauc_mrr_at_10_max": 0.715178,
        "nauc_mrr_at_10_std": 0.217818,
        "nauc_mrr_at_10_diff1": 0.865473,
        "nauc_mrr_at_20_max": 0.713907,
        "nauc_mrr_at_20_std": 0.215226,
        "nauc_mrr_at_20_diff1": 0.865778,
        "nauc_mrr_at_100_max": 0.713036,
        "nauc_mrr_at_100_std": 0.213384,
        "nauc_mrr_at_100_diff1": 0.865549,
        "nauc_mrr_at_1000_max": 0.712989,
        "nauc_mrr_at_1000_std": 0.213314,
        "nauc_mrr_at_1000_diff1": 0.865551,
        "main_score": 0.91757,
        "hf_subset": "tr",
        "languages": [
          "tur-Latn"
        ]
      }
    ]
  },
  "evaluation_time": 19.133975982666016,
  "kg_co2_emissions": null
}