{
  "dataset_revision": "main",
  "task_name": "ArguAnaTR",
  "mteb_version": "1.31.3",
  "scores": {
    "test": [
      {
        "ndcg_at_1": 0.01707,
        "ndcg_at_3": 0.02502,
        "ndcg_at_5": 0.02933,
        "ndcg_at_10": 0.03528,
        "ndcg_at_20": 0.03968,
        "ndcg_at_100": 0.05637,
        "ndcg_at_1000": 0.0931,
        "map_at_1": 0.01707,
        "map_at_3": 0.02288,
        "map_at_5": 0.02523,
        "map_at_10": 0.02766,
        "map_at_20": 0.02891,
        "map_at_100": 0.03104,
        "map_at_1000": 0.03203,
        "recall_at_1": 0.01707,
        "recall_at_3": 0.03129,
        "recall_at_5": 0.04196,
        "recall_at_10": 0.06046,
        "recall_at_20": 0.07752,
        "recall_at_100": 0.16999,
        "recall_at_1000": 0.48293,
        "precision_at_1": 0.01707,
        "precision_at_3": 0.01043,
        "precision_at_5": 0.00839,
        "precision_at_10": 0.00605,
        "precision_at_20": 0.00388,
        "precision_at_100": 0.0017,
        "precision_at_1000": 0.00048,
        "mrr_at_1": 0.017781,
        "mrr_at_3": 0.023115,
        "mrr_at_5": 0.025462,
        "mrr_at_10": 0.027895,
        "mrr_at_20": 0.029145,
        "mrr_at_100": 0.031276,
        "mrr_at_1000": 0.032259,
        "nauc_ndcg_at_1_max": 0.272716,
        "nauc_ndcg_at_1_std": 0.22223,
        "nauc_ndcg_at_1_diff1": 0.285814,
        "nauc_ndcg_at_3_max": 0.222042,
        "nauc_ndcg_at_3_std": 0.273801,
        "nauc_ndcg_at_3_diff1": 0.254169,
        "nauc_ndcg_at_5_max": 0.210046,
        "nauc_ndcg_at_5_std": 0.254657,
        "nauc_ndcg_at_5_diff1": 0.20091,
        "nauc_ndcg_at_10_max": 0.177916,
        "nauc_ndcg_at_10_std": 0.234848,
        "nauc_ndcg_at_10_diff1": 0.174306,
        "nauc_ndcg_at_20_max": 0.149853,
        "nauc_ndcg_at_20_std": 0.250852,
        "nauc_ndcg_at_20_diff1": 0.160779,
        "nauc_ndcg_at_100_max": 0.138114,
        "nauc_ndcg_at_100_std": 0.238194,
        "nauc_ndcg_at_100_diff1": 0.136456,
        "nauc_ndcg_at_1000_max": 0.12164,
        "nauc_ndcg_at_1000_std": 0.231562,
        "nauc_ndcg_at_1000_diff1": 0.138994,
        "nauc_map_at_1_max": 0.272716,
        "nauc_map_at_1_std": 0.22223,
        "nauc_map_at_1_diff1": 0.285814,
        "nauc_map_at_3_max": 0.233057,
        "nauc_map_at_3_std": 0.260483,
        "nauc_map_at_3_diff1": 0.260263,
        "nauc_map_at_5_max": 0.2246,
        "nauc_map_at_5_std": 0.249944,
        "nauc_map_at_5_diff1": 0.22654,
        "nauc_map_at_10_max": 0.206684,
        "nauc_map_at_10_std": 0.241962,
        "nauc_map_at_10_diff1": 0.210196,
        "nauc_map_at_20_max": 0.194941,
        "nauc_map_at_20_std": 0.247516,
        "nauc_map_at_20_diff1": 0.203699,
        "nauc_map_at_100_max": 0.189744,
        "nauc_map_at_100_std": 0.242108,
        "nauc_map_at_100_diff1": 0.194542,
        "nauc_map_at_1000_max": 0.187594,
        "nauc_map_at_1000_std": 0.241931,
        "nauc_map_at_1000_diff1": 0.193115,
        "nauc_recall_at_1_max": 0.272716,
        "nauc_recall_at_1_std": 0.22223,
        "nauc_recall_at_1_diff1": 0.285814,
        "nauc_recall_at_3_max": 0.198231,
        "nauc_recall_at_3_std": 0.303117,
        "nauc_recall_at_3_diff1": 0.241192,
        "nauc_recall_at_5_max": 0.183154,
        "nauc_recall_at_5_std": 0.261739,
        "nauc_recall_at_5_diff1": 0.151082,
        "nauc_recall_at_10_max": 0.132623,
        "nauc_recall_at_10_std": 0.218967,
        "nauc_recall_at_10_diff1": 0.118588,
        "nauc_recall_at_20_max": 0.085659,
        "nauc_recall_at_20_std": 0.255267,
        "nauc_recall_at_20_diff1": 0.103074,
        "nauc_recall_at_100_max": 0.093177,
        "nauc_recall_at_100_std": 0.236696,
        "nauc_recall_at_100_diff1": 0.086914,
        "nauc_recall_at_1000_max": 0.069694,
        "nauc_recall_at_1000_std": 0.217884,
        "nauc_recall_at_1000_diff1": 0.115172,
        "nauc_precision_at_1_max": 0.272716,
        "nauc_precision_at_1_std": 0.22223,
        "nauc_precision_at_1_diff1": 0.285814,
        "nauc_precision_at_3_max": 0.198231,
        "nauc_precision_at_3_std": 0.303117,
        "nauc_precision_at_3_diff1": 0.241192,
        "nauc_precision_at_5_max": 0.183154,
        "nauc_precision_at_5_std": 0.261739,
        "nauc_precision_at_5_diff1": 0.151082,
        "nauc_precision_at_10_max": 0.132623,
        "nauc_precision_at_10_std": 0.218967,
        "nauc_precision_at_10_diff1": 0.118588,
        "nauc_precision_at_20_max": 0.085659,
        "nauc_precision_at_20_std": 0.255267,
        "nauc_precision_at_20_diff1": 0.103074,
        "nauc_precision_at_100_max": 0.093177,
        "nauc_precision_at_100_std": 0.236696,
        "nauc_precision_at_100_diff1": 0.086914,
        "nauc_precision_at_1000_max": 0.069694,
        "nauc_precision_at_1000_std": 0.217884,
        "nauc_precision_at_1000_diff1": 0.115172,
        "nauc_mrr_at_1_max": 0.274771,
        "nauc_mrr_at_1_std": 0.205102,
        "nauc_mrr_at_1_diff1": 0.251376,
        "nauc_mrr_at_3_max": 0.230525,
        "nauc_mrr_at_3_std": 0.255699,
        "nauc_mrr_at_3_diff1": 0.243617,
        "nauc_mrr_at_5_max": 0.222379,
        "nauc_mrr_at_5_std": 0.245699,
        "nauc_mrr_at_5_diff1": 0.211742,
        "nauc_mrr_at_10_max": 0.204809,
        "nauc_mrr_at_10_std": 0.238155,
        "nauc_mrr_at_10_diff1": 0.196828,
        "nauc_mrr_at_20_max": 0.193222,
        "nauc_mrr_at_20_std": 0.243815,
        "nauc_mrr_at_20_diff1": 0.191067,
        "nauc_mrr_at_100_max": 0.188146,
        "nauc_mrr_at_100_std": 0.238651,
        "nauc_mrr_at_100_diff1": 0.182656,
        "nauc_mrr_at_1000_max": 0.186027,
        "nauc_mrr_at_1000_std": 0.23851,
        "nauc_mrr_at_1000_diff1": 0.181359,
        "main_score": 0.03528,
        "hf_subset": "default",
        "languages": [
          "tur-Latn"
        ]
      }
    ]
  },
  "evaluation_time": 234.69681191444397,
  "kg_co2_emissions": null
}