{
  "dataset_revision": "main",
  "task_name": "CQADupstackGamingRetrievalTR",
  "mteb_version": "1.31.3",
  "scores": {
    "test": [
      {
        "ndcg_at_1": 0.03644,
        "ndcg_at_3": 0.05248,
        "ndcg_at_5": 0.05887,
        "ndcg_at_10": 0.07037,
        "ndcg_at_20": 0.07965,
        "ndcg_at_100": 0.10425,
        "ndcg_at_1000": 0.15913,
        "map_at_1": 0.03644,
        "map_at_3": 0.04847,
        "map_at_5": 0.05201,
        "map_at_10": 0.05685,
        "map_at_20": 0.05944,
        "map_at_100": 0.06258,
        "map_at_1000": 0.06408,
        "recall_at_1": 0.03644,
        "recall_at_3": 0.0641,
        "recall_at_5": 0.07962,
        "recall_at_10": 0.11471,
        "recall_at_20": 0.15115,
        "recall_at_100": 0.28745,
        "recall_at_1000": 0.75304,
        "precision_at_1": 0.03644,
        "precision_at_3": 0.02137,
        "precision_at_5": 0.01592,
        "precision_at_10": 0.01147,
        "precision_at_20": 0.00756,
        "precision_at_100": 0.00287,
        "precision_at_1000": 0.00075,
        "mrr_at_1": 0.036437,
        "mrr_at_3": 0.048471,
        "mrr_at_5": 0.052013,
        "mrr_at_10": 0.056855,
        "mrr_at_20": 0.059437,
        "mrr_at_100": 0.062579,
        "mrr_at_1000": 0.064076,
        "nauc_ndcg_at_1_max": 0.182379,
        "nauc_ndcg_at_1_std": -0.055575,
        "nauc_ndcg_at_1_diff1": 0.429092,
        "nauc_ndcg_at_3_max": 0.124408,
        "nauc_ndcg_at_3_std": 0.038482,
        "nauc_ndcg_at_3_diff1": 0.274208,
        "nauc_ndcg_at_5_max": 0.091529,
        "nauc_ndcg_at_5_std": 0.047232,
        "nauc_ndcg_at_5_diff1": 0.243351,
        "nauc_ndcg_at_10_max": 0.08082,
        "nauc_ndcg_at_10_std": 0.061056,
        "nauc_ndcg_at_10_diff1": 0.198895,
        "nauc_ndcg_at_20_max": 0.080029,
        "nauc_ndcg_at_20_std": 0.058594,
        "nauc_ndcg_at_20_diff1": 0.180414,
        "nauc_ndcg_at_100_max": 0.08422,
        "nauc_ndcg_at_100_std": 0.075717,
        "nauc_ndcg_at_100_diff1": 0.159409,
        "nauc_ndcg_at_1000_max": 0.072653,
        "nauc_ndcg_at_1000_std": 0.081623,
        "nauc_ndcg_at_1000_diff1": 0.168913,
        "nauc_map_at_1_max": 0.182379,
        "nauc_map_at_1_std": -0.055575,
        "nauc_map_at_1_diff1": 0.429092,
        "nauc_map_at_3_max": 0.138086,
        "nauc_map_at_3_std": 0.019832,
        "nauc_map_at_3_diff1": 0.303503,
        "nauc_map_at_5_max": 0.116935,
        "nauc_map_at_5_std": 0.02584,
        "nauc_map_at_5_diff1": 0.282363,
        "nauc_map_at_10_max": 0.107998,
        "nauc_map_at_10_std": 0.035056,
        "nauc_map_at_10_diff1": 0.256853,
        "nauc_map_at_20_max": 0.106437,
        "nauc_map_at_20_std": 0.035022,
        "nauc_map_at_20_diff1": 0.248684,
        "nauc_map_at_100_max": 0.106918,
        "nauc_map_at_100_std": 0.038178,
        "nauc_map_at_100_diff1": 0.242241,
        "nauc_map_at_1000_max": 0.106245,
        "nauc_map_at_1000_std": 0.038245,
        "nauc_map_at_1000_diff1": 0.241975,
        "nauc_recall_at_1_max": 0.182379,
        "nauc_recall_at_1_std": -0.055575,
        "nauc_recall_at_1_diff1": 0.429092,
        "nauc_recall_at_3_max": 0.09357,
        "nauc_recall_at_3_std": 0.079677,
        "nauc_recall_at_3_diff1": 0.209903,
        "nauc_recall_at_5_max": 0.039403,
        "nauc_recall_at_5_std": 0.089403,
        "nauc_recall_at_5_diff1": 0.166417,
        "nauc_recall_at_10_max": 0.0372,
        "nauc_recall_at_10_std": 0.1029,
        "nauc_recall_at_10_diff1": 0.101416,
        "nauc_recall_at_20_max": 0.044716,
        "nauc_recall_at_20_std": 0.089668,
        "nauc_recall_at_20_diff1": 0.077726,
        "nauc_recall_at_100_max": 0.064311,
        "nauc_recall_at_100_std": 0.124966,
        "nauc_recall_at_100_diff1": 0.061203,
        "nauc_recall_at_1000_max": -0.002681,
        "nauc_recall_at_1000_std": 0.184151,
        "nauc_recall_at_1000_diff1": 0.079387,
        "nauc_precision_at_1_max": 0.182379,
        "nauc_precision_at_1_std": -0.055575,
        "nauc_precision_at_1_diff1": 0.429092,
        "nauc_precision_at_3_max": 0.09357,
        "nauc_precision_at_3_std": 0.079677,
        "nauc_precision_at_3_diff1": 0.209903,
        "nauc_precision_at_5_max": 0.039403,
        "nauc_precision_at_5_std": 0.089403,
        "nauc_precision_at_5_diff1": 0.166417,
        "nauc_precision_at_10_max": 0.0372,
        "nauc_precision_at_10_std": 0.1029,
        "nauc_precision_at_10_diff1": 0.101416,
        "nauc_precision_at_20_max": 0.044716,
        "nauc_precision_at_20_std": 0.089668,
        "nauc_precision_at_20_diff1": 0.077726,
        "nauc_precision_at_100_max": 0.064311,
        "nauc_precision_at_100_std": 0.124966,
        "nauc_precision_at_100_diff1": 0.061203,
        "nauc_precision_at_1000_max": -0.002681,
        "nauc_precision_at_1000_std": 0.184151,
        "nauc_precision_at_1000_diff1": 0.079387,
        "nauc_mrr_at_1_max": 0.182379,
        "nauc_mrr_at_1_std": -0.055575,
        "nauc_mrr_at_1_diff1": 0.429092,
        "nauc_mrr_at_3_max": 0.138086,
        "nauc_mrr_at_3_std": 0.019832,
        "nauc_mrr_at_3_diff1": 0.303503,
        "nauc_mrr_at_5_max": 0.116935,
        "nauc_mrr_at_5_std": 0.02584,
        "nauc_mrr_at_5_diff1": 0.282363,
        "nauc_mrr_at_10_max": 0.107998,
        "nauc_mrr_at_10_std": 0.035056,
        "nauc_mrr_at_10_diff1": 0.256853,
        "nauc_mrr_at_20_max": 0.106437,
        "nauc_mrr_at_20_std": 0.035022,
        "nauc_mrr_at_20_diff1": 0.248684,
        "nauc_mrr_at_100_max": 0.106918,
        "nauc_mrr_at_100_std": 0.038178,
        "nauc_mrr_at_100_diff1": 0.242241,
        "nauc_mrr_at_1000_max": 0.106245,
        "nauc_mrr_at_1000_std": 0.038245,
        "nauc_mrr_at_1000_diff1": 0.241975,
        "main_score": 0.07037,
        "hf_subset": "default",
        "languages": [
          "tur-Latn"
        ]
      }
    ]
  },
  "evaluation_time": 38.16801166534424,
  "kg_co2_emissions": null
}