{
  "dataset_revision": "main",
  "task_name": "FiQA2018TR",
  "mteb_version": "1.31.3",
  "scores": {
    "test": [
      {
        "ndcg_at_1": 0.00926,
        "ndcg_at_3": 0.01721,
        "ndcg_at_5": 0.0204,
        "ndcg_at_10": 0.02776,
        "ndcg_at_20": 0.03458,
        "ndcg_at_100": 0.05585,
        "ndcg_at_1000": 0.1275,
        "map_at_1": 0.00926,
        "map_at_3": 0.01517,
        "map_at_5": 0.01695,
        "map_at_10": 0.01991,
        "map_at_20": 0.02168,
        "map_at_100": 0.02424,
        "map_at_1000": 0.02618,
        "recall_at_1": 0.00926,
        "recall_at_3": 0.02315,
        "recall_at_5": 0.03086,
        "recall_at_10": 0.05401,
        "recall_at_20": 0.08179,
        "recall_at_100": 0.20216,
        "recall_at_1000": 0.81173,
        "precision_at_1": 0.00926,
        "precision_at_3": 0.00772,
        "precision_at_5": 0.00617,
        "precision_at_10": 0.0054,
        "precision_at_20": 0.00409,
        "precision_at_100": 0.00202,
        "precision_at_1000": 0.00081,
        "mrr_at_1": 0.009259,
        "mrr_at_3": 0.015175,
        "mrr_at_5": 0.01695,
        "mrr_at_10": 0.019911,
        "mrr_at_20": 0.021683,
        "mrr_at_100": 0.024241,
        "mrr_at_1000": 0.02618,
        "nauc_ndcg_at_1_max": 0.429169,
        "nauc_ndcg_at_1_std": 0.122829,
        "nauc_ndcg_at_1_diff1": 0.222452,
        "nauc_ndcg_at_3_max": 0.198378,
        "nauc_ndcg_at_3_std": 0.268626,
        "nauc_ndcg_at_3_diff1": 0.160769,
        "nauc_ndcg_at_5_max": 0.239584,
        "nauc_ndcg_at_5_std": 0.223977,
        "nauc_ndcg_at_5_diff1": 0.124435,
        "nauc_ndcg_at_10_max": 0.160987,
        "nauc_ndcg_at_10_std": 0.215293,
        "nauc_ndcg_at_10_diff1": 0.09633,
        "nauc_ndcg_at_20_max": 0.128314,
        "nauc_ndcg_at_20_std": 0.198099,
        "nauc_ndcg_at_20_diff1": 0.097452,
        "nauc_ndcg_at_100_max": 0.055124,
        "nauc_ndcg_at_100_std": 0.183383,
        "nauc_ndcg_at_100_diff1": 0.081621,
        "nauc_ndcg_at_1000_max": 0.074146,
        "nauc_ndcg_at_1000_std": 0.149319,
        "nauc_ndcg_at_1000_diff1": 0.043122,
        "nauc_map_at_1_max": 0.429169,
        "nauc_map_at_1_std": 0.122829,
        "nauc_map_at_1_diff1": 0.222452,
        "nauc_map_at_3_max": 0.234134,
        "nauc_map_at_3_std": 0.246224,
        "nauc_map_at_3_diff1": 0.17199,
        "nauc_map_at_5_max": 0.25635,
        "nauc_map_at_5_std": 0.218561,
        "nauc_map_at_5_diff1": 0.147424,
        "nauc_map_at_10_max": 0.211526,
        "nauc_map_at_10_std": 0.214134,
        "nauc_map_at_10_diff1": 0.123482,
        "nauc_map_at_20_max": 0.19478,
        "nauc_map_at_20_std": 0.207043,
        "nauc_map_at_20_diff1": 0.120457,
        "nauc_map_at_100_max": 0.168701,
        "nauc_map_at_100_std": 0.203329,
        "nauc_map_at_100_diff1": 0.113193,
        "nauc_map_at_1000_max": 0.168708,
        "nauc_map_at_1000_std": 0.200273,
        "nauc_map_at_1000_diff1": 0.11119,
        "nauc_recall_at_1_max": 0.429169,
        "nauc_recall_at_1_std": 0.122829,
        "nauc_recall_at_1_diff1": 0.222452,
        "nauc_recall_at_3_max": 0.13025,
        "nauc_recall_at_3_std": 0.311261,
        "nauc_recall_at_3_diff1": 0.13896,
        "nauc_recall_at_5_max": 0.216965,
        "nauc_recall_at_5_std": 0.22937,
        "nauc_recall_at_5_diff1": 0.084104,
        "nauc_recall_at_10_max": 0.096081,
        "nauc_recall_at_10_std": 0.213565,
        "nauc_recall_at_10_diff1": 0.065278,
        "nauc_recall_at_20_max": 0.060085,
        "nauc_recall_at_20_std": 0.184483,
        "nauc_recall_at_20_diff1": 0.079989,
        "nauc_recall_at_100_max": -0.02409,
        "nauc_recall_at_100_std": 0.165068,
        "nauc_recall_at_100_diff1": 0.065907,
        "nauc_recall_at_1000_max": -0.003406,
        "nauc_recall_at_1000_std": 0.044874,
        "nauc_recall_at_1000_diff1": -0.083355,
        "nauc_precision_at_1_max": 0.429169,
        "nauc_precision_at_1_std": 0.122829,
        "nauc_precision_at_1_diff1": 0.222452,
        "nauc_precision_at_3_max": 0.13025,
        "nauc_precision_at_3_std": 0.311261,
        "nauc_precision_at_3_diff1": 0.13896,
        "nauc_precision_at_5_max": 0.216965,
        "nauc_precision_at_5_std": 0.22937,
        "nauc_precision_at_5_diff1": 0.084104,
        "nauc_precision_at_10_max": 0.096081,
        "nauc_precision_at_10_std": 0.213565,
        "nauc_precision_at_10_diff1": 0.065278,
        "nauc_precision_at_20_max": 0.060085,
        "nauc_precision_at_20_std": 0.184483,
        "nauc_precision_at_20_diff1": 0.079989,
        "nauc_precision_at_100_max": -0.02409,
        "nauc_precision_at_100_std": 0.165068,
        "nauc_precision_at_100_diff1": 0.065907,
        "nauc_precision_at_1000_max": -0.003406,
        "nauc_precision_at_1000_std": 0.044874,
        "nauc_precision_at_1000_diff1": -0.083355,
        "nauc_mrr_at_1_max": 0.429169,
        "nauc_mrr_at_1_std": 0.122829,
        "nauc_mrr_at_1_diff1": 0.222452,
        "nauc_mrr_at_3_max": 0.234134,
        "nauc_mrr_at_3_std": 0.246224,
        "nauc_mrr_at_3_diff1": 0.17199,
        "nauc_mrr_at_5_max": 0.25635,
        "nauc_mrr_at_5_std": 0.218561,
        "nauc_mrr_at_5_diff1": 0.147424,
        "nauc_mrr_at_10_max": 0.211526,
        "nauc_mrr_at_10_std": 0.214134,
        "nauc_mrr_at_10_diff1": 0.123482,
        "nauc_mrr_at_20_max": 0.19478,
        "nauc_mrr_at_20_std": 0.207043,
        "nauc_mrr_at_20_diff1": 0.120457,
        "nauc_mrr_at_100_max": 0.168701,
        "nauc_mrr_at_100_std": 0.203329,
        "nauc_mrr_at_100_diff1": 0.113193,
        "nauc_mrr_at_1000_max": 0.168708,
        "nauc_mrr_at_1000_std": 0.200273,
        "nauc_mrr_at_1000_diff1": 0.11119,
        "main_score": 0.02776,
        "hf_subset": "default",
        "languages": [
          "tur-Latn"
        ]
      }
    ]
  },
  "evaluation_time": 45.88508915901184,
  "kg_co2_emissions": null
}