{
  "dataset_revision": "main",
  "task_name": "MSMarcoTRRetrieval",
  "mteb_version": "1.31.3",
  "scores": {
    "test": [
      {
        "ndcg_at_1": 0.02934,
        "ndcg_at_3": 0.04256,
        "ndcg_at_5": 0.04992,
        "ndcg_at_10": 0.06126,
        "ndcg_at_20": 0.07022,
        "ndcg_at_100": 0.09702,
        "ndcg_at_1000": 0.13293,
        "map_at_1": 0.02934,
        "map_at_3": 0.0392,
        "map_at_5": 0.04324,
        "map_at_10": 0.04789,
        "map_at_20": 0.05031,
        "map_at_100": 0.05378,
        "map_at_1000": 0.05488,
        "recall_at_1": 0.02934,
        "recall_at_3": 0.05232,
        "recall_at_5": 0.07042,
        "recall_at_10": 0.10562,
        "recall_at_20": 0.14132,
        "recall_at_100": 0.28949,
        "recall_at_1000": 0.58631,
        "precision_at_1": 0.02934,
        "precision_at_3": 0.01744,
        "precision_at_5": 0.01408,
        "precision_at_10": 0.01056,
        "precision_at_20": 0.00707,
        "precision_at_100": 0.00289,
        "precision_at_1000": 0.00059,
        "mrr_at_1": 0.02934,
        "mrr_at_3": 0.039201,
        "mrr_at_5": 0.043236,
        "mrr_at_10": 0.047889,
        "mrr_at_20": 0.050309,
        "mrr_at_100": 0.053778,
        "mrr_at_1000": 0.054879,
        "nauc_ndcg_at_1_max": -0.026067,
        "nauc_ndcg_at_1_std": 0.12204,
        "nauc_ndcg_at_1_diff1": 0.287407,
        "nauc_ndcg_at_3_max": 0.042935,
        "nauc_ndcg_at_3_std": 0.161836,
        "nauc_ndcg_at_3_diff1": 0.203133,
        "nauc_ndcg_at_5_max": 0.028712,
        "nauc_ndcg_at_5_std": 0.140507,
        "nauc_ndcg_at_5_diff1": 0.160206,
        "nauc_ndcg_at_10_max": 0.035361,
        "nauc_ndcg_at_10_std": 0.157292,
        "nauc_ndcg_at_10_diff1": 0.14288,
        "nauc_ndcg_at_20_max": 0.022748,
        "nauc_ndcg_at_20_std": 0.163472,
        "nauc_ndcg_at_20_diff1": 0.123662,
        "nauc_ndcg_at_100_max": 0.015001,
        "nauc_ndcg_at_100_std": 0.164942,
        "nauc_ndcg_at_100_diff1": 0.122684,
        "nauc_ndcg_at_1000_max": 0.005079,
        "nauc_ndcg_at_1000_std": 0.1154,
        "nauc_ndcg_at_1000_diff1": 0.105056,
        "nauc_map_at_1_max": -0.026067,
        "nauc_map_at_1_std": 0.12204,
        "nauc_map_at_1_diff1": 0.287407,
        "nauc_map_at_3_max": 0.030144,
        "nauc_map_at_3_std": 0.154291,
        "nauc_map_at_3_diff1": 0.219554,
        "nauc_map_at_5_max": 0.022521,
        "nauc_map_at_5_std": 0.142298,
        "nauc_map_at_5_diff1": 0.190301,
        "nauc_map_at_10_max": 0.026568,
        "nauc_map_at_10_std": 0.150527,
        "nauc_map_at_10_diff1": 0.177531,
        "nauc_map_at_20_max": 0.022371,
        "nauc_map_at_20_std": 0.152811,
        "nauc_map_at_20_diff1": 0.169278,
        "nauc_map_at_100_max": 0.020293,
        "nauc_map_at_100_std": 0.153596,
        "nauc_map_at_100_diff1": 0.16697,
        "nauc_map_at_1000_max": 0.019783,
        "nauc_map_at_1000_std": 0.151287,
        "nauc_map_at_1000_diff1": 0.166083,
        "nauc_recall_at_1_max": -0.026067,
        "nauc_recall_at_1_std": 0.12204,
        "nauc_recall_at_1_diff1": 0.287407,
        "nauc_recall_at_3_max": 0.070695,
        "nauc_recall_at_3_std": 0.178263,
        "nauc_recall_at_3_diff1": 0.167253,
        "nauc_recall_at_5_max": 0.038326,
        "nauc_recall_at_5_std": 0.134858,
        "nauc_recall_at_5_diff1": 0.103129,
        "nauc_recall_at_10_max": 0.04734,
        "nauc_recall_at_10_std": 0.16811,
        "nauc_recall_at_10_diff1": 0.092153,
        "nauc_recall_at_20_max": 0.018449,
        "nauc_recall_at_20_std": 0.179571,
        "nauc_recall_at_20_diff1": 0.061797,
        "nauc_recall_at_100_max": 0.004086,
        "nauc_recall_at_100_std": 0.176565,
        "nauc_recall_at_100_diff1": 0.08286,
        "nauc_recall_at_1000_max": -0.031496,
        "nauc_recall_at_1000_std": 0.000514,
        "nauc_recall_at_1000_diff1": 0.018403,
        "nauc_precision_at_1_max": -0.026067,
        "nauc_precision_at_1_std": 0.12204,
        "nauc_precision_at_1_diff1": 0.287407,
        "nauc_precision_at_3_max": 0.070695,
        "nauc_precision_at_3_std": 0.178263,
        "nauc_precision_at_3_diff1": 0.167253,
        "nauc_precision_at_5_max": 0.038326,
        "nauc_precision_at_5_std": 0.134858,
        "nauc_precision_at_5_diff1": 0.103129,
        "nauc_precision_at_10_max": 0.04734,
        "nauc_precision_at_10_std": 0.16811,
        "nauc_precision_at_10_diff1": 0.092153,
        "nauc_precision_at_20_max": 0.018449,
        "nauc_precision_at_20_std": 0.179571,
        "nauc_precision_at_20_diff1": 0.061797,
        "nauc_precision_at_100_max": 0.004086,
        "nauc_precision_at_100_std": 0.176565,
        "nauc_precision_at_100_diff1": 0.08286,
        "nauc_precision_at_1000_max": -0.031496,
        "nauc_precision_at_1000_std": 0.000514,
        "nauc_precision_at_1000_diff1": 0.018403,
        "nauc_mrr_at_1_max": -0.026067,
        "nauc_mrr_at_1_std": 0.12204,
        "nauc_mrr_at_1_diff1": 0.287407,
        "nauc_mrr_at_3_max": 0.030144,
        "nauc_mrr_at_3_std": 0.154291,
        "nauc_mrr_at_3_diff1": 0.219554,
        "nauc_mrr_at_5_max": 0.022521,
        "nauc_mrr_at_5_std": 0.142298,
        "nauc_mrr_at_5_diff1": 0.190301,
        "nauc_mrr_at_10_max": 0.026568,
        "nauc_mrr_at_10_std": 0.150527,
        "nauc_mrr_at_10_diff1": 0.177531,
        "nauc_mrr_at_20_max": 0.022371,
        "nauc_mrr_at_20_std": 0.152811,
        "nauc_mrr_at_20_diff1": 0.169278,
        "nauc_mrr_at_100_max": 0.020293,
        "nauc_mrr_at_100_std": 0.153596,
        "nauc_mrr_at_100_diff1": 0.16697,
        "nauc_mrr_at_1000_max": 0.019783,
        "nauc_mrr_at_1000_std": 0.151287,
        "nauc_mrr_at_1000_diff1": 0.166083,
        "main_score": 0.06126,
        "hf_subset": "default",
        "languages": [
          "tur-Latn"
        ]
      }
    ]
  },
  "evaluation_time": 22.33773398399353,
  "kg_co2_emissions": null
}