{
  "dataset_revision": "main",
  "task_name": "NFCorpusTR",
  "mteb_version": "1.31.3",
  "scores": {
    "test": [
      {
        "ndcg_at_1": 0.0,
        "ndcg_at_3": 0.00248,
        "ndcg_at_5": 0.00248,
        "ndcg_at_10": 0.00507,
        "ndcg_at_20": 0.00606,
        "ndcg_at_100": 0.0208,
        "ndcg_at_1000": 0.08888,
        "map_at_1": 0.0,
        "map_at_3": 0.00197,
        "map_at_5": 0.00197,
        "map_at_10": 0.00306,
        "map_at_20": 0.00332,
        "map_at_100": 0.00491,
        "map_at_1000": 0.00657,
        "recall_at_1": 0.0,
        "recall_at_3": 0.00394,
        "recall_at_5": 0.00394,
        "recall_at_10": 0.01181,
        "recall_at_20": 0.01575,
        "recall_at_100": 0.10236,
        "recall_at_1000": 0.69685,
        "precision_at_1": 0.0,
        "precision_at_3": 0.00131,
        "precision_at_5": 0.00079,
        "precision_at_10": 0.00118,
        "precision_at_20": 0.00079,
        "precision_at_100": 0.00102,
        "precision_at_1000": 0.0007,
        "mrr_at_1": 0.0,
        "mrr_at_3": 0.001969,
        "mrr_at_5": 0.001969,
        "mrr_at_10": 0.003062,
        "mrr_at_20": 0.003325,
        "mrr_at_100": 0.004906,
        "mrr_at_1000": 0.006567,
        "nauc_ndcg_at_1_max": NaN,
        "nauc_ndcg_at_1_std": NaN,
        "nauc_ndcg_at_1_diff1": NaN,
        "nauc_ndcg_at_3_max": 0.322583,
        "nauc_ndcg_at_3_std": -0.497662,
        "nauc_ndcg_at_3_diff1": 0.097543,
        "nauc_ndcg_at_5_max": 0.322583,
        "nauc_ndcg_at_5_std": -0.497662,
        "nauc_ndcg_at_5_diff1": 0.097543,
        "nauc_ndcg_at_10_max": 0.068673,
        "nauc_ndcg_at_10_std": -0.347886,
        "nauc_ndcg_at_10_diff1": -0.18284,
        "nauc_ndcg_at_20_max": 0.109941,
        "nauc_ndcg_at_20_std": -0.302743,
        "nauc_ndcg_at_20_diff1": -0.246147,
        "nauc_ndcg_at_100_max": -0.090288,
        "nauc_ndcg_at_100_std": -0.203811,
        "nauc_ndcg_at_100_diff1": -0.097215,
        "nauc_ndcg_at_1000_max": -0.043792,
        "nauc_ndcg_at_1000_std": -0.097978,
        "nauc_ndcg_at_1000_diff1": -0.051524,
        "nauc_map_at_1_max": NaN,
        "nauc_map_at_1_std": NaN,
        "nauc_map_at_1_diff1": NaN,
        "nauc_map_at_3_max": 0.322583,
        "nauc_map_at_3_std": -0.497662,
        "nauc_map_at_3_diff1": 0.097543,
        "nauc_map_at_5_max": 0.322583,
        "nauc_map_at_5_std": -0.497662,
        "nauc_map_at_5_diff1": 0.097543,
        "nauc_map_at_10_max": 0.157182,
        "nauc_map_at_10_std": -0.397943,
        "nauc_map_at_10_diff1": -0.096976,
        "nauc_map_at_20_max": 0.17024,
        "nauc_map_at_20_std": -0.372063,
        "nauc_map_at_20_diff1": -0.134506,
        "nauc_map_at_100_max": 0.05724,
        "nauc_map_at_100_std": -0.306217,
        "nauc_map_at_100_diff1": -0.118711,
        "nauc_map_at_1000_max": 0.041903,
        "nauc_map_at_1000_std": -0.271794,
        "nauc_map_at_1000_diff1": -0.090941,
        "nauc_recall_at_1_max": NaN,
        "nauc_recall_at_1_std": NaN,
        "nauc_recall_at_1_diff1": NaN,
        "nauc_recall_at_3_max": 0.322583,
        "nauc_recall_at_3_std": -0.497662,
        "nauc_recall_at_3_diff1": 0.097543,
        "nauc_recall_at_5_max": 0.322583,
        "nauc_recall_at_5_std": -0.497662,
        "nauc_recall_at_5_diff1": 0.097543,
        "nauc_recall_at_10_max": -0.025845,
        "nauc_recall_at_10_std": -0.295041,
        "nauc_recall_at_10_diff1": -0.271176,
        "nauc_recall_at_20_max": 0.061262,
        "nauc_recall_at_20_std": -0.238814,
        "nauc_recall_at_20_diff1": -0.346469,
        "nauc_recall_at_100_max": -0.136898,
        "nauc_recall_at_100_std": -0.173084,
        "nauc_recall_at_100_diff1": -0.072906,
        "nauc_recall_at_1000_max": -0.031628,
        "nauc_recall_at_1000_std": -0.033418,
        "nauc_recall_at_1000_diff1": -0.048153,
        "nauc_precision_at_1_max": NaN,
        "nauc_precision_at_1_std": NaN,
        "nauc_precision_at_1_diff1": NaN,
        "nauc_precision_at_3_max": 0.322583,
        "nauc_precision_at_3_std": -0.497662,
        "nauc_precision_at_3_diff1": 0.097543,
        "nauc_precision_at_5_max": 0.322583,
        "nauc_precision_at_5_std": -0.497662,
        "nauc_precision_at_5_diff1": 0.097543,
        "nauc_precision_at_10_max": -0.025845,
        "nauc_precision_at_10_std": -0.295041,
        "nauc_precision_at_10_diff1": -0.271176,
        "nauc_precision_at_20_max": 0.061262,
        "nauc_precision_at_20_std": -0.238814,
        "nauc_precision_at_20_diff1": -0.346469,
        "nauc_precision_at_100_max": -0.136898,
        "nauc_precision_at_100_std": -0.173084,
        "nauc_precision_at_100_diff1": -0.072906,
        "nauc_precision_at_1000_max": -0.031628,
        "nauc_precision_at_1000_std": -0.033418,
        "nauc_precision_at_1000_diff1": -0.048153,
        "nauc_mrr_at_1_max": NaN,
        "nauc_mrr_at_1_std": NaN,
        "nauc_mrr_at_1_diff1": NaN,
        "nauc_mrr_at_3_max": 0.322583,
        "nauc_mrr_at_3_std": -0.497662,
        "nauc_mrr_at_3_diff1": 0.097543,
        "nauc_mrr_at_5_max": 0.322583,
        "nauc_mrr_at_5_std": -0.497662,
        "nauc_mrr_at_5_diff1": 0.097543,
        "nauc_mrr_at_10_max": 0.157182,
        "nauc_mrr_at_10_std": -0.397943,
        "nauc_mrr_at_10_diff1": -0.096976,
        "nauc_mrr_at_20_max": 0.17024,
        "nauc_mrr_at_20_std": -0.372063,
        "nauc_mrr_at_20_diff1": -0.134506,
        "nauc_mrr_at_100_max": 0.05724,
        "nauc_mrr_at_100_std": -0.306217,
        "nauc_mrr_at_100_diff1": -0.118711,
        "nauc_mrr_at_1000_max": 0.041909,
        "nauc_mrr_at_1000_std": -0.271781,
        "nauc_mrr_at_1000_diff1": -0.090927,
        "main_score": 0.00507,
        "hf_subset": "default",
        "languages": [
          "tur-Latn"
        ]
      }
    ]
  },
  "evaluation_time": 57.2590069770813,
  "kg_co2_emissions": null
}