{
  "dataset_revision": "main",
  "task_name": "QuoraRetrievalTR",
  "mteb_version": "1.31.3",
  "scores": {
    "test": [
      {
        "ndcg_at_1": 0.41658,
        "ndcg_at_3": 0.4612,
        "ndcg_at_5": 0.47743,
        "ndcg_at_10": 0.49242,
        "ndcg_at_20": 0.50171,
        "ndcg_at_100": 0.52323,
        "ndcg_at_1000": 0.54823,
        "map_at_1": 0.41658,
        "map_at_3": 0.45042,
        "map_at_5": 0.45939,
        "map_at_10": 0.46553,
        "map_at_20": 0.46808,
        "map_at_100": 0.47084,
        "map_at_1000": 0.47162,
        "recall_at_1": 0.41658,
        "recall_at_3": 0.49232,
        "recall_at_5": 0.53183,
        "recall_at_10": 0.57849,
        "recall_at_20": 0.61526,
        "recall_at_100": 0.73436,
        "recall_at_1000": 0.94072,
        "precision_at_1": 0.41658,
        "precision_at_3": 0.16411,
        "precision_at_5": 0.10637,
        "precision_at_10": 0.05785,
        "precision_at_20": 0.03076,
        "precision_at_100": 0.00734,
        "precision_at_1000": 0.00094,
        "mrr_at_1": 0.416575,
        "mrr_at_3": 0.450421,
        "mrr_at_5": 0.459285,
        "mrr_at_10": 0.465512,
        "mrr_at_20": 0.468057,
        "mrr_at_100": 0.470827,
        "mrr_at_1000": 0.471601,
        "nauc_ndcg_at_1_max": 0.65456,
        "nauc_ndcg_at_1_std": 0.188353,
        "nauc_ndcg_at_1_diff1": 0.814981,
        "nauc_ndcg_at_3_max": 0.651253,
        "nauc_ndcg_at_3_std": 0.201999,
        "nauc_ndcg_at_3_diff1": 0.774648,
        "nauc_ndcg_at_5_max": 0.641258,
        "nauc_ndcg_at_5_std": 0.206823,
        "nauc_ndcg_at_5_diff1": 0.761319,
        "nauc_ndcg_at_10_max": 0.635915,
        "nauc_ndcg_at_10_std": 0.213443,
        "nauc_ndcg_at_10_diff1": 0.755811,
        "nauc_ndcg_at_20_max": 0.632816,
        "nauc_ndcg_at_20_std": 0.214903,
        "nauc_ndcg_at_20_diff1": 0.752327,
        "nauc_ndcg_at_100_max": 0.629715,
        "nauc_ndcg_at_100_std": 0.220925,
        "nauc_ndcg_at_100_diff1": 0.74646,
        "nauc_ndcg_at_1000_max": 0.633365,
        "nauc_ndcg_at_1000_std": 0.218018,
        "nauc_ndcg_at_1000_diff1": 0.754648,
        "nauc_map_at_1_max": 0.65456,
        "nauc_map_at_1_std": 0.188353,
        "nauc_map_at_1_diff1": 0.814981,
        "nauc_map_at_3_max": 0.652467,
        "nauc_map_at_3_std": 0.199283,
        "nauc_map_at_3_diff1": 0.784748,
        "nauc_map_at_5_max": 0.646919,
        "nauc_map_at_5_std": 0.201862,
        "nauc_map_at_5_diff1": 0.777484,
        "nauc_map_at_10_max": 0.644835,
        "nauc_map_at_10_std": 0.204734,
        "nauc_map_at_10_diff1": 0.775443,
        "nauc_map_at_20_max": 0.643999,
        "nauc_map_at_20_std": 0.20501,
        "nauc_map_at_20_diff1": 0.774599,
        "nauc_map_at_100_max": 0.643496,
        "nauc_map_at_100_std": 0.205708,
        "nauc_map_at_100_diff1": 0.773904,
        "nauc_map_at_1000_max": 0.643583,
        "nauc_map_at_1000_std": 0.205711,
        "nauc_map_at_1000_diff1": 0.774102,
        "nauc_recall_at_1_max": 0.65456,
        "nauc_recall_at_1_std": 0.188353,
        "nauc_recall_at_1_diff1": 0.814981,
        "nauc_recall_at_3_max": 0.647528,
        "nauc_recall_at_3_std": 0.209692,
        "nauc_recall_at_3_diff1": 0.744966,
        "nauc_recall_at_5_max": 0.622624,
        "nauc_recall_at_5_std": 0.222286,
        "nauc_recall_at_5_diff1": 0.710551,
        "nauc_recall_at_10_max": 0.603684,
        "nauc_recall_at_10_std": 0.243719,
        "nauc_recall_at_10_diff1": 0.689216,
        "nauc_recall_at_20_max": 0.588667,
        "nauc_recall_at_20_std": 0.252474,
        "nauc_recall_at_20_diff1": 0.670129,
        "nauc_recall_at_100_max": 0.555323,
        "nauc_recall_at_100_std": 0.30991,
        "nauc_recall_at_100_diff1": 0.601927,
        "nauc_recall_at_1000_max": 0.507318,
        "nauc_recall_at_1000_std": 0.410729,
        "nauc_recall_at_1000_diff1": 0.55333,
        "nauc_precision_at_1_max": 0.65456,
        "nauc_precision_at_1_std": 0.188353,
        "nauc_precision_at_1_diff1": 0.814981,
        "nauc_precision_at_3_max": 0.647528,
        "nauc_precision_at_3_std": 0.209692,
        "nauc_precision_at_3_diff1": 0.744966,
        "nauc_precision_at_5_max": 0.622624,
        "nauc_precision_at_5_std": 0.222286,
        "nauc_precision_at_5_diff1": 0.710551,
        "nauc_precision_at_10_max": 0.603684,
        "nauc_precision_at_10_std": 0.243719,
        "nauc_precision_at_10_diff1": 0.689216,
        "nauc_precision_at_20_max": 0.588667,
        "nauc_precision_at_20_std": 0.252474,
        "nauc_precision_at_20_diff1": 0.670129,
        "nauc_precision_at_100_max": 0.555323,
        "nauc_precision_at_100_std": 0.30991,
        "nauc_precision_at_100_diff1": 0.601927,
        "nauc_precision_at_1000_max": 0.507318,
        "nauc_precision_at_1000_std": 0.410729,
        "nauc_precision_at_1000_diff1": 0.55333,
        "nauc_mrr_at_1_max": 0.65456,
        "nauc_mrr_at_1_std": 0.192101,
        "nauc_mrr_at_1_diff1": 0.814981,
        "nauc_mrr_at_3_max": 0.652467,
        "nauc_mrr_at_3_std": 0.20118,
        "nauc_mrr_at_3_diff1": 0.784748,
        "nauc_mrr_at_5_max": 0.646958,
        "nauc_mrr_at_5_std": 0.203788,
        "nauc_mrr_at_5_diff1": 0.777622,
        "nauc_mrr_at_10_max": 0.644842,
        "nauc_mrr_at_10_std": 0.206659,
        "nauc_mrr_at_10_diff1": 0.775466,
        "nauc_mrr_at_20_max": 0.644006,
        "nauc_mrr_at_20_std": 0.206941,
        "nauc_mrr_at_20_diff1": 0.774623,
        "nauc_mrr_at_100_max": 0.643502,
        "nauc_mrr_at_100_std": 0.207648,
        "nauc_mrr_at_100_diff1": 0.773927,
        "nauc_mrr_at_1000_max": 0.643589,
        "nauc_mrr_at_1000_std": 0.207655,
        "nauc_mrr_at_1000_diff1": 0.774125,
        "main_score": 0.49242,
        "hf_subset": "default",
        "languages": [
          "tur-Latn"
        ]
      }
    ]
  },
  "evaluation_time": 20.467058181762695,
  "kg_co2_emissions": null
}