{
  "dataset_revision": "main",
  "task_name": "SCIDOCSTR",
  "mteb_version": "1.31.3",
  "scores": {
    "test": [
      {
        "ndcg_at_1": 0.00111,
        "ndcg_at_3": 0.00238,
        "ndcg_at_5": 0.00238,
        "ndcg_at_10": 0.00273,
        "ndcg_at_20": 0.00388,
        "ndcg_at_100": 0.01499,
        "ndcg_at_1000": 0.0625,
        "map_at_1": 0.00111,
        "map_at_3": 0.00204,
        "map_at_5": 0.00204,
        "map_at_10": 0.00218,
        "map_at_20": 0.00251,
        "map_at_100": 0.00373,
        "map_at_1000": 0.00479,
        "recall_at_1": 0.00111,
        "recall_at_3": 0.00334,
        "recall_at_5": 0.00334,
        "recall_at_10": 0.00446,
        "recall_at_20": 0.00892,
        "recall_at_100": 0.07358,
        "recall_at_1000": 0.49275,
        "precision_at_1": 0.00111,
        "precision_at_3": 0.00111,
        "precision_at_5": 0.00067,
        "precision_at_10": 0.00045,
        "precision_at_20": 0.00045,
        "precision_at_100": 0.00074,
        "precision_at_1000": 0.00049,
        "mrr_at_1": 0.001115,
        "mrr_at_3": 0.002044,
        "mrr_at_5": 0.002044,
        "mrr_at_10": 0.002183,
        "mrr_at_20": 0.002514,
        "mrr_at_100": 0.003735,
        "mrr_at_1000": 0.004786,
        "nauc_ndcg_at_1_max": -0.205896,
        "nauc_ndcg_at_1_std": 0.098285,
        "nauc_ndcg_at_1_diff1": -0.499832,
        "nauc_ndcg_at_3_max": -0.049042,
        "nauc_ndcg_at_3_std": -0.198909,
        "nauc_ndcg_at_3_diff1": -0.049923,
        "nauc_ndcg_at_5_max": -0.049042,
        "nauc_ndcg_at_5_std": -0.198909,
        "nauc_ndcg_at_5_diff1": -0.049923,
        "nauc_ndcg_at_10_max": -0.000955,
        "nauc_ndcg_at_10_std": -0.237713,
        "nauc_ndcg_at_10_diff1": -0.107939,
        "nauc_ndcg_at_20_max": -0.066911,
        "nauc_ndcg_at_20_std": -0.065356,
        "nauc_ndcg_at_20_diff1": -0.096067,
        "nauc_ndcg_at_100_max": -0.010632,
        "nauc_ndcg_at_100_std": 0.006731,
        "nauc_ndcg_at_100_diff1": 0.007972,
        "nauc_ndcg_at_1000_max": 0.016163,
        "nauc_ndcg_at_1000_std": -0.009369,
        "nauc_ndcg_at_1000_diff1": 0.019619,
        "nauc_map_at_1_max": -0.205896,
        "nauc_map_at_1_std": 0.098285,
        "nauc_map_at_1_diff1": -0.499832,
        "nauc_map_at_3_max": -0.061415,
        "nauc_map_at_3_std": -0.161159,
        "nauc_map_at_3_diff1": -0.125308,
        "nauc_map_at_5_max": -0.061415,
        "nauc_map_at_5_std": -0.161159,
        "nauc_map_at_5_diff1": -0.125308,
        "nauc_map_at_10_max": -0.036822,
        "nauc_map_at_10_std": -0.182776,
        "nauc_map_at_10_diff1": -0.149214,
        "nauc_map_at_20_max": -0.064033,
        "nauc_map_at_20_std": -0.122707,
        "nauc_map_at_20_diff1": -0.144844,
        "nauc_map_at_100_max": -0.040095,
        "nauc_map_at_100_std": -0.070122,
        "nauc_map_at_100_diff1": -0.074129,
        "nauc_map_at_1000_max": -0.033609,
        "nauc_map_at_1000_std": -0.062693,
        "nauc_map_at_1000_diff1": -0.061913,
        "nauc_recall_at_1_max": -0.205896,
        "nauc_recall_at_1_std": 0.098285,
        "nauc_recall_at_1_diff1": -0.499832,
        "nauc_recall_at_3_max": -0.029308,
        "nauc_recall_at_3_std": -0.265144,
        "nauc_recall_at_3_diff1": 0.08711,
        "nauc_recall_at_5_max": -0.029308,
        "nauc_recall_at_5_std": -0.265144,
        "nauc_recall_at_5_diff1": 0.08711,
        "nauc_recall_at_10_max": 0.058987,
        "nauc_recall_at_10_std": -0.323816,
        "nauc_recall_at_10_diff1": -0.059626,
        "nauc_recall_at_20_max": -0.076409,
        "nauc_recall_at_20_std": 0.028265,
        "nauc_recall_at_20_diff1": -0.050342,
        "nauc_recall_at_100_max": -0.002821,
        "nauc_recall_at_100_std": 0.029828,
        "nauc_recall_at_100_diff1": 0.025526,
        "nauc_recall_at_1000_max": 0.029738,
        "nauc_recall_at_1000_std": -0.006801,
        "nauc_recall_at_1000_diff1": 0.028999,
        "nauc_precision_at_1_max": -0.205896,
        "nauc_precision_at_1_std": 0.098285,
        "nauc_precision_at_1_diff1": -0.499832,
        "nauc_precision_at_3_max": -0.029308,
        "nauc_precision_at_3_std": -0.265144,
        "nauc_precision_at_3_diff1": 0.08711,
        "nauc_precision_at_5_max": -0.029308,
        "nauc_precision_at_5_std": -0.265144,
        "nauc_precision_at_5_diff1": 0.08711,
        "nauc_precision_at_10_max": 0.058987,
        "nauc_precision_at_10_std": -0.323816,
        "nauc_precision_at_10_diff1": -0.059626,
        "nauc_precision_at_20_max": -0.076409,
        "nauc_precision_at_20_std": 0.028265,
        "nauc_precision_at_20_diff1": -0.050342,
        "nauc_precision_at_100_max": -0.002821,
        "nauc_precision_at_100_std": 0.029828,
        "nauc_precision_at_100_diff1": 0.025526,
        "nauc_precision_at_1000_max": 0.029738,
        "nauc_precision_at_1000_std": -0.006801,
        "nauc_precision_at_1000_diff1": 0.028999,
        "nauc_mrr_at_1_max": -0.205896,
        "nauc_mrr_at_1_std": 0.098285,
        "nauc_mrr_at_1_diff1": -0.499832,
        "nauc_mrr_at_3_max": -0.061415,
        "nauc_mrr_at_3_std": -0.161159,
        "nauc_mrr_at_3_diff1": -0.125308,
        "nauc_mrr_at_5_max": -0.061415,
        "nauc_mrr_at_5_std": -0.161159,
        "nauc_mrr_at_5_diff1": -0.125308,
        "nauc_mrr_at_10_max": -0.036822,
        "nauc_mrr_at_10_std": -0.182776,
        "nauc_mrr_at_10_diff1": -0.149214,
        "nauc_mrr_at_20_max": -0.064033,
        "nauc_mrr_at_20_std": -0.122707,
        "nauc_mrr_at_20_diff1": -0.144844,
        "nauc_mrr_at_100_max": -0.040095,
        "nauc_mrr_at_100_std": -0.070122,
        "nauc_mrr_at_100_diff1": -0.074129,
        "nauc_mrr_at_1000_max": -0.033609,
        "nauc_mrr_at_1000_std": -0.062693,
        "nauc_mrr_at_1000_diff1": -0.061913,
        "main_score": 0.00273,
        "hf_subset": "default",
        "languages": [
          "tur-Latn"
        ]
      }
    ]
  },
  "evaluation_time": 55.00112700462341,
  "kg_co2_emissions": null
}