{
  "dataset_revision": "main",
  "task_name": "SciFactTR",
  "mteb_version": "1.31.3",
  "scores": {
    "test": [
      {
        "ndcg_at_1": 0.11,
        "ndcg_at_3": 0.16837,
        "ndcg_at_5": 0.19046,
        "ndcg_at_10": 0.20539,
        "ndcg_at_20": 0.23115,
        "ndcg_at_100": 0.28374,
        "ndcg_at_1000": 0.32417,
        "map_at_1": 0.11,
        "map_at_3": 0.155,
        "map_at_5": 0.16733,
        "map_at_10": 0.1734,
        "map_at_20": 0.18028,
        "map_at_100": 0.18673,
        "map_at_1000": 0.18871,
        "recall_at_1": 0.11,
        "recall_at_3": 0.20667,
        "recall_at_5": 0.26,
        "recall_at_10": 0.30667,
        "recall_at_20": 0.41,
        "recall_at_100": 0.70667,
        "recall_at_1000": 1.0,
        "precision_at_1": 0.11,
        "precision_at_3": 0.06889,
        "precision_at_5": 0.052,
        "precision_at_10": 0.03067,
        "precision_at_20": 0.0205,
        "precision_at_100": 0.00707,
        "precision_at_1000": 0.001,
        "mrr_at_1": 0.11,
        "mrr_at_3": 0.155,
        "mrr_at_5": 0.167333,
        "mrr_at_10": 0.173402,
        "mrr_at_20": 0.180279,
        "mrr_at_100": 0.186726,
        "mrr_at_1000": 0.188706,
        "nauc_ndcg_at_1_max": 0.113798,
        "nauc_ndcg_at_1_std": -0.111315,
        "nauc_ndcg_at_1_diff1": 0.405986,
        "nauc_ndcg_at_3_max": 0.092014,
        "nauc_ndcg_at_3_std": -0.057149,
        "nauc_ndcg_at_3_diff1": 0.246377,
        "nauc_ndcg_at_5_max": 0.092924,
        "nauc_ndcg_at_5_std": -0.051172,
        "nauc_ndcg_at_5_diff1": 0.223385,
        "nauc_ndcg_at_10_max": 0.086978,
        "nauc_ndcg_at_10_std": -0.069653,
        "nauc_ndcg_at_10_diff1": 0.204539,
        "nauc_ndcg_at_20_max": 0.077644,
        "nauc_ndcg_at_20_std": -0.062894,
        "nauc_ndcg_at_20_diff1": 0.218339,
        "nauc_ndcg_at_100_max": 0.064738,
        "nauc_ndcg_at_100_std": -0.037902,
        "nauc_ndcg_at_100_diff1": 0.227545,
        "nauc_ndcg_at_1000_max": 0.082861,
        "nauc_ndcg_at_1000_std": -0.057511,
        "nauc_ndcg_at_1000_diff1": 0.233423,
        "nauc_map_at_1_max": 0.113798,
        "nauc_map_at_1_std": -0.111315,
        "nauc_map_at_1_diff1": 0.405986,
        "nauc_map_at_3_max": 0.096743,
        "nauc_map_at_3_std": -0.065086,
        "nauc_map_at_3_diff1": 0.272743,
        "nauc_map_at_5_max": 0.096869,
        "nauc_map_at_5_std": -0.061051,
        "nauc_map_at_5_diff1": 0.257466,
        "nauc_map_at_10_max": 0.094393,
        "nauc_map_at_10_std": -0.068954,
        "nauc_map_at_10_diff1": 0.248387,
        "nauc_map_at_20_max": 0.091927,
        "nauc_map_at_20_std": -0.066895,
        "nauc_map_at_20_diff1": 0.252544,
        "nauc_map_at_100_max": 0.090719,
        "nauc_map_at_100_std": -0.064163,
        "nauc_map_at_100_diff1": 0.252865,
        "nauc_map_at_1000_max": 0.091663,
        "nauc_map_at_1000_std": -0.065006,
        "nauc_map_at_1000_diff1": 0.253423,
        "nauc_recall_at_1_max": 0.113798,
        "nauc_recall_at_1_std": -0.111315,
        "nauc_recall_at_1_diff1": 0.405986,
        "nauc_recall_at_3_max": 0.08082,
        "nauc_recall_at_3_std": -0.039467,
        "nauc_recall_at_3_diff1": 0.186358,
        "nauc_recall_at_5_max": 0.08455,
        "nauc_recall_at_5_std": -0.029955,
        "nauc_recall_at_5_diff1": 0.148637,
        "nauc_recall_at_10_max": 0.069809,
        "nauc_recall_at_10_std": -0.077517,
        "nauc_recall_at_10_diff1": 0.108411,
        "nauc_recall_at_20_max": 0.04031,
        "nauc_recall_at_20_std": -0.056848,
        "nauc_recall_at_20_diff1": 0.152912,
        "nauc_recall_at_100_max": -0.051641,
        "nauc_recall_at_100_std": 0.094006,
        "nauc_recall_at_100_diff1": 0.195459,
        "nauc_recall_at_1000_max": NaN,
        "nauc_recall_at_1000_std": NaN,
        "nauc_recall_at_1000_diff1": NaN,
        "nauc_precision_at_1_max": 0.113798,
        "nauc_precision_at_1_std": -0.111315,
        "nauc_precision_at_1_diff1": 0.405986,
        "nauc_precision_at_3_max": 0.08082,
        "nauc_precision_at_3_std": -0.039467,
        "nauc_precision_at_3_diff1": 0.186358,
        "nauc_precision_at_5_max": 0.08455,
        "nauc_precision_at_5_std": -0.029955,
        "nauc_precision_at_5_diff1": 0.148637,
        "nauc_precision_at_10_max": 0.069809,
        "nauc_precision_at_10_std": -0.077517,
        "nauc_precision_at_10_diff1": 0.108411,
        "nauc_precision_at_20_max": 0.04031,
        "nauc_precision_at_20_std": -0.056848,
        "nauc_precision_at_20_diff1": 0.152912,
        "nauc_precision_at_100_max": -0.051641,
        "nauc_precision_at_100_std": 0.094006,
        "nauc_precision_at_100_diff1": 0.195459,
        "nauc_precision_at_1000_max": 1.0,
        "nauc_precision_at_1000_std": 1.0,
        "nauc_precision_at_1000_diff1": 1.0,
        "nauc_mrr_at_1_max": 0.113798,
        "nauc_mrr_at_1_std": -0.111315,
        "nauc_mrr_at_1_diff1": 0.405986,
        "nauc_mrr_at_3_max": 0.096743,
        "nauc_mrr_at_3_std": -0.065086,
        "nauc_mrr_at_3_diff1": 0.272743,
        "nauc_mrr_at_5_max": 0.096869,
        "nauc_mrr_at_5_std": -0.061051,
        "nauc_mrr_at_5_diff1": 0.257466,
        "nauc_mrr_at_10_max": 0.094393,
        "nauc_mrr_at_10_std": -0.068954,
        "nauc_mrr_at_10_diff1": 0.248387,
        "nauc_mrr_at_20_max": 0.091927,
        "nauc_mrr_at_20_std": -0.066895,
        "nauc_mrr_at_20_diff1": 0.252544,
        "nauc_mrr_at_100_max": 0.090719,
        "nauc_mrr_at_100_std": -0.064163,
        "nauc_mrr_at_100_diff1": 0.252865,
        "nauc_mrr_at_1000_max": 0.091663,
        "nauc_mrr_at_1000_std": -0.065006,
        "nauc_mrr_at_1000_diff1": 0.253423,
        "main_score": 0.20539,
        "hf_subset": "default",
        "languages": [
          "tur-Latn"
        ]
      }
    ]
  },
  "evaluation_time": 14.494374990463257,
  "kg_co2_emissions": null
}