{
  "dataset_revision": "main",
  "task_name": "SquadTRRetrieval",
  "mteb_version": "1.31.3",
  "scores": {
    "test": [
      {
        "ndcg_at_1": 0.04463,
        "ndcg_at_3": 0.06505,
        "ndcg_at_5": 0.07431,
        "ndcg_at_10": 0.08928,
        "ndcg_at_20": 0.1048,
        "ndcg_at_100": 0.14821,
        "ndcg_at_1000": 0.21239,
        "map_at_1": 0.04463,
        "map_at_3": 0.05984,
        "map_at_5": 0.06496,
        "map_at_10": 0.07109,
        "map_at_20": 0.07528,
        "map_at_100": 0.08074,
        "map_at_1000": 0.08278,
        "recall_at_1": 0.04463,
        "recall_at_3": 0.08021,
        "recall_at_5": 0.10276,
        "recall_at_10": 0.14932,
        "recall_at_20": 0.21119,
        "recall_at_100": 0.45326,
        "recall_at_1000": 0.97865,
        "precision_at_1": 0.04463,
        "precision_at_3": 0.02674,
        "precision_at_5": 0.02055,
        "precision_at_10": 0.01493,
        "precision_at_20": 0.01056,
        "precision_at_100": 0.00453,
        "precision_at_1000": 0.00098,
        "mrr_at_1": 0.044627,
        "mrr_at_3": 0.059844,
        "mrr_at_5": 0.064958,
        "mrr_at_10": 0.071092,
        "mrr_at_20": 0.075284,
        "mrr_at_100": 0.080739,
        "mrr_at_1000": 0.082785,
        "nauc_ndcg_at_1_max": 0.222149,
        "nauc_ndcg_at_1_std": 0.169666,
        "nauc_ndcg_at_1_diff1": 0.300283,
        "nauc_ndcg_at_3_max": 0.18346,
        "nauc_ndcg_at_3_std": 0.16081,
        "nauc_ndcg_at_3_diff1": 0.213687,
        "nauc_ndcg_at_5_max": 0.175557,
        "nauc_ndcg_at_5_std": 0.158153,
        "nauc_ndcg_at_5_diff1": 0.188674,
        "nauc_ndcg_at_10_max": 0.155629,
        "nauc_ndcg_at_10_std": 0.164562,
        "nauc_ndcg_at_10_diff1": 0.168119,
        "nauc_ndcg_at_20_max": 0.145341,
        "nauc_ndcg_at_20_std": 0.175244,
        "nauc_ndcg_at_20_diff1": 0.152822,
        "nauc_ndcg_at_100_max": 0.14733,
        "nauc_ndcg_at_100_std": 0.189716,
        "nauc_ndcg_at_100_diff1": 0.140262,
        "nauc_ndcg_at_1000_max": 0.159348,
        "nauc_ndcg_at_1000_std": 0.185383,
        "nauc_ndcg_at_1000_diff1": 0.15985,
        "nauc_map_at_1_max": 0.222149,
        "nauc_map_at_1_std": 0.169666,
        "nauc_map_at_1_diff1": 0.300283,
        "nauc_map_at_3_max": 0.192028,
        "nauc_map_at_3_std": 0.162309,
        "nauc_map_at_3_diff1": 0.230567,
        "nauc_map_at_5_max": 0.186335,
        "nauc_map_at_5_std": 0.160394,
        "nauc_map_at_5_diff1": 0.213248,
        "nauc_map_at_10_max": 0.175629,
        "nauc_map_at_10_std": 0.163845,
        "nauc_map_at_10_diff1": 0.201937,
        "nauc_map_at_20_max": 0.171153,
        "nauc_map_at_20_std": 0.167681,
        "nauc_map_at_20_diff1": 0.195393,
        "nauc_map_at_100_max": 0.171064,
        "nauc_map_at_100_std": 0.17033,
        "nauc_map_at_100_diff1": 0.191846,
        "nauc_map_at_1000_max": 0.171788,
        "nauc_map_at_1000_std": 0.170463,
        "nauc_map_at_1000_diff1": 0.192533,
        "nauc_recall_at_1_max": 0.222149,
        "nauc_recall_at_1_std": 0.169666,
        "nauc_recall_at_1_diff1": 0.300283,
        "nauc_recall_at_3_max": 0.164518,
        "nauc_recall_at_3_std": 0.157611,
        "nauc_recall_at_3_diff1": 0.176939,
        "nauc_recall_at_5_max": 0.154694,
        "nauc_recall_at_5_std": 0.153916,
        "nauc_recall_at_5_diff1": 0.141137,
        "nauc_recall_at_10_max": 0.120762,
        "nauc_recall_at_10_std": 0.166422,
        "nauc_recall_at_10_diff1": 0.110702,
        "nauc_recall_at_20_max": 0.10629,
        "nauc_recall_at_20_std": 0.189357,
        "nauc_recall_at_20_diff1": 0.08959,
        "nauc_recall_at_100_max": 0.118816,
        "nauc_recall_at_100_std": 0.226473,
        "nauc_recall_at_100_diff1": 0.069652,
        "nauc_recall_at_1000_max": 0.233866,
        "nauc_recall_at_1000_std": 0.418206,
        "nauc_recall_at_1000_diff1": 0.118651,
        "nauc_precision_at_1_max": 0.222149,
        "nauc_precision_at_1_std": 0.169666,
        "nauc_precision_at_1_diff1": 0.300283,
        "nauc_precision_at_3_max": 0.164518,
        "nauc_precision_at_3_std": 0.157611,
        "nauc_precision_at_3_diff1": 0.176939,
        "nauc_precision_at_5_max": 0.154694,
        "nauc_precision_at_5_std": 0.153916,
        "nauc_precision_at_5_diff1": 0.141137,
        "nauc_precision_at_10_max": 0.120762,
        "nauc_precision_at_10_std": 0.166422,
        "nauc_precision_at_10_diff1": 0.110702,
        "nauc_precision_at_20_max": 0.10629,
        "nauc_precision_at_20_std": 0.189357,
        "nauc_precision_at_20_diff1": 0.08959,
        "nauc_precision_at_100_max": 0.118816,
        "nauc_precision_at_100_std": 0.226473,
        "nauc_precision_at_100_diff1": 0.069652,
        "nauc_precision_at_1000_max": 0.233866,
        "nauc_precision_at_1000_std": 0.418206,
        "nauc_precision_at_1000_diff1": 0.118651,
        "nauc_mrr_at_1_max": 0.222149,
        "nauc_mrr_at_1_std": 0.169666,
        "nauc_mrr_at_1_diff1": 0.300283,
        "nauc_mrr_at_3_max": 0.192028,
        "nauc_mrr_at_3_std": 0.162309,
        "nauc_mrr_at_3_diff1": 0.230567,
        "nauc_mrr_at_5_max": 0.186335,
        "nauc_mrr_at_5_std": 0.160394,
        "nauc_mrr_at_5_diff1": 0.213248,
        "nauc_mrr_at_10_max": 0.175629,
        "nauc_mrr_at_10_std": 0.163845,
        "nauc_mrr_at_10_diff1": 0.201937,
        "nauc_mrr_at_20_max": 0.171153,
        "nauc_mrr_at_20_std": 0.167681,
        "nauc_mrr_at_20_diff1": 0.195393,
        "nauc_mrr_at_100_max": 0.171064,
        "nauc_mrr_at_100_std": 0.17033,
        "nauc_mrr_at_100_diff1": 0.191846,
        "nauc_mrr_at_1000_max": 0.171788,
        "nauc_mrr_at_1000_std": 0.170463,
        "nauc_mrr_at_1000_diff1": 0.192533,
        "main_score": 0.08928,
        "hf_subset": "default",
        "languages": [
          "tur-Latn"
        ]
      }
    ]
  },
  "evaluation_time": 66.64910697937012,
  "kg_co2_emissions": null
}