{
  "dataset_revision": "main",
  "task_name": "TQuadRetrieval",
  "mteb_version": "1.31.3",
  "scores": {
    "test": [
      {
        "ndcg_at_1": 0.16143,
        "ndcg_at_3": 0.22388,
        "ndcg_at_5": 0.25404,
        "ndcg_at_10": 0.29485,
        "ndcg_at_20": 0.32243,
        "ndcg_at_100": 0.37295,
        "ndcg_at_1000": 0.39237,
        "map_at_1": 0.16143,
        "map_at_3": 0.20796,
        "map_at_5": 0.22478,
        "map_at_10": 0.24132,
        "map_at_20": 0.24879,
        "map_at_100": 0.25537,
        "map_at_1000": 0.2563,
        "recall_at_1": 0.16143,
        "recall_at_3": 0.27018,
        "recall_at_5": 0.34305,
        "recall_at_10": 0.47085,
        "recall_at_20": 0.58072,
        "recall_at_100": 0.85874,
        "recall_at_1000": 1.0,
        "precision_at_1": 0.16143,
        "precision_at_3": 0.09006,
        "precision_at_5": 0.06861,
        "precision_at_10": 0.04709,
        "precision_at_20": 0.02904,
        "precision_at_100": 0.00859,
        "precision_at_1000": 0.001,
        "mrr_at_1": 0.161435,
        "mrr_at_3": 0.207586,
        "mrr_at_5": 0.224682,
        "mrr_at_10": 0.241224,
        "mrr_at_20": 0.248693,
        "mrr_at_100": 0.255272,
        "mrr_at_1000": 0.256209,
        "nauc_ndcg_at_1_max": 0.297219,
        "nauc_ndcg_at_1_std": 0.159167,
        "nauc_ndcg_at_1_diff1": 0.412861,
        "nauc_ndcg_at_3_max": 0.274919,
        "nauc_ndcg_at_3_std": 0.163302,
        "nauc_ndcg_at_3_diff1": 0.317198,
        "nauc_ndcg_at_5_max": 0.259596,
        "nauc_ndcg_at_5_std": 0.163038,
        "nauc_ndcg_at_5_diff1": 0.297169,
        "nauc_ndcg_at_10_max": 0.264768,
        "nauc_ndcg_at_10_std": 0.161918,
        "nauc_ndcg_at_10_diff1": 0.285237,
        "nauc_ndcg_at_20_max": 0.27172,
        "nauc_ndcg_at_20_std": 0.162148,
        "nauc_ndcg_at_20_diff1": 0.274613,
        "nauc_ndcg_at_100_max": 0.2618,
        "nauc_ndcg_at_100_std": 0.156364,
        "nauc_ndcg_at_100_diff1": 0.297043,
        "nauc_ndcg_at_1000_max": 0.268363,
        "nauc_ndcg_at_1000_std": 0.158552,
        "nauc_ndcg_at_1000_diff1": 0.300883,
        "nauc_map_at_1_max": 0.297219,
        "nauc_map_at_1_std": 0.159167,
        "nauc_map_at_1_diff1": 0.412861,
        "nauc_map_at_3_max": 0.279648,
        "nauc_map_at_3_std": 0.162077,
        "nauc_map_at_3_diff1": 0.33638,
        "nauc_map_at_5_max": 0.271019,
        "nauc_map_at_5_std": 0.16206,
        "nauc_map_at_5_diff1": 0.323999,
        "nauc_map_at_10_max": 0.272706,
        "nauc_map_at_10_std": 0.160959,
        "nauc_map_at_10_diff1": 0.31888,
        "nauc_map_at_20_max": 0.274173,
        "nauc_map_at_20_std": 0.161121,
        "nauc_map_at_20_diff1": 0.316147,
        "nauc_map_at_100_max": 0.273109,
        "nauc_map_at_100_std": 0.159893,
        "nauc_map_at_100_diff1": 0.318709,
        "nauc_map_at_1000_max": 0.27339,
        "nauc_map_at_1000_std": 0.159954,
        "nauc_map_at_1000_diff1": 0.318942,
        "nauc_recall_at_1_max": 0.297219,
        "nauc_recall_at_1_std": 0.159167,
        "nauc_recall_at_1_diff1": 0.412861,
        "nauc_recall_at_3_max": 0.263173,
        "nauc_recall_at_3_std": 0.166467,
        "nauc_recall_at_3_diff1": 0.269932,
        "nauc_recall_at_5_max": 0.230353,
        "nauc_recall_at_5_std": 0.165314,
        "nauc_recall_at_5_diff1": 0.23207,
        "nauc_recall_at_10_max": 0.246617,
        "nauc_recall_at_10_std": 0.164807,
        "nauc_recall_at_10_diff1": 0.199884,
        "nauc_recall_at_20_max": 0.274083,
        "nauc_recall_at_20_std": 0.16507,
        "nauc_recall_at_20_diff1": 0.152228,
        "nauc_recall_at_100_max": 0.173138,
        "nauc_recall_at_100_std": 0.123896,
        "nauc_recall_at_100_diff1": 0.247164,
        "nauc_recall_at_1000_max": NaN,
        "nauc_recall_at_1000_std": NaN,
        "nauc_recall_at_1000_diff1": NaN,
        "nauc_precision_at_1_max": 0.297219,
        "nauc_precision_at_1_std": 0.159167,
        "nauc_precision_at_1_diff1": 0.412861,
        "nauc_precision_at_3_max": 0.263173,
        "nauc_precision_at_3_std": 0.166467,
        "nauc_precision_at_3_diff1": 0.269932,
        "nauc_precision_at_5_max": 0.230353,
        "nauc_precision_at_5_std": 0.165314,
        "nauc_precision_at_5_diff1": 0.23207,
        "nauc_precision_at_10_max": 0.246617,
        "nauc_precision_at_10_std": 0.164807,
        "nauc_precision_at_10_diff1": 0.199884,
        "nauc_precision_at_20_max": 0.274083,
        "nauc_precision_at_20_std": 0.16507,
        "nauc_precision_at_20_diff1": 0.152228,
        "nauc_precision_at_100_max": 0.173138,
        "nauc_precision_at_100_std": 0.123896,
        "nauc_precision_at_100_diff1": 0.247164,
        "nauc_precision_at_1000_max": NaN,
        "nauc_precision_at_1000_std": NaN,
        "nauc_precision_at_1000_diff1": NaN,
        "nauc_mrr_at_1_max": 0.297219,
        "nauc_mrr_at_1_std": 0.159167,
        "nauc_mrr_at_1_diff1": 0.412861,
        "nauc_mrr_at_3_max": 0.27833,
        "nauc_mrr_at_3_std": 0.162932,
        "nauc_mrr_at_3_diff1": 0.336794,
        "nauc_mrr_at_5_max": 0.270695,
        "nauc_mrr_at_5_std": 0.16227,
        "nauc_mrr_at_5_diff1": 0.324098,
        "nauc_mrr_at_10_max": 0.272383,
        "nauc_mrr_at_10_std": 0.161168,
        "nauc_mrr_at_10_diff1": 0.318977,
        "nauc_mrr_at_20_max": 0.273847,
        "nauc_mrr_at_20_std": 0.161331,
        "nauc_mrr_at_20_diff1": 0.316245,
        "nauc_mrr_at_100_max": 0.272778,
        "nauc_mrr_at_100_std": 0.160106,
        "nauc_mrr_at_100_diff1": 0.318809,
        "nauc_mrr_at_1000_max": 0.273059,
        "nauc_mrr_at_1000_std": 0.160168,
        "nauc_mrr_at_1000_diff1": 0.319042,
        "main_score": 0.29485,
        "hf_subset": "default",
        "languages": [
          "tur-Latn"
        ]
      }
    ]
  },
  "evaluation_time": 11.461648941040039,
  "kg_co2_emissions": null
}