{
  "dataset_revision": "51adfef1c1287aab1d2d91b5bead9bcfb9c68583",
  "task_name": "XQuADRetrieval",
  "mteb_version": "1.31.3",
  "scores": {
    "validation": [
      {
        "ndcg_at_1": 0.13007,
        "ndcg_at_3": 0.19635,
        "ndcg_at_5": 0.22422,
        "ndcg_at_10": 0.2538,
        "ndcg_at_20": 0.28428,
        "ndcg_at_100": 0.3447,
        "ndcg_at_1000": 0.36425,
        "map_at_1": 0.13007,
        "map_at_3": 0.17962,
        "map_at_5": 0.19512,
        "map_at_10": 0.20752,
        "map_at_20": 0.21575,
        "map_at_100": 0.22345,
        "map_at_1000": 0.22445,
        "recall_at_1": 0.13007,
        "recall_at_3": 0.24493,
        "recall_at_5": 0.3125,
        "recall_at_10": 0.40287,
        "recall_at_20": 0.52449,
        "recall_at_100": 0.8598,
        "recall_at_1000": 1.0,
        "precision_at_1": 0.13007,
        "precision_at_3": 0.08164,
        "precision_at_5": 0.0625,
        "precision_at_10": 0.04029,
        "precision_at_20": 0.02622,
        "precision_at_100": 0.0086,
        "precision_at_1000": 0.001,
        "mrr_at_1": 0.130068,
        "mrr_at_3": 0.179617,
        "mrr_at_5": 0.195115,
        "mrr_at_10": 0.207524,
        "mrr_at_20": 0.215751,
        "mrr_at_100": 0.223451,
        "mrr_at_1000": 0.224448,
        "nauc_ndcg_at_1_max": 0.118934,
        "nauc_ndcg_at_1_std": 0.182793,
        "nauc_ndcg_at_1_diff1": 0.320564,
        "nauc_ndcg_at_3_max": 0.109092,
        "nauc_ndcg_at_3_std": 0.171555,
        "nauc_ndcg_at_3_diff1": 0.202315,
        "nauc_ndcg_at_5_max": 0.086751,
        "nauc_ndcg_at_5_std": 0.175906,
        "nauc_ndcg_at_5_diff1": 0.183542,
        "nauc_ndcg_at_10_max": 0.087551,
        "nauc_ndcg_at_10_std": 0.182369,
        "nauc_ndcg_at_10_diff1": 0.170062,
        "nauc_ndcg_at_20_max": 0.094701,
        "nauc_ndcg_at_20_std": 0.188872,
        "nauc_ndcg_at_20_diff1": 0.163476,
        "nauc_ndcg_at_100_max": 0.095976,
        "nauc_ndcg_at_100_std": 0.191973,
        "nauc_ndcg_at_100_diff1": 0.182322,
        "nauc_ndcg_at_1000_max": 0.096116,
        "nauc_ndcg_at_1000_std": 0.184445,
        "nauc_ndcg_at_1000_diff1": 0.190453,
        "nauc_map_at_1_max": 0.118934,
        "nauc_map_at_1_std": 0.182793,
        "nauc_map_at_1_diff1": 0.320564,
        "nauc_map_at_3_max": 0.112678,
        "nauc_map_at_3_std": 0.17434,
        "nauc_map_at_3_diff1": 0.224738,
        "nauc_map_at_5_max": 0.099235,
        "nauc_map_at_5_std": 0.176916,
        "nauc_map_at_5_diff1": 0.212927,
        "nauc_map_at_10_max": 0.09966,
        "nauc_map_at_10_std": 0.179712,
        "nauc_map_at_10_diff1": 0.206713,
        "nauc_map_at_20_max": 0.101806,
        "nauc_map_at_20_std": 0.180929,
        "nauc_map_at_20_diff1": 0.204947,
        "nauc_map_at_100_max": 0.101367,
        "nauc_map_at_100_std": 0.181515,
        "nauc_map_at_100_diff1": 0.208223,
        "nauc_map_at_1000_max": 0.101345,
        "nauc_map_at_1000_std": 0.181128,
        "nauc_map_at_1000_diff1": 0.20873,
        "nauc_recall_at_1_max": 0.118934,
        "nauc_recall_at_1_std": 0.182793,
        "nauc_recall_at_1_diff1": 0.320564,
        "nauc_recall_at_3_max": 0.100082,
        "nauc_recall_at_3_std": 0.164794,
        "nauc_recall_at_3_diff1": 0.149716,
        "nauc_recall_at_5_max": 0.056262,
        "nauc_recall_at_5_std": 0.17395,
        "nauc_recall_at_5_diff1": 0.117021,
        "nauc_recall_at_10_max": 0.058837,
        "nauc_recall_at_10_std": 0.190382,
        "nauc_recall_at_10_diff1": 0.086135,
        "nauc_recall_at_20_max": 0.080861,
        "nauc_recall_at_20_std": 0.216411,
        "nauc_recall_at_20_diff1": 0.059333,
        "nauc_recall_at_100_max": 0.090559,
        "nauc_recall_at_100_std": 0.28289,
        "nauc_recall_at_100_diff1": 0.086076,
        "nauc_recall_at_1000_max": NaN,
        "nauc_recall_at_1000_std": NaN,
        "nauc_recall_at_1000_diff1": NaN,
        "nauc_precision_at_1_max": 0.118934,
        "nauc_precision_at_1_std": 0.182793,
        "nauc_precision_at_1_diff1": 0.320564,
        "nauc_precision_at_3_max": 0.100082,
        "nauc_precision_at_3_std": 0.164794,
        "nauc_precision_at_3_diff1": 0.149716,
        "nauc_precision_at_5_max": 0.056262,
        "nauc_precision_at_5_std": 0.17395,
        "nauc_precision_at_5_diff1": 0.117021,
        "nauc_precision_at_10_max": 0.058837,
        "nauc_precision_at_10_std": 0.190382,
        "nauc_precision_at_10_diff1": 0.086135,
        "nauc_precision_at_20_max": 0.080861,
        "nauc_precision_at_20_std": 0.216411,
        "nauc_precision_at_20_diff1": 0.059333,
        "nauc_precision_at_100_max": 0.090559,
        "nauc_precision_at_100_std": 0.28289,
        "nauc_precision_at_100_diff1": 0.086076,
        "nauc_precision_at_1000_max": 1.0,
        "nauc_precision_at_1000_std": 1.0,
        "nauc_precision_at_1000_diff1": 1.0,
        "nauc_mrr_at_1_max": 0.118934,
        "nauc_mrr_at_1_std": 0.182793,
        "nauc_mrr_at_1_diff1": 0.320564,
        "nauc_mrr_at_3_max": 0.112678,
        "nauc_mrr_at_3_std": 0.17434,
        "nauc_mrr_at_3_diff1": 0.224738,
        "nauc_mrr_at_5_max": 0.099235,
        "nauc_mrr_at_5_std": 0.176916,
        "nauc_mrr_at_5_diff1": 0.212927,
        "nauc_mrr_at_10_max": 0.09966,
        "nauc_mrr_at_10_std": 0.179712,
        "nauc_mrr_at_10_diff1": 0.206713,
        "nauc_mrr_at_20_max": 0.101806,
        "nauc_mrr_at_20_std": 0.180929,
        "nauc_mrr_at_20_diff1": 0.204947,
        "nauc_mrr_at_100_max": 0.101367,
        "nauc_mrr_at_100_std": 0.181515,
        "nauc_mrr_at_100_diff1": 0.208223,
        "nauc_mrr_at_1000_max": 0.101345,
        "nauc_mrr_at_1000_std": 0.181128,
        "nauc_mrr_at_1000_diff1": 0.20873,
        "main_score": 0.2538,
        "hf_subset": "tr",
        "languages": [
          "tur-Latn"
        ]
      }
    ]
  },
  "evaluation_time": 10.24620008468628,
  "kg_co2_emissions": null
}