{
  "dataset_revision": "main",
  "task_name": "ArguAnaTR",
  "mteb_version": "1.31.3",
  "scores": {
    "test": [
      {
        "ndcg_at_1": 0.1963,
        "ndcg_at_3": 0.30855,
        "ndcg_at_5": 0.35348,
        "ndcg_at_10": 0.40492,
        "ndcg_at_20": 0.43632,
        "ndcg_at_100": 0.46491,
        "ndcg_at_1000": 0.47243,
        "map_at_1": 0.1963,
        "map_at_3": 0.28011,
        "map_at_5": 0.30511,
        "map_at_10": 0.32644,
        "map_at_20": 0.33511,
        "map_at_100": 0.33939,
        "map_at_1000": 0.33971,
        "recall_at_1": 0.1963,
        "recall_at_3": 0.39118,
        "recall_at_5": 0.5,
        "recall_at_10": 0.65861,
        "recall_at_20": 0.78236,
        "recall_at_100": 0.93172,
        "recall_at_1000": 0.98933,
        "precision_at_1": 0.1963,
        "precision_at_3": 0.13039,
        "precision_at_5": 0.1,
        "precision_at_10": 0.06586,
        "precision_at_20": 0.03912,
        "precision_at_100": 0.00932,
        "precision_at_1000": 0.00099,
        "mrr_at_1": 0.199147,
        "mrr_at_3": 0.281176,
        "mrr_at_5": 0.306105,
        "mrr_at_10": 0.327238,
        "mrr_at_20": 0.335938,
        "mrr_at_100": 0.340255,
        "mrr_at_1000": 0.340567,
        "nauc_ndcg_at_1_max": -0.031434,
        "nauc_ndcg_at_1_std": -0.066187,
        "nauc_ndcg_at_1_diff1": 0.10231,
        "nauc_ndcg_at_3_max": 0.019567,
        "nauc_ndcg_at_3_std": -0.035321,
        "nauc_ndcg_at_3_diff1": 0.083649,
        "nauc_ndcg_at_5_max": 0.029801,
        "nauc_ndcg_at_5_std": -0.035085,
        "nauc_ndcg_at_5_diff1": 0.080282,
        "nauc_ndcg_at_10_max": 0.048586,
        "nauc_ndcg_at_10_std": -0.027309,
        "nauc_ndcg_at_10_diff1": 0.083429,
        "nauc_ndcg_at_20_max": 0.051998,
        "nauc_ndcg_at_20_std": -0.010948,
        "nauc_ndcg_at_20_diff1": 0.081462,
        "nauc_ndcg_at_100_max": 0.04774,
        "nauc_ndcg_at_100_std": -0.016119,
        "nauc_ndcg_at_100_diff1": 0.091428,
        "nauc_ndcg_at_1000_max": 0.037195,
        "nauc_ndcg_at_1000_std": -0.022674,
        "nauc_ndcg_at_1000_diff1": 0.087176,
        "nauc_map_at_1_max": -0.031434,
        "nauc_map_at_1_std": -0.066187,
        "nauc_map_at_1_diff1": 0.10231,
        "nauc_map_at_3_max": 0.008367,
        "nauc_map_at_3_std": -0.041221,
        "nauc_map_at_3_diff1": 0.086355,
        "nauc_map_at_5_max": 0.014549,
        "nauc_map_at_5_std": -0.04129,
        "nauc_map_at_5_diff1": 0.084854,
        "nauc_map_at_10_max": 0.021828,
        "nauc_map_at_10_std": -0.038684,
        "nauc_map_at_10_diff1": 0.08598,
        "nauc_map_at_20_max": 0.022013,
        "nauc_map_at_20_std": -0.035417,
        "nauc_map_at_20_diff1": 0.085463,
        "nauc_map_at_100_max": 0.021574,
        "nauc_map_at_100_std": -0.036268,
        "nauc_map_at_100_diff1": 0.087196,
        "nauc_map_at_1000_max": 0.021184,
        "nauc_map_at_1000_std": -0.036423,
        "nauc_map_at_1000_diff1": 0.087054,
        "nauc_recall_at_1_max": -0.031434,
        "nauc_recall_at_1_std": -0.066187,
        "nauc_recall_at_1_diff1": 0.10231,
        "nauc_recall_at_3_max": 0.048371,
        "nauc_recall_at_3_std": -0.020461,
        "nauc_recall_at_3_diff1": 0.077188,
        "nauc_recall_at_5_max": 0.07079,
        "nauc_recall_at_5_std": -0.018876,
        "nauc_recall_at_5_diff1": 0.067872,
        "nauc_recall_at_10_max": 0.143222,
        "nauc_recall_at_10_std": 0.013406,
        "nauc_recall_at_10_diff1": 0.077106,
        "nauc_recall_at_20_max": 0.203799,
        "nauc_recall_at_20_std": 0.130415,
        "nauc_recall_at_20_diff1": 0.064276,
        "nauc_recall_at_100_max": 0.381916,
        "nauc_recall_at_100_std": 0.293005,
        "nauc_recall_at_100_diff1": 0.203442,
        "nauc_recall_at_1000_max": 0.284172,
        "nauc_recall_at_1000_std": 0.648115,
        "nauc_recall_at_1000_diff1": 0.031535,
        "nauc_precision_at_1_max": -0.031434,
        "nauc_precision_at_1_std": -0.066187,
        "nauc_precision_at_1_diff1": 0.10231,
        "nauc_precision_at_3_max": 0.048371,
        "nauc_precision_at_3_std": -0.020461,
        "nauc_precision_at_3_diff1": 0.077188,
        "nauc_precision_at_5_max": 0.07079,
        "nauc_precision_at_5_std": -0.018876,
        "nauc_precision_at_5_diff1": 0.067872,
        "nauc_precision_at_10_max": 0.143222,
        "nauc_precision_at_10_std": 0.013406,
        "nauc_precision_at_10_diff1": 0.077106,
        "nauc_precision_at_20_max": 0.203799,
        "nauc_precision_at_20_std": 0.130415,
        "nauc_precision_at_20_diff1": 0.064276,
        "nauc_precision_at_100_max": 0.381916,
        "nauc_precision_at_100_std": 0.293005,
        "nauc_precision_at_100_diff1": 0.203442,
        "nauc_precision_at_1000_max": 0.284172,
        "nauc_precision_at_1000_std": 0.648115,
        "nauc_precision_at_1000_diff1": 0.031535,
        "nauc_mrr_at_1_max": -0.028126,
        "nauc_mrr_at_1_std": -0.064476,
        "nauc_mrr_at_1_diff1": 0.091278,
        "nauc_mrr_at_3_max": 0.006185,
        "nauc_mrr_at_3_std": -0.040617,
        "nauc_mrr_at_3_diff1": 0.077914,
        "nauc_mrr_at_5_max": 0.013102,
        "nauc_mrr_at_5_std": -0.040881,
        "nauc_mrr_at_5_diff1": 0.077002,
        "nauc_mrr_at_10_max": 0.019114,
        "nauc_mrr_at_10_std": -0.038773,
        "nauc_mrr_at_10_diff1": 0.076756,
        "nauc_mrr_at_20_max": 0.019292,
        "nauc_mrr_at_20_std": -0.035325,
        "nauc_mrr_at_20_diff1": 0.076254,
        "nauc_mrr_at_100_max": 0.019013,
        "nauc_mrr_at_100_std": -0.036156,
        "nauc_mrr_at_100_diff1": 0.078064,
        "nauc_mrr_at_1000_max": 0.018622,
        "nauc_mrr_at_1000_std": -0.03631,
        "nauc_mrr_at_1000_diff1": 0.077913,
        "main_score": 0.40492,
        "hf_subset": "default",
        "languages": [
          "tur-Latn"
        ]
      }
    ]
  },
  "evaluation_time": 668.9318301677704,
  "kg_co2_emissions": null
}