{
  "dataset_revision": "main",
  "task_name": "CQADupstackGamingRetrievalTR",
  "mteb_version": "1.31.3",
  "scores": {
    "test": [
      {
        "ndcg_at_1": 0.36842,
        "ndcg_at_3": 0.44016,
        "ndcg_at_5": 0.46223,
        "ndcg_at_10": 0.48454,
        "ndcg_at_20": 0.49966,
        "ndcg_at_100": 0.52734,
        "ndcg_at_1000": 0.5454,
        "map_at_1": 0.36842,
        "map_at_3": 0.42251,
        "map_at_5": 0.43483,
        "map_at_10": 0.44407,
        "map_at_20": 0.44819,
        "map_at_100": 0.45183,
        "map_at_1000": 0.45246,
        "recall_at_1": 0.36842,
        "recall_at_3": 0.49123,
        "recall_at_5": 0.54453,
        "recall_at_10": 0.61336,
        "recall_at_20": 0.67341,
        "recall_at_100": 0.82524,
        "recall_at_1000": 0.96964,
        "precision_at_1": 0.36842,
        "precision_at_3": 0.16374,
        "precision_at_5": 0.10891,
        "precision_at_10": 0.06134,
        "precision_at_20": 0.03367,
        "precision_at_100": 0.00825,
        "precision_at_1000": 0.00097,
        "mrr_at_1": 0.368421,
        "mrr_at_3": 0.422515,
        "mrr_at_5": 0.434829,
        "mrr_at_10": 0.444072,
        "mrr_at_20": 0.448186,
        "mrr_at_100": 0.451831,
        "mrr_at_1000": 0.452463,
        "nauc_ndcg_at_1_max": 0.410922,
        "nauc_ndcg_at_1_std": -0.115676,
        "nauc_ndcg_at_1_diff1": 0.647586,
        "nauc_ndcg_at_3_max": 0.396297,
        "nauc_ndcg_at_3_std": -0.130743,
        "nauc_ndcg_at_3_diff1": 0.600313,
        "nauc_ndcg_at_5_max": 0.398396,
        "nauc_ndcg_at_5_std": -0.125016,
        "nauc_ndcg_at_5_diff1": 0.586943,
        "nauc_ndcg_at_10_max": 0.397713,
        "nauc_ndcg_at_10_std": -0.120354,
        "nauc_ndcg_at_10_diff1": 0.577529,
        "nauc_ndcg_at_20_max": 0.39221,
        "nauc_ndcg_at_20_std": -0.119638,
        "nauc_ndcg_at_20_diff1": 0.576803,
        "nauc_ndcg_at_100_max": 0.397234,
        "nauc_ndcg_at_100_std": -0.106661,
        "nauc_ndcg_at_100_diff1": 0.575037,
        "nauc_ndcg_at_1000_max": 0.400078,
        "nauc_ndcg_at_1000_std": -0.109084,
        "nauc_ndcg_at_1000_diff1": 0.584072,
        "nauc_map_at_1_max": 0.410922,
        "nauc_map_at_1_std": -0.115676,
        "nauc_map_at_1_diff1": 0.647586,
        "nauc_map_at_3_max": 0.400218,
        "nauc_map_at_3_std": -0.12712,
        "nauc_map_at_3_diff1": 0.611279,
        "nauc_map_at_5_max": 0.401274,
        "nauc_map_at_5_std": -0.124165,
        "nauc_map_at_5_diff1": 0.604049,
        "nauc_map_at_10_max": 0.401134,
        "nauc_map_at_10_std": -0.12231,
        "nauc_map_at_10_diff1": 0.600441,
        "nauc_map_at_20_max": 0.399752,
        "nauc_map_at_20_std": -0.122101,
        "nauc_map_at_20_diff1": 0.600401,
        "nauc_map_at_100_max": 0.400211,
        "nauc_map_at_100_std": -0.120966,
        "nauc_map_at_100_diff1": 0.600344,
        "nauc_map_at_1000_max": 0.400364,
        "nauc_map_at_1000_std": -0.120952,
        "nauc_map_at_1000_diff1": 0.600667,
        "nauc_recall_at_1_max": 0.410922,
        "nauc_recall_at_1_std": -0.115676,
        "nauc_recall_at_1_diff1": 0.647586,
        "nauc_recall_at_3_max": 0.384702,
        "nauc_recall_at_3_std": -0.141297,
        "nauc_recall_at_3_diff1": 0.568536,
        "nauc_recall_at_5_max": 0.390009,
        "nauc_recall_at_5_std": -0.126413,
        "nauc_recall_at_5_diff1": 0.533288,
        "nauc_recall_at_10_max": 0.386317,
        "nauc_recall_at_10_std": -0.110527,
        "nauc_recall_at_10_diff1": 0.496534,
        "nauc_recall_at_20_max": 0.358332,
        "nauc_recall_at_20_std": -0.106281,
        "nauc_recall_at_20_diff1": 0.483253,
        "nauc_recall_at_100_max": 0.393595,
        "nauc_recall_at_100_std": 0.048736,
        "nauc_recall_at_100_diff1": 0.403742,
        "nauc_recall_at_1000_max": 0.559654,
        "nauc_recall_at_1000_std": 0.47107,
        "nauc_recall_at_1000_diff1": 0.336746,
        "nauc_precision_at_1_max": 0.410922,
        "nauc_precision_at_1_std": -0.115676,
        "nauc_precision_at_1_diff1": 0.647586,
        "nauc_precision_at_3_max": 0.384702,
        "nauc_precision_at_3_std": -0.141297,
        "nauc_precision_at_3_diff1": 0.568536,
        "nauc_precision_at_5_max": 0.390009,
        "nauc_precision_at_5_std": -0.126413,
        "nauc_precision_at_5_diff1": 0.533288,
        "nauc_precision_at_10_max": 0.386317,
        "nauc_precision_at_10_std": -0.110527,
        "nauc_precision_at_10_diff1": 0.496534,
        "nauc_precision_at_20_max": 0.358332,
        "nauc_precision_at_20_std": -0.106281,
        "nauc_precision_at_20_diff1": 0.483253,
        "nauc_precision_at_100_max": 0.393595,
        "nauc_precision_at_100_std": 0.048736,
        "nauc_precision_at_100_diff1": 0.403742,
        "nauc_precision_at_1000_max": 0.559654,
        "nauc_precision_at_1000_std": 0.47107,
        "nauc_precision_at_1000_diff1": 0.336746,
        "nauc_mrr_at_1_max": 0.410922,
        "nauc_mrr_at_1_std": -0.115676,
        "nauc_mrr_at_1_diff1": 0.647586,
        "nauc_mrr_at_3_max": 0.400218,
        "nauc_mrr_at_3_std": -0.12712,
        "nauc_mrr_at_3_diff1": 0.611279,
        "nauc_mrr_at_5_max": 0.401274,
        "nauc_mrr_at_5_std": -0.124165,
        "nauc_mrr_at_5_diff1": 0.604049,
        "nauc_mrr_at_10_max": 0.401134,
        "nauc_mrr_at_10_std": -0.12231,
        "nauc_mrr_at_10_diff1": 0.600441,
        "nauc_mrr_at_20_max": 0.399752,
        "nauc_mrr_at_20_std": -0.122101,
        "nauc_mrr_at_20_diff1": 0.600401,
        "nauc_mrr_at_100_max": 0.400211,
        "nauc_mrr_at_100_std": -0.120966,
        "nauc_mrr_at_100_diff1": 0.600344,
        "nauc_mrr_at_1000_max": 0.400364,
        "nauc_mrr_at_1000_std": -0.120952,
        "nauc_mrr_at_1000_diff1": 0.600667,
        "main_score": 0.48454,
        "hf_subset": "default",
        "languages": [
          "tur-Latn"
        ]
      }
    ]
  },
  "evaluation_time": 118.81402516365051,
  "kg_co2_emissions": null
}