{
  "dataset_revision": "main",
  "task_name": "FiQA2018TR",
  "mteb_version": "1.31.3",
  "scores": {
    "test": [
      {
        "ndcg_at_1": 0.22068,
        "ndcg_at_3": 0.30107,
        "ndcg_at_5": 0.3277,
        "ndcg_at_10": 0.35427,
        "ndcg_at_20": 0.37751,
        "ndcg_at_100": 0.40908,
        "ndcg_at_1000": 0.43406,
        "map_at_1": 0.22068,
        "map_at_3": 0.28138,
        "map_at_5": 0.29612,
        "map_at_10": 0.30686,
        "map_at_20": 0.31336,
        "map_at_100": 0.31754,
        "map_at_1000": 0.31844,
        "recall_at_1": 0.22068,
        "recall_at_3": 0.35802,
        "recall_at_5": 0.42284,
        "recall_at_10": 0.50617,
        "recall_at_20": 0.59722,
        "recall_at_100": 0.77006,
        "recall_at_1000": 0.96914,
        "precision_at_1": 0.22068,
        "precision_at_3": 0.11934,
        "precision_at_5": 0.08457,
        "precision_at_10": 0.05062,
        "precision_at_20": 0.02986,
        "precision_at_100": 0.0077,
        "precision_at_1000": 0.00097,
        "mrr_at_1": 0.220679,
        "mrr_at_3": 0.281379,
        "mrr_at_5": 0.296116,
        "mrr_at_10": 0.306856,
        "mrr_at_20": 0.313357,
        "mrr_at_100": 0.317541,
        "mrr_at_1000": 0.318444,
        "nauc_ndcg_at_1_max": 0.163549,
        "nauc_ndcg_at_1_std": -0.128654,
        "nauc_ndcg_at_1_diff1": 0.37457,
        "nauc_ndcg_at_3_max": 0.168955,
        "nauc_ndcg_at_3_std": -0.124749,
        "nauc_ndcg_at_3_diff1": 0.301217,
        "nauc_ndcg_at_5_max": 0.171376,
        "nauc_ndcg_at_5_std": -0.115705,
        "nauc_ndcg_at_5_diff1": 0.290796,
        "nauc_ndcg_at_10_max": 0.16545,
        "nauc_ndcg_at_10_std": -0.112791,
        "nauc_ndcg_at_10_diff1": 0.286035,
        "nauc_ndcg_at_20_max": 0.176407,
        "nauc_ndcg_at_20_std": -0.102694,
        "nauc_ndcg_at_20_diff1": 0.280619,
        "nauc_ndcg_at_100_max": 0.193663,
        "nauc_ndcg_at_100_std": -0.085754,
        "nauc_ndcg_at_100_diff1": 0.296415,
        "nauc_ndcg_at_1000_max": 0.182675,
        "nauc_ndcg_at_1000_std": -0.096383,
        "nauc_ndcg_at_1000_diff1": 0.300056,
        "nauc_map_at_1_max": 0.163549,
        "nauc_map_at_1_std": -0.128654,
        "nauc_map_at_1_diff1": 0.37457,
        "nauc_map_at_3_max": 0.167636,
        "nauc_map_at_3_std": -0.124285,
        "nauc_map_at_3_diff1": 0.316892,
        "nauc_map_at_5_max": 0.169337,
        "nauc_map_at_5_std": -0.118736,
        "nauc_map_at_5_diff1": 0.310845,
        "nauc_map_at_10_max": 0.167037,
        "nauc_map_at_10_std": -0.117497,
        "nauc_map_at_10_diff1": 0.308604,
        "nauc_map_at_20_max": 0.170111,
        "nauc_map_at_20_std": -0.1147,
        "nauc_map_at_20_diff1": 0.307516,
        "nauc_map_at_100_max": 0.17204,
        "nauc_map_at_100_std": -0.112946,
        "nauc_map_at_100_diff1": 0.309877,
        "nauc_map_at_1000_max": 0.171783,
        "nauc_map_at_1000_std": -0.11305,
        "nauc_map_at_1000_diff1": 0.309935,
        "nauc_recall_at_1_max": 0.163549,
        "nauc_recall_at_1_std": -0.128654,
        "nauc_recall_at_1_diff1": 0.37457,
        "nauc_recall_at_3_max": 0.172502,
        "nauc_recall_at_3_std": -0.126487,
        "nauc_recall_at_3_diff1": 0.259857,
        "nauc_recall_at_5_max": 0.176745,
        "nauc_recall_at_5_std": -0.10748,
        "nauc_recall_at_5_diff1": 0.236948,
        "nauc_recall_at_10_max": 0.158405,
        "nauc_recall_at_10_std": -0.098752,
        "nauc_recall_at_10_diff1": 0.222716,
        "nauc_recall_at_20_max": 0.201743,
        "nauc_recall_at_20_std": -0.056825,
        "nauc_recall_at_20_diff1": 0.192428,
        "nauc_recall_at_100_max": 0.356689,
        "nauc_recall_at_100_std": 0.108242,
        "nauc_recall_at_100_diff1": 0.268959,
        "nauc_recall_at_1000_max": 0.408692,
        "nauc_recall_at_1000_std": 0.275299,
        "nauc_recall_at_1000_diff1": 0.426241,
        "nauc_precision_at_1_max": 0.163549,
        "nauc_precision_at_1_std": -0.128654,
        "nauc_precision_at_1_diff1": 0.37457,
        "nauc_precision_at_3_max": 0.172502,
        "nauc_precision_at_3_std": -0.126487,
        "nauc_precision_at_3_diff1": 0.259857,
        "nauc_precision_at_5_max": 0.176745,
        "nauc_precision_at_5_std": -0.10748,
        "nauc_precision_at_5_diff1": 0.236948,
        "nauc_precision_at_10_max": 0.158405,
        "nauc_precision_at_10_std": -0.098752,
        "nauc_precision_at_10_diff1": 0.222716,
        "nauc_precision_at_20_max": 0.201743,
        "nauc_precision_at_20_std": -0.056825,
        "nauc_precision_at_20_diff1": 0.192428,
        "nauc_precision_at_100_max": 0.356689,
        "nauc_precision_at_100_std": 0.108242,
        "nauc_precision_at_100_diff1": 0.268959,
        "nauc_precision_at_1000_max": 0.408692,
        "nauc_precision_at_1000_std": 0.275299,
        "nauc_precision_at_1000_diff1": 0.426241,
        "nauc_mrr_at_1_max": 0.163549,
        "nauc_mrr_at_1_std": -0.128654,
        "nauc_mrr_at_1_diff1": 0.37457,
        "nauc_mrr_at_3_max": 0.167636,
        "nauc_mrr_at_3_std": -0.124285,
        "nauc_mrr_at_3_diff1": 0.316892,
        "nauc_mrr_at_5_max": 0.169337,
        "nauc_mrr_at_5_std": -0.118736,
        "nauc_mrr_at_5_diff1": 0.310845,
        "nauc_mrr_at_10_max": 0.167037,
        "nauc_mrr_at_10_std": -0.117497,
        "nauc_mrr_at_10_diff1": 0.308604,
        "nauc_mrr_at_20_max": 0.170111,
        "nauc_mrr_at_20_std": -0.1147,
        "nauc_mrr_at_20_diff1": 0.307516,
        "nauc_mrr_at_100_max": 0.17204,
        "nauc_mrr_at_100_std": -0.112946,
        "nauc_mrr_at_100_diff1": 0.309877,
        "nauc_mrr_at_1000_max": 0.171783,
        "nauc_mrr_at_1000_std": -0.11305,
        "nauc_mrr_at_1000_diff1": 0.309935,
        "main_score": 0.35427,
        "hf_subset": "default",
        "languages": [
          "tur-Latn"
        ]
      }
    ]
  },
  "evaluation_time": 117.46425008773804,
  "kg_co2_emissions": null
}