{
  "dataset_revision": "main",
  "task_name": "MSMarcoTRRetrieval",
  "mteb_version": "1.31.3",
  "scores": {
    "test": [
      {
        "ndcg_at_1": 0.4709,
        "ndcg_at_3": 0.50527,
        "ndcg_at_5": 0.51138,
        "ndcg_at_10": 0.51734,
        "ndcg_at_20": 0.52037,
        "ndcg_at_100": 0.52401,
        "ndcg_at_1000": 0.52518,
        "map_at_1": 0.4709,
        "map_at_3": 0.49731,
        "map_at_5": 0.50073,
        "map_at_10": 0.50326,
        "map_at_20": 0.50413,
        "map_at_100": 0.50463,
        "map_at_1000": 0.50469,
        "recall_at_1": 0.4709,
        "recall_at_3": 0.52812,
        "recall_at_5": 0.54279,
        "recall_at_10": 0.56088,
        "recall_at_20": 0.57262,
        "recall_at_100": 0.59218,
        "recall_at_1000": 0.60098,
        "precision_at_1": 0.4709,
        "precision_at_3": 0.17604,
        "precision_at_5": 0.10856,
        "precision_at_10": 0.05609,
        "precision_at_20": 0.02863,
        "precision_at_100": 0.00592,
        "precision_at_1000": 0.0006,
        "mrr_at_1": 0.470905,
        "mrr_at_3": 0.497311,
        "mrr_at_5": 0.500733,
        "mrr_at_10": 0.503262,
        "mrr_at_20": 0.504128,
        "mrr_at_100": 0.504634,
        "mrr_at_1000": 0.504688,
        "nauc_ndcg_at_1_max": 0.75856,
        "nauc_ndcg_at_1_std": 0.106628,
        "nauc_ndcg_at_1_diff1": 0.803514,
        "nauc_ndcg_at_3_max": 0.757836,
        "nauc_ndcg_at_3_std": 0.113205,
        "nauc_ndcg_at_3_diff1": 0.769342,
        "nauc_ndcg_at_5_max": 0.752812,
        "nauc_ndcg_at_5_std": 0.11062,
        "nauc_ndcg_at_5_diff1": 0.762103,
        "nauc_ndcg_at_10_max": 0.747429,
        "nauc_ndcg_at_10_std": 0.109857,
        "nauc_ndcg_at_10_diff1": 0.755307,
        "nauc_ndcg_at_20_max": 0.745687,
        "nauc_ndcg_at_20_std": 0.108209,
        "nauc_ndcg_at_20_diff1": 0.7533,
        "nauc_ndcg_at_100_max": 0.74194,
        "nauc_ndcg_at_100_std": 0.106376,
        "nauc_ndcg_at_100_diff1": 0.748436,
        "nauc_ndcg_at_1000_max": 0.740582,
        "nauc_ndcg_at_1000_std": 0.105341,
        "nauc_ndcg_at_1000_diff1": 0.74713,
        "nauc_map_at_1_max": 0.75856,
        "nauc_map_at_1_std": 0.106628,
        "nauc_map_at_1_diff1": 0.803514,
        "nauc_map_at_3_max": 0.757733,
        "nauc_map_at_3_std": 0.111184,
        "nauc_map_at_3_diff1": 0.776881,
        "nauc_map_at_5_max": 0.754991,
        "nauc_map_at_5_std": 0.10978,
        "nauc_map_at_5_diff1": 0.772869,
        "nauc_map_at_10_max": 0.752731,
        "nauc_map_at_10_std": 0.109513,
        "nauc_map_at_10_diff1": 0.77006,
        "nauc_map_at_20_max": 0.752264,
        "nauc_map_at_20_std": 0.108983,
        "nauc_map_at_20_diff1": 0.769517,
        "nauc_map_at_100_max": 0.751743,
        "nauc_map_at_100_std": 0.108729,
        "nauc_map_at_100_diff1": 0.768853,
        "nauc_map_at_1000_max": 0.751679,
        "nauc_map_at_1000_std": 0.10869,
        "nauc_map_at_1000_diff1": 0.768795,
        "nauc_recall_at_1_max": 0.75856,
        "nauc_recall_at_1_std": 0.106628,
        "nauc_recall_at_1_diff1": 0.803514,
        "nauc_recall_at_3_max": 0.75826,
        "nauc_recall_at_3_std": 0.119339,
        "nauc_recall_at_3_diff1": 0.747455,
        "nauc_recall_at_5_max": 0.745654,
        "nauc_recall_at_5_std": 0.112886,
        "nauc_recall_at_5_diff1": 0.729321,
        "nauc_recall_at_10_max": 0.72859,
        "nauc_recall_at_10_std": 0.110235,
        "nauc_recall_at_10_diff1": 0.707173,
        "nauc_recall_at_20_max": 0.721118,
        "nauc_recall_at_20_std": 0.104054,
        "nauc_recall_at_20_diff1": 0.698308,
        "nauc_recall_at_100_max": 0.699199,
        "nauc_recall_at_100_std": 0.093559,
        "nauc_recall_at_100_diff1": 0.669312,
        "nauc_recall_at_1000_max": 0.687944,
        "nauc_recall_at_1000_std": 0.084677,
        "nauc_recall_at_1000_diff1": 0.657869,
        "nauc_precision_at_1_max": 0.75856,
        "nauc_precision_at_1_std": 0.106628,
        "nauc_precision_at_1_diff1": 0.803514,
        "nauc_precision_at_3_max": 0.75826,
        "nauc_precision_at_3_std": 0.119339,
        "nauc_precision_at_3_diff1": 0.747455,
        "nauc_precision_at_5_max": 0.745654,
        "nauc_precision_at_5_std": 0.112886,
        "nauc_precision_at_5_diff1": 0.729321,
        "nauc_precision_at_10_max": 0.72859,
        "nauc_precision_at_10_std": 0.110235,
        "nauc_precision_at_10_diff1": 0.707173,
        "nauc_precision_at_20_max": 0.721118,
        "nauc_precision_at_20_std": 0.104054,
        "nauc_precision_at_20_diff1": 0.698308,
        "nauc_precision_at_100_max": 0.699199,
        "nauc_precision_at_100_std": 0.093559,
        "nauc_precision_at_100_diff1": 0.669312,
        "nauc_precision_at_1000_max": 0.687944,
        "nauc_precision_at_1000_std": 0.084677,
        "nauc_precision_at_1000_diff1": 0.657869,
        "nauc_mrr_at_1_max": 0.75856,
        "nauc_mrr_at_1_std": 0.106628,
        "nauc_mrr_at_1_diff1": 0.803514,
        "nauc_mrr_at_3_max": 0.757733,
        "nauc_mrr_at_3_std": 0.111184,
        "nauc_mrr_at_3_diff1": 0.776881,
        "nauc_mrr_at_5_max": 0.754991,
        "nauc_mrr_at_5_std": 0.10978,
        "nauc_mrr_at_5_diff1": 0.772869,
        "nauc_mrr_at_10_max": 0.752731,
        "nauc_mrr_at_10_std": 0.109513,
        "nauc_mrr_at_10_diff1": 0.77006,
        "nauc_mrr_at_20_max": 0.752264,
        "nauc_mrr_at_20_std": 0.108983,
        "nauc_mrr_at_20_diff1": 0.769517,
        "nauc_mrr_at_100_max": 0.751743,
        "nauc_mrr_at_100_std": 0.108729,
        "nauc_mrr_at_100_diff1": 0.768853,
        "nauc_mrr_at_1000_max": 0.751679,
        "nauc_mrr_at_1000_std": 0.10869,
        "nauc_mrr_at_1000_diff1": 0.768795,
        "main_score": 0.51734,
        "hf_subset": "default",
        "languages": [
          "tur-Latn"
        ]
      }
    ]
  },
  "evaluation_time": 49.74608397483826,
  "kg_co2_emissions": null
}