{
  "dataset_revision": "main",
  "task_name": "NFCorpusTR",
  "mteb_version": "1.31.3",
  "scores": {
    "test": [
      {
        "ndcg_at_1": 0.04724,
        "ndcg_at_3": 0.0636,
        "ndcg_at_5": 0.06852,
        "ndcg_at_10": 0.07834,
        "ndcg_at_20": 0.08431,
        "ndcg_at_100": 0.11117,
        "ndcg_at_1000": 0.17892,
        "map_at_1": 0.04724,
        "map_at_3": 0.05971,
        "map_at_5": 0.06247,
        "map_at_10": 0.06631,
        "map_at_20": 0.06794,
        "map_at_100": 0.07105,
        "map_at_1000": 0.07289,
        "recall_at_1": 0.04724,
        "recall_at_3": 0.0748,
        "recall_at_5": 0.08661,
        "recall_at_10": 0.11811,
        "recall_at_20": 0.14173,
        "recall_at_100": 0.29528,
        "recall_at_1000": 0.87008,
        "precision_at_1": 0.04724,
        "precision_at_3": 0.02493,
        "precision_at_5": 0.01732,
        "precision_at_10": 0.01181,
        "precision_at_20": 0.00709,
        "precision_at_100": 0.00295,
        "precision_at_1000": 0.00087,
        "mrr_at_1": 0.047244,
        "mrr_at_3": 0.059711,
        "mrr_at_5": 0.06227,
        "mrr_at_10": 0.066109,
        "mrr_at_20": 0.067745,
        "mrr_at_100": 0.070849,
        "mrr_at_1000": 0.07269,
        "nauc_ndcg_at_1_max": 0.273711,
        "nauc_ndcg_at_1_std": 0.092564,
        "nauc_ndcg_at_1_diff1": 0.454593,
        "nauc_ndcg_at_3_max": 0.334296,
        "nauc_ndcg_at_3_std": 0.14954,
        "nauc_ndcg_at_3_diff1": 0.37877,
        "nauc_ndcg_at_5_max": 0.35022,
        "nauc_ndcg_at_5_std": 0.173713,
        "nauc_ndcg_at_5_diff1": 0.385907,
        "nauc_ndcg_at_10_max": 0.328713,
        "nauc_ndcg_at_10_std": 0.19248,
        "nauc_ndcg_at_10_diff1": 0.371927,
        "nauc_ndcg_at_20_max": 0.351971,
        "nauc_ndcg_at_20_std": 0.227289,
        "nauc_ndcg_at_20_diff1": 0.343791,
        "nauc_ndcg_at_100_max": 0.316825,
        "nauc_ndcg_at_100_std": 0.223339,
        "nauc_ndcg_at_100_diff1": 0.260334,
        "nauc_ndcg_at_1000_max": 0.318104,
        "nauc_ndcg_at_1000_std": 0.212306,
        "nauc_ndcg_at_1000_diff1": 0.280876,
        "nauc_map_at_1_max": 0.273711,
        "nauc_map_at_1_std": 0.092564,
        "nauc_map_at_1_diff1": 0.454593,
        "nauc_map_at_3_max": 0.320245,
        "nauc_map_at_3_std": 0.13594,
        "nauc_map_at_3_diff1": 0.393347,
        "nauc_map_at_5_max": 0.331021,
        "nauc_map_at_5_std": 0.152011,
        "nauc_map_at_5_diff1": 0.396816,
        "nauc_map_at_10_max": 0.322475,
        "nauc_map_at_10_std": 0.162085,
        "nauc_map_at_10_diff1": 0.388733,
        "nauc_map_at_20_max": 0.330229,
        "nauc_map_at_20_std": 0.173592,
        "nauc_map_at_20_diff1": 0.379073,
        "nauc_map_at_100_max": 0.32475,
        "nauc_map_at_100_std": 0.175245,
        "nauc_map_at_100_diff1": 0.363307,
        "nauc_map_at_1000_max": 0.324161,
        "nauc_map_at_1000_std": 0.174654,
        "nauc_map_at_1000_diff1": 0.362589,
        "nauc_recall_at_1_max": 0.273711,
        "nauc_recall_at_1_std": 0.092564,
        "nauc_recall_at_1_diff1": 0.454593,
        "nauc_recall_at_3_max": 0.367484,
        "nauc_recall_at_3_std": 0.181768,
        "nauc_recall_at_3_diff1": 0.345154,
        "nauc_recall_at_5_max": 0.392153,
        "nauc_recall_at_5_std": 0.221533,
        "nauc_recall_at_5_diff1": 0.364139,
        "nauc_recall_at_10_max": 0.334758,
        "nauc_recall_at_10_std": 0.250588,
        "nauc_recall_at_10_diff1": 0.342231,
        "nauc_recall_at_20_max": 0.392481,
        "nauc_recall_at_20_std": 0.332371,
        "nauc_recall_at_20_diff1": 0.275922,
        "nauc_recall_at_100_max": 0.286011,
        "nauc_recall_at_100_std": 0.279732,
        "nauc_recall_at_100_diff1": 0.085232,
        "nauc_recall_at_1000_max": 0.288503,
        "nauc_recall_at_1000_std": 0.292479,
        "nauc_recall_at_1000_diff1": 0.051269,
        "nauc_precision_at_1_max": 0.273711,
        "nauc_precision_at_1_std": 0.092564,
        "nauc_precision_at_1_diff1": 0.454593,
        "nauc_precision_at_3_max": 0.367484,
        "nauc_precision_at_3_std": 0.181768,
        "nauc_precision_at_3_diff1": 0.345154,
        "nauc_precision_at_5_max": 0.392153,
        "nauc_precision_at_5_std": 0.221533,
        "nauc_precision_at_5_diff1": 0.364139,
        "nauc_precision_at_10_max": 0.334758,
        "nauc_precision_at_10_std": 0.250588,
        "nauc_precision_at_10_diff1": 0.342231,
        "nauc_precision_at_20_max": 0.392481,
        "nauc_precision_at_20_std": 0.332371,
        "nauc_precision_at_20_diff1": 0.275922,
        "nauc_precision_at_100_max": 0.286011,
        "nauc_precision_at_100_std": 0.279732,
        "nauc_precision_at_100_diff1": 0.085232,
        "nauc_precision_at_1000_max": 0.288503,
        "nauc_precision_at_1000_std": 0.292479,
        "nauc_precision_at_1000_diff1": 0.051269,
        "nauc_mrr_at_1_max": 0.273711,
        "nauc_mrr_at_1_std": 0.092564,
        "nauc_mrr_at_1_diff1": 0.454593,
        "nauc_mrr_at_3_max": 0.320245,
        "nauc_mrr_at_3_std": 0.13594,
        "nauc_mrr_at_3_diff1": 0.393347,
        "nauc_mrr_at_5_max": 0.331048,
        "nauc_mrr_at_5_std": 0.151472,
        "nauc_mrr_at_5_diff1": 0.394909,
        "nauc_mrr_at_10_max": 0.322475,
        "nauc_mrr_at_10_std": 0.161602,
        "nauc_mrr_at_10_diff1": 0.386892,
        "nauc_mrr_at_20_max": 0.330252,
        "nauc_mrr_at_20_std": 0.17315,
        "nauc_mrr_at_20_diff1": 0.377233,
        "nauc_mrr_at_100_max": 0.324756,
        "nauc_mrr_at_100_std": 0.174819,
        "nauc_mrr_at_100_diff1": 0.361465,
        "nauc_mrr_at_1000_max": 0.324165,
        "nauc_mrr_at_1000_std": 0.174224,
        "nauc_mrr_at_1000_diff1": 0.36074,
        "main_score": 0.07834,
        "hf_subset": "default",
        "languages": [
          "tur-Latn"
        ]
      }
    ]
  },
  "evaluation_time": 162.51265501976013,
  "kg_co2_emissions": null
}