{
  "dataset_revision": "main",
  "task_name": "QuoraRetrievalTR",
  "mteb_version": "1.31.3",
  "scores": {
    "test": [
      {
        "ndcg_at_1": 0.86334,
        "ndcg_at_3": 0.91656,
        "ndcg_at_5": 0.92235,
        "ndcg_at_10": 0.92716,
        "ndcg_at_20": 0.92952,
        "ndcg_at_100": 0.93096,
        "ndcg_at_1000": 0.93117,
        "map_at_1": 0.86334,
        "map_at_3": 0.90413,
        "map_at_5": 0.90729,
        "map_at_10": 0.90918,
        "map_at_20": 0.90984,
        "map_at_100": 0.91008,
        "map_at_1000": 0.91009,
        "recall_at_1": 0.86334,
        "recall_at_3": 0.95225,
        "recall_at_5": 0.96652,
        "recall_at_10": 0.98189,
        "recall_at_20": 0.99122,
        "recall_at_100": 0.99835,
        "recall_at_1000": 1.0,
        "precision_at_1": 0.86334,
        "precision_at_3": 0.31742,
        "precision_at_5": 0.1933,
        "precision_at_10": 0.09819,
        "precision_at_20": 0.04956,
        "precision_at_100": 0.00998,
        "precision_at_1000": 0.001,
        "mrr_at_1": 0.863337,
        "mrr_at_3": 0.904135,
        "mrr_at_5": 0.907291,
        "mrr_at_10": 0.909185,
        "mrr_at_20": 0.909835,
        "mrr_at_100": 0.910078,
        "mrr_at_1000": 0.910087,
        "nauc_ndcg_at_1_max": 0.501169,
        "nauc_ndcg_at_1_std": -0.374038,
        "nauc_ndcg_at_1_diff1": 0.884184,
        "nauc_ndcg_at_3_max": 0.559847,
        "nauc_ndcg_at_3_std": -0.503836,
        "nauc_ndcg_at_3_diff1": 0.88144,
        "nauc_ndcg_at_5_max": 0.550292,
        "nauc_ndcg_at_5_std": -0.499218,
        "nauc_ndcg_at_5_diff1": 0.882949,
        "nauc_ndcg_at_10_max": 0.546567,
        "nauc_ndcg_at_10_std": -0.487776,
        "nauc_ndcg_at_10_diff1": 0.882522,
        "nauc_ndcg_at_20_max": 0.539472,
        "nauc_ndcg_at_20_std": -0.477878,
        "nauc_ndcg_at_20_diff1": 0.881982,
        "nauc_ndcg_at_100_max": 0.540304,
        "nauc_ndcg_at_100_std": -0.465114,
        "nauc_ndcg_at_100_diff1": 0.882747,
        "nauc_ndcg_at_1000_max": 0.539237,
        "nauc_ndcg_at_1000_std": -0.461679,
        "nauc_ndcg_at_1000_diff1": 0.882367,
        "nauc_map_at_1_max": 0.501169,
        "nauc_map_at_1_std": -0.374038,
        "nauc_map_at_1_diff1": 0.884184,
        "nauc_map_at_3_max": 0.542334,
        "nauc_map_at_3_std": -0.4594,
        "nauc_map_at_3_diff1": 0.881462,
        "nauc_map_at_5_max": 0.53726,
        "nauc_map_at_5_std": -0.45629,
        "nauc_map_at_5_diff1": 0.882059,
        "nauc_map_at_10_max": 0.536357,
        "nauc_map_at_10_std": -0.451455,
        "nauc_map_at_10_diff1": 0.882143,
        "nauc_map_at_20_max": 0.534746,
        "nauc_map_at_20_std": -0.449217,
        "nauc_map_at_20_diff1": 0.882042,
        "nauc_map_at_100_max": 0.534858,
        "nauc_map_at_100_std": -0.447589,
        "nauc_map_at_100_diff1": 0.882139,
        "nauc_map_at_1000_max": 0.534821,
        "nauc_map_at_1000_std": -0.447487,
        "nauc_map_at_1000_diff1": 0.882126,
        "nauc_recall_at_1_max": 0.501169,
        "nauc_recall_at_1_std": -0.374038,
        "nauc_recall_at_1_diff1": 0.884184,
        "nauc_recall_at_3_max": 0.656783,
        "nauc_recall_at_3_std": -0.755049,
        "nauc_recall_at_3_diff1": 0.882049,
        "nauc_recall_at_5_max": 0.645601,
        "nauc_recall_at_5_std": -0.830064,
        "nauc_recall_at_5_diff1": 0.891812,
        "nauc_recall_at_10_max": 0.665706,
        "nauc_recall_at_10_std": -0.974781,
        "nauc_recall_at_10_diff1": 0.88798,
        "nauc_recall_at_20_max": 0.573201,
        "nauc_recall_at_20_std": -1.174323,
        "nauc_recall_at_20_diff1": 0.875742,
        "nauc_recall_at_100_max": 0.863858,
        "nauc_recall_at_100_std": -1.544626,
        "nauc_recall_at_100_diff1": 1.0,
        "nauc_recall_at_1000_max": NaN,
        "nauc_recall_at_1000_std": NaN,
        "nauc_recall_at_1000_diff1": NaN,
        "nauc_precision_at_1_max": 0.501169,
        "nauc_precision_at_1_std": -0.374038,
        "nauc_precision_at_1_diff1": 0.884184,
        "nauc_precision_at_3_max": 0.656783,
        "nauc_precision_at_3_std": -0.755049,
        "nauc_precision_at_3_diff1": 0.882049,
        "nauc_precision_at_5_max": 0.645601,
        "nauc_precision_at_5_std": -0.830064,
        "nauc_precision_at_5_diff1": 0.891812,
        "nauc_precision_at_10_max": 0.665706,
        "nauc_precision_at_10_std": -0.974781,
        "nauc_precision_at_10_diff1": 0.88798,
        "nauc_precision_at_20_max": 0.573201,
        "nauc_precision_at_20_std": -1.174323,
        "nauc_precision_at_20_diff1": 0.875742,
        "nauc_precision_at_100_max": 0.863858,
        "nauc_precision_at_100_std": -1.544626,
        "nauc_precision_at_100_diff1": 1.0,
        "nauc_precision_at_1000_max": 1.0,
        "nauc_precision_at_1000_std": 1.0,
        "nauc_precision_at_1000_diff1": 1.0,
        "nauc_mrr_at_1_max": 0.50362,
        "nauc_mrr_at_1_std": -0.367504,
        "nauc_mrr_at_1_diff1": 0.884184,
        "nauc_mrr_at_3_max": 0.544063,
        "nauc_mrr_at_3_std": -0.454792,
        "nauc_mrr_at_3_diff1": 0.881462,
        "nauc_mrr_at_5_max": 0.53905,
        "nauc_mrr_at_5_std": -0.45152,
        "nauc_mrr_at_5_diff1": 0.882059,
        "nauc_mrr_at_10_max": 0.538185,
        "nauc_mrr_at_10_std": -0.446583,
        "nauc_mrr_at_10_diff1": 0.882143,
        "nauc_mrr_at_20_max": 0.536588,
        "nauc_mrr_at_20_std": -0.444309,
        "nauc_mrr_at_20_diff1": 0.882042,
        "nauc_mrr_at_100_max": 0.536705,
        "nauc_mrr_at_100_std": -0.442667,
        "nauc_mrr_at_100_diff1": 0.882139,
        "nauc_mrr_at_1000_max": 0.536668,
        "nauc_mrr_at_1000_std": -0.442564,
        "nauc_mrr_at_1000_diff1": 0.882126,
        "main_score": 0.92716,
        "hf_subset": "default",
        "languages": [
          "tur-Latn"
        ]
      }
    ]
  },
  "evaluation_time": 32.257323026657104,
  "kg_co2_emissions": null
}