{
  "dataset_revision": "main",
  "task_name": "SCIDOCSTR",
  "mteb_version": "1.31.3",
  "scores": {
    "test": [
      {
        "ndcg_at_1": 0.01338,
        "ndcg_at_3": 0.02121,
        "ndcg_at_5": 0.02485,
        "ndcg_at_10": 0.02876,
        "ndcg_at_20": 0.03326,
        "ndcg_at_100": 0.04366,
        "ndcg_at_1000": 0.09213,
        "map_at_1": 0.01338,
        "map_at_3": 0.01895,
        "map_at_5": 0.02096,
        "map_at_10": 0.02253,
        "map_at_20": 0.02376,
        "map_at_100": 0.02499,
        "map_at_1000": 0.0262,
        "recall_at_1": 0.01338,
        "recall_at_3": 0.02787,
        "recall_at_5": 0.03679,
        "recall_at_10": 0.04905,
        "recall_at_20": 0.06689,
        "recall_at_100": 0.12598,
        "recall_at_1000": 0.54627,
        "precision_at_1": 0.01338,
        "precision_at_3": 0.00929,
        "precision_at_5": 0.00736,
        "precision_at_10": 0.00491,
        "precision_at_20": 0.00334,
        "precision_at_100": 0.00126,
        "precision_at_1000": 0.00055,
        "mrr_at_1": 0.013378,
        "mrr_at_3": 0.018952,
        "mrr_at_5": 0.020959,
        "mrr_at_10": 0.022531,
        "mrr_at_20": 0.023763,
        "mrr_at_100": 0.024993,
        "mrr_at_1000": 0.026198,
        "nauc_ndcg_at_1_max": 0.135991,
        "nauc_ndcg_at_1_std": -0.015738,
        "nauc_ndcg_at_1_diff1": 0.524055,
        "nauc_ndcg_at_3_max": 0.197983,
        "nauc_ndcg_at_3_std": 0.153065,
        "nauc_ndcg_at_3_diff1": 0.261839,
        "nauc_ndcg_at_5_max": 0.173165,
        "nauc_ndcg_at_5_std": 0.144412,
        "nauc_ndcg_at_5_diff1": 0.233144,
        "nauc_ndcg_at_10_max": 0.186784,
        "nauc_ndcg_at_10_std": 0.11405,
        "nauc_ndcg_at_10_diff1": 0.247098,
        "nauc_ndcg_at_20_max": 0.150536,
        "nauc_ndcg_at_20_std": 0.117534,
        "nauc_ndcg_at_20_diff1": 0.20172,
        "nauc_ndcg_at_100_max": 0.107005,
        "nauc_ndcg_at_100_std": 0.061792,
        "nauc_ndcg_at_100_diff1": 0.150204,
        "nauc_ndcg_at_1000_max": 0.072224,
        "nauc_ndcg_at_1000_std": 0.031324,
        "nauc_ndcg_at_1000_diff1": 0.106083,
        "nauc_map_at_1_max": 0.135991,
        "nauc_map_at_1_std": -0.015738,
        "nauc_map_at_1_diff1": 0.524055,
        "nauc_map_at_3_max": 0.186588,
        "nauc_map_at_3_std": 0.12286,
        "nauc_map_at_3_diff1": 0.318533,
        "nauc_map_at_5_max": 0.172426,
        "nauc_map_at_5_std": 0.121194,
        "nauc_map_at_5_diff1": 0.294087,
        "nauc_map_at_10_max": 0.179761,
        "nauc_map_at_10_std": 0.105739,
        "nauc_map_at_10_diff1": 0.298044,
        "nauc_map_at_20_max": 0.167332,
        "nauc_map_at_20_std": 0.108369,
        "nauc_map_at_20_diff1": 0.278153,
        "nauc_map_at_100_max": 0.155385,
        "nauc_map_at_100_std": 0.096934,
        "nauc_map_at_100_diff1": 0.262485,
        "nauc_map_at_1000_max": 0.153043,
        "nauc_map_at_1000_std": 0.095606,
        "nauc_map_at_1000_diff1": 0.256409,
        "nauc_recall_at_1_max": 0.135991,
        "nauc_recall_at_1_std": -0.015738,
        "nauc_recall_at_1_diff1": 0.524055,
        "nauc_recall_at_3_max": 0.22058,
        "nauc_recall_at_3_std": 0.212751,
        "nauc_recall_at_3_diff1": 0.147201,
        "nauc_recall_at_5_max": 0.171849,
        "nauc_recall_at_5_std": 0.181407,
        "nauc_recall_at_5_diff1": 0.128245,
        "nauc_recall_at_10_max": 0.196551,
        "nauc_recall_at_10_std": 0.119861,
        "nauc_recall_at_10_diff1": 0.17764,
        "nauc_recall_at_20_max": 0.119905,
        "nauc_recall_at_20_std": 0.123153,
        "nauc_recall_at_20_diff1": 0.106678,
        "nauc_recall_at_100_max": 0.052147,
        "nauc_recall_at_100_std": 0.008521,
        "nauc_recall_at_100_diff1": 0.047881,
        "nauc_recall_at_1000_max": -0.011387,
        "nauc_recall_at_1000_std": -0.050575,
        "nauc_recall_at_1000_diff1": -0.001527,
        "nauc_precision_at_1_max": 0.135991,
        "nauc_precision_at_1_std": -0.015738,
        "nauc_precision_at_1_diff1": 0.524055,
        "nauc_precision_at_3_max": 0.22058,
        "nauc_precision_at_3_std": 0.212751,
        "nauc_precision_at_3_diff1": 0.147201,
        "nauc_precision_at_5_max": 0.171849,
        "nauc_precision_at_5_std": 0.181407,
        "nauc_precision_at_5_diff1": 0.128245,
        "nauc_precision_at_10_max": 0.196551,
        "nauc_precision_at_10_std": 0.119861,
        "nauc_precision_at_10_diff1": 0.17764,
        "nauc_precision_at_20_max": 0.119905,
        "nauc_precision_at_20_std": 0.123153,
        "nauc_precision_at_20_diff1": 0.106678,
        "nauc_precision_at_100_max": 0.052147,
        "nauc_precision_at_100_std": 0.008521,
        "nauc_precision_at_100_diff1": 0.047881,
        "nauc_precision_at_1000_max": -0.011387,
        "nauc_precision_at_1000_std": -0.050575,
        "nauc_precision_at_1000_diff1": -0.001527,
        "nauc_mrr_at_1_max": 0.135991,
        "nauc_mrr_at_1_std": -0.015738,
        "nauc_mrr_at_1_diff1": 0.524055,
        "nauc_mrr_at_3_max": 0.186588,
        "nauc_mrr_at_3_std": 0.12286,
        "nauc_mrr_at_3_diff1": 0.318533,
        "nauc_mrr_at_5_max": 0.172426,
        "nauc_mrr_at_5_std": 0.121194,
        "nauc_mrr_at_5_diff1": 0.294087,
        "nauc_mrr_at_10_max": 0.179761,
        "nauc_mrr_at_10_std": 0.105739,
        "nauc_mrr_at_10_diff1": 0.298044,
        "nauc_mrr_at_20_max": 0.167332,
        "nauc_mrr_at_20_std": 0.108369,
        "nauc_mrr_at_20_diff1": 0.278153,
        "nauc_mrr_at_100_max": 0.155385,
        "nauc_mrr_at_100_std": 0.096934,
        "nauc_mrr_at_100_diff1": 0.262485,
        "nauc_mrr_at_1000_max": 0.153043,
        "nauc_mrr_at_1000_std": 0.095606,
        "nauc_mrr_at_1000_diff1": 0.256409,
        "main_score": 0.02876,
        "hf_subset": "default",
        "languages": [
          "tur-Latn"
        ]
      }
    ]
  },
  "evaluation_time": 154.24873113632202,
  "kg_co2_emissions": null
}