{
  "dataset_revision": "main",
  "task_name": "SciFactTR",
  "mteb_version": "1.31.3",
  "scores": {
    "test": [
      {
        "ndcg_at_1": 0.65,
        "ndcg_at_3": 0.7273,
        "ndcg_at_5": 0.74623,
        "ndcg_at_10": 0.76686,
        "ndcg_at_20": 0.7798,
        "ndcg_at_100": 0.78871,
        "ndcg_at_1000": 0.79055,
        "map_at_1": 0.65,
        "map_at_3": 0.71,
        "map_at_5": 0.72033,
        "map_at_10": 0.72894,
        "map_at_20": 0.73263,
        "map_at_100": 0.73372,
        "map_at_1000": 0.73381,
        "recall_at_1": 0.65,
        "recall_at_3": 0.77667,
        "recall_at_5": 0.82333,
        "recall_at_10": 0.88667,
        "recall_at_20": 0.93667,
        "recall_at_100": 0.98667,
        "recall_at_1000": 1.0,
        "precision_at_1": 0.65,
        "precision_at_3": 0.25889,
        "precision_at_5": 0.16467,
        "precision_at_10": 0.08867,
        "precision_at_20": 0.04683,
        "precision_at_100": 0.00987,
        "precision_at_1000": 0.001,
        "mrr_at_1": 0.65,
        "mrr_at_3": 0.71,
        "mrr_at_5": 0.720333,
        "mrr_at_10": 0.728937,
        "mrr_at_20": 0.732631,
        "mrr_at_100": 0.733723,
        "mrr_at_1000": 0.733813,
        "nauc_ndcg_at_1_max": 0.491225,
        "nauc_ndcg_at_1_std": -0.021314,
        "nauc_ndcg_at_1_diff1": 0.748925,
        "nauc_ndcg_at_3_max": 0.530589,
        "nauc_ndcg_at_3_std": -0.038008,
        "nauc_ndcg_at_3_diff1": 0.740122,
        "nauc_ndcg_at_5_max": 0.555347,
        "nauc_ndcg_at_5_std": -0.007823,
        "nauc_ndcg_at_5_diff1": 0.743793,
        "nauc_ndcg_at_10_max": 0.551029,
        "nauc_ndcg_at_10_std": 0.020363,
        "nauc_ndcg_at_10_diff1": 0.732256,
        "nauc_ndcg_at_20_max": 0.557935,
        "nauc_ndcg_at_20_std": 0.031048,
        "nauc_ndcg_at_20_diff1": 0.731112,
        "nauc_ndcg_at_100_max": 0.541144,
        "nauc_ndcg_at_100_std": 0.007895,
        "nauc_ndcg_at_100_diff1": 0.734596,
        "nauc_ndcg_at_1000_max": 0.540625,
        "nauc_ndcg_at_1000_std": 0.003015,
        "nauc_ndcg_at_1000_diff1": 0.737964,
        "nauc_map_at_1_max": 0.491225,
        "nauc_map_at_1_std": -0.021314,
        "nauc_map_at_1_diff1": 0.748925,
        "nauc_map_at_3_max": 0.520865,
        "nauc_map_at_3_std": -0.032433,
        "nauc_map_at_3_diff1": 0.742735,
        "nauc_map_at_5_max": 0.532915,
        "nauc_map_at_5_std": -0.016819,
        "nauc_map_at_5_diff1": 0.744403,
        "nauc_map_at_10_max": 0.530862,
        "nauc_map_at_10_std": -0.006819,
        "nauc_map_at_10_diff1": 0.740474,
        "nauc_map_at_20_max": 0.532365,
        "nauc_map_at_20_std": -0.004497,
        "nauc_map_at_20_diff1": 0.740326,
        "nauc_map_at_100_max": 0.530713,
        "nauc_map_at_100_std": -0.007232,
        "nauc_map_at_100_diff1": 0.740902,
        "nauc_map_at_1000_max": 0.530711,
        "nauc_map_at_1000_std": -0.007438,
        "nauc_map_at_1000_diff1": 0.741056,
        "nauc_recall_at_1_max": 0.491225,
        "nauc_recall_at_1_std": -0.021314,
        "nauc_recall_at_1_diff1": 0.748925,
        "nauc_recall_at_3_max": 0.564067,
        "nauc_recall_at_3_std": -0.058023,
        "nauc_recall_at_3_diff1": 0.73088,
        "nauc_recall_at_5_max": 0.653213,
        "nauc_recall_at_5_std": 0.035149,
        "nauc_recall_at_5_diff1": 0.742459,
        "nauc_recall_at_10_max": 0.67436,
        "nauc_recall_at_10_std": 0.21317,
        "nauc_recall_at_10_diff1": 0.674234,
        "nauc_recall_at_20_max": 0.844366,
        "nauc_recall_at_20_std": 0.479458,
        "nauc_recall_at_20_diff1": 0.616787,
        "nauc_recall_at_100_max": 0.605042,
        "nauc_recall_at_100_std": 0.477241,
        "nauc_recall_at_100_diff1": 0.418417,
        "nauc_recall_at_1000_max": NaN,
        "nauc_recall_at_1000_std": NaN,
        "nauc_recall_at_1000_diff1": NaN,
        "nauc_precision_at_1_max": 0.491225,
        "nauc_precision_at_1_std": -0.021314,
        "nauc_precision_at_1_diff1": 0.748925,
        "nauc_precision_at_3_max": 0.564067,
        "nauc_precision_at_3_std": -0.058023,
        "nauc_precision_at_3_diff1": 0.73088,
        "nauc_precision_at_5_max": 0.653213,
        "nauc_precision_at_5_std": 0.035149,
        "nauc_precision_at_5_diff1": 0.742459,
        "nauc_precision_at_10_max": 0.67436,
        "nauc_precision_at_10_std": 0.21317,
        "nauc_precision_at_10_diff1": 0.674234,
        "nauc_precision_at_20_max": 0.844366,
        "nauc_precision_at_20_std": 0.479458,
        "nauc_precision_at_20_diff1": 0.616787,
        "nauc_precision_at_100_max": 0.605042,
        "nauc_precision_at_100_std": 0.477241,
        "nauc_precision_at_100_diff1": 0.418417,
        "nauc_precision_at_1000_max": 1.0,
        "nauc_precision_at_1000_std": 1.0,
        "nauc_precision_at_1000_diff1": 1.0,
        "nauc_mrr_at_1_max": 0.491225,
        "nauc_mrr_at_1_std": -0.021314,
        "nauc_mrr_at_1_diff1": 0.748925,
        "nauc_mrr_at_3_max": 0.520865,
        "nauc_mrr_at_3_std": -0.032433,
        "nauc_mrr_at_3_diff1": 0.742735,
        "nauc_mrr_at_5_max": 0.532915,
        "nauc_mrr_at_5_std": -0.016819,
        "nauc_mrr_at_5_diff1": 0.744403,
        "nauc_mrr_at_10_max": 0.530862,
        "nauc_mrr_at_10_std": -0.006819,
        "nauc_mrr_at_10_diff1": 0.740474,
        "nauc_mrr_at_20_max": 0.532365,
        "nauc_mrr_at_20_std": -0.004497,
        "nauc_mrr_at_20_diff1": 0.740326,
        "nauc_mrr_at_100_max": 0.530713,
        "nauc_mrr_at_100_std": -0.007232,
        "nauc_mrr_at_100_diff1": 0.740902,
        "nauc_mrr_at_1000_max": 0.530711,
        "nauc_mrr_at_1000_std": -0.007438,
        "nauc_mrr_at_1000_diff1": 0.741056,
        "main_score": 0.76686,
        "hf_subset": "default",
        "languages": [
          "tur-Latn"
        ]
      }
    ]
  },
  "evaluation_time": 37.69817590713501,
  "kg_co2_emissions": null
}