{
  "dataset_revision": "main",
  "task_name": "SquadTRRetrieval",
  "mteb_version": "1.31.3",
  "scores": {
    "test": [
      {
        "ndcg_at_1": 0.53118,
        "ndcg_at_3": 0.63547,
        "ndcg_at_5": 0.6627,
        "ndcg_at_10": 0.6877,
        "ndcg_at_20": 0.70063,
        "ndcg_at_100": 0.71361,
        "ndcg_at_1000": 0.71741,
        "map_at_1": 0.53118,
        "map_at_3": 0.60994,
        "map_at_5": 0.62505,
        "map_at_10": 0.63553,
        "map_at_20": 0.63913,
        "map_at_100": 0.64105,
        "map_at_1000": 0.64121,
        "recall_at_1": 0.53118,
        "recall_at_3": 0.70932,
        "recall_at_5": 0.77542,
        "recall_at_10": 0.85189,
        "recall_at_20": 0.90254,
        "recall_at_100": 0.97081,
        "recall_at_1000": 0.99988,
        "precision_at_1": 0.53118,
        "precision_at_3": 0.23644,
        "precision_at_5": 0.15508,
        "precision_at_10": 0.08519,
        "precision_at_20": 0.04513,
        "precision_at_100": 0.00971,
        "precision_at_1000": 0.001,
        "mrr_at_1": 0.531178,
        "mrr_at_3": 0.609938,
        "mrr_at_5": 0.625045,
        "mrr_at_10": 0.635526,
        "mrr_at_20": 0.639133,
        "mrr_at_100": 0.641049,
        "mrr_at_1000": 0.641206,
        "nauc_ndcg_at_1_max": 0.383878,
        "nauc_ndcg_at_1_std": 0.038747,
        "nauc_ndcg_at_1_diff1": 0.647926,
        "nauc_ndcg_at_3_max": 0.428223,
        "nauc_ndcg_at_3_std": 0.065884,
        "nauc_ndcg_at_3_diff1": 0.60594,
        "nauc_ndcg_at_5_max": 0.439652,
        "nauc_ndcg_at_5_std": 0.075272,
        "nauc_ndcg_at_5_diff1": 0.603217,
        "nauc_ndcg_at_10_max": 0.451528,
        "nauc_ndcg_at_10_std": 0.095197,
        "nauc_ndcg_at_10_diff1": 0.603342,
        "nauc_ndcg_at_20_max": 0.452795,
        "nauc_ndcg_at_20_std": 0.101538,
        "nauc_ndcg_at_20_diff1": 0.606031,
        "nauc_ndcg_at_100_max": 0.442704,
        "nauc_ndcg_at_100_std": 0.089817,
        "nauc_ndcg_at_100_diff1": 0.611341,
        "nauc_ndcg_at_1000_max": 0.436263,
        "nauc_ndcg_at_1000_std": 0.081871,
        "nauc_ndcg_at_1000_diff1": 0.612407,
        "nauc_map_at_1_max": 0.383878,
        "nauc_map_at_1_std": 0.038747,
        "nauc_map_at_1_diff1": 0.647926,
        "nauc_map_at_3_max": 0.416109,
        "nauc_map_at_3_std": 0.058074,
        "nauc_map_at_3_diff1": 0.616388,
        "nauc_map_at_5_max": 0.421905,
        "nauc_map_at_5_std": 0.06296,
        "nauc_map_at_5_diff1": 0.615401,
        "nauc_map_at_10_max": 0.425903,
        "nauc_map_at_10_std": 0.070055,
        "nauc_map_at_10_diff1": 0.615792,
        "nauc_map_at_20_max": 0.425949,
        "nauc_map_at_20_std": 0.071286,
        "nauc_map_at_20_diff1": 0.616604,
        "nauc_map_at_100_max": 0.424738,
        "nauc_map_at_100_std": 0.069919,
        "nauc_map_at_100_diff1": 0.617277,
        "nauc_map_at_1000_max": 0.424521,
        "nauc_map_at_1000_std": 0.069656,
        "nauc_map_at_1000_diff1": 0.61732,
        "nauc_recall_at_1_max": 0.383878,
        "nauc_recall_at_1_std": 0.038747,
        "nauc_recall_at_1_diff1": 0.647926,
        "nauc_recall_at_3_max": 0.470064,
        "nauc_recall_at_3_std": 0.093055,
        "nauc_recall_at_3_diff1": 0.570355,
        "nauc_recall_at_5_max": 0.51415,
        "nauc_recall_at_5_std": 0.127321,
        "nauc_recall_at_5_diff1": 0.553228,
        "nauc_recall_at_10_max": 0.609443,
        "nauc_recall_at_10_std": 0.256363,
        "nauc_recall_at_10_diff1": 0.53193,
        "nauc_recall_at_20_max": 0.692702,
        "nauc_recall_at_20_std": 0.390145,
        "nauc_recall_at_20_diff1": 0.524451,
        "nauc_recall_at_100_max": 0.820482,
        "nauc_recall_at_100_std": 0.557247,
        "nauc_recall_at_100_diff1": 0.552384,
        "nauc_recall_at_1000_max": 1.0,
        "nauc_recall_at_1000_std": 0.55417,
        "nauc_recall_at_1000_diff1": 1.0,
        "nauc_precision_at_1_max": 0.383878,
        "nauc_precision_at_1_std": 0.038747,
        "nauc_precision_at_1_diff1": 0.647926,
        "nauc_precision_at_3_max": 0.470064,
        "nauc_precision_at_3_std": 0.093055,
        "nauc_precision_at_3_diff1": 0.570355,
        "nauc_precision_at_5_max": 0.51415,
        "nauc_precision_at_5_std": 0.127321,
        "nauc_precision_at_5_diff1": 0.553228,
        "nauc_precision_at_10_max": 0.609443,
        "nauc_precision_at_10_std": 0.256363,
        "nauc_precision_at_10_diff1": 0.53193,
        "nauc_precision_at_20_max": 0.692702,
        "nauc_precision_at_20_std": 0.390145,
        "nauc_precision_at_20_diff1": 0.524451,
        "nauc_precision_at_100_max": 0.820482,
        "nauc_precision_at_100_std": 0.557247,
        "nauc_precision_at_100_diff1": 0.552384,
        "nauc_precision_at_1000_max": 1.0,
        "nauc_precision_at_1000_std": 0.55417,
        "nauc_precision_at_1000_diff1": 1.0,
        "nauc_mrr_at_1_max": 0.383878,
        "nauc_mrr_at_1_std": 0.038747,
        "nauc_mrr_at_1_diff1": 0.647926,
        "nauc_mrr_at_3_max": 0.416109,
        "nauc_mrr_at_3_std": 0.058074,
        "nauc_mrr_at_3_diff1": 0.616388,
        "nauc_mrr_at_5_max": 0.421905,
        "nauc_mrr_at_5_std": 0.06296,
        "nauc_mrr_at_5_diff1": 0.615401,
        "nauc_mrr_at_10_max": 0.425903,
        "nauc_mrr_at_10_std": 0.070055,
        "nauc_mrr_at_10_diff1": 0.615792,
        "nauc_mrr_at_20_max": 0.425949,
        "nauc_mrr_at_20_std": 0.071286,
        "nauc_mrr_at_20_diff1": 0.616604,
        "nauc_mrr_at_100_max": 0.424738,
        "nauc_mrr_at_100_std": 0.069919,
        "nauc_mrr_at_100_diff1": 0.617277,
        "nauc_mrr_at_1000_max": 0.424521,
        "nauc_mrr_at_1000_std": 0.069656,
        "nauc_mrr_at_1000_diff1": 0.61732,
        "main_score": 0.6877,
        "hf_subset": "default",
        "languages": [
          "tur-Latn"
        ]
      }
    ]
  },
  "evaluation_time": 137.7366909980774,
  "kg_co2_emissions": null
}