{
  "dataset_revision": "main",
  "task_name": "TQuadRetrieval",
  "mteb_version": "1.31.3",
  "scores": {
    "test": [
      {
        "ndcg_at_1": 0.67152,
        "ndcg_at_3": 0.78631,
        "ndcg_at_5": 0.80937,
        "ndcg_at_10": 0.82816,
        "ndcg_at_20": 0.83232,
        "ndcg_at_100": 0.83388,
        "ndcg_at_1000": 0.83388,
        "map_at_1": 0.67152,
        "map_at_3": 0.75953,
        "map_at_5": 0.77231,
        "map_at_10": 0.78025,
        "map_at_20": 0.78149,
        "map_at_100": 0.78175,
        "map_at_1000": 0.78175,
        "recall_at_1": 0.67152,
        "recall_at_3": 0.86323,
        "recall_at_5": 0.91928,
        "recall_at_10": 0.97646,
        "recall_at_20": 0.99215,
        "recall_at_100": 1.0,
        "recall_at_1000": 1.0,
        "precision_at_1": 0.67152,
        "precision_at_3": 0.28774,
        "precision_at_5": 0.18386,
        "precision_at_10": 0.09765,
        "precision_at_20": 0.04961,
        "precision_at_100": 0.01,
        "precision_at_1000": 0.001,
        "mrr_at_1": 0.672646,
        "mrr_at_3": 0.760277,
        "mrr_at_5": 0.773057,
        "mrr_at_10": 0.780996,
        "mrr_at_20": 0.782232,
        "mrr_at_100": 0.782493,
        "mrr_at_1000": 0.782493,
        "nauc_ndcg_at_1_max": 0.345108,
        "nauc_ndcg_at_1_std": -0.013503,
        "nauc_ndcg_at_1_diff1": 0.672531,
        "nauc_ndcg_at_3_max": 0.349199,
        "nauc_ndcg_at_3_std": -0.024343,
        "nauc_ndcg_at_3_diff1": 0.603678,
        "nauc_ndcg_at_5_max": 0.374094,
        "nauc_ndcg_at_5_std": -0.009144,
        "nauc_ndcg_at_5_diff1": 0.613989,
        "nauc_ndcg_at_10_max": 0.377382,
        "nauc_ndcg_at_10_std": 0.004766,
        "nauc_ndcg_at_10_diff1": 0.63703,
        "nauc_ndcg_at_20_max": 0.368717,
        "nauc_ndcg_at_20_std": 0.001914,
        "nauc_ndcg_at_20_diff1": 0.635718,
        "nauc_ndcg_at_100_max": 0.36234,
        "nauc_ndcg_at_100_std": -0.006224,
        "nauc_ndcg_at_100_diff1": 0.634948,
        "nauc_ndcg_at_1000_max": 0.36234,
        "nauc_ndcg_at_1000_std": -0.006224,
        "nauc_ndcg_at_1000_diff1": 0.634948,
        "nauc_map_at_1_max": 0.345108,
        "nauc_map_at_1_std": -0.013503,
        "nauc_map_at_1_diff1": 0.672531,
        "nauc_map_at_3_max": 0.347434,
        "nauc_map_at_3_std": -0.020304,
        "nauc_map_at_3_diff1": 0.622939,
        "nauc_map_at_5_max": 0.359156,
        "nauc_map_at_5_std": -0.012943,
        "nauc_map_at_5_diff1": 0.628797,
        "nauc_map_at_10_max": 0.360759,
        "nauc_map_at_10_std": -0.007898,
        "nauc_map_at_10_diff1": 0.637783,
        "nauc_map_at_20_max": 0.358804,
        "nauc_map_at_20_std": -0.008335,
        "nauc_map_at_20_diff1": 0.637462,
        "nauc_map_at_100_max": 0.357991,
        "nauc_map_at_100_std": -0.009322,
        "nauc_map_at_100_diff1": 0.637401,
        "nauc_map_at_1000_max": 0.357991,
        "nauc_map_at_1000_std": -0.009322,
        "nauc_map_at_1000_diff1": 0.637401,
        "nauc_recall_at_1_max": 0.345108,
        "nauc_recall_at_1_std": -0.013503,
        "nauc_recall_at_1_diff1": 0.672531,
        "nauc_recall_at_3_max": 0.357631,
        "nauc_recall_at_3_std": -0.043322,
        "nauc_recall_at_3_diff1": 0.516717,
        "nauc_recall_at_5_max": 0.488872,
        "nauc_recall_at_5_std": 0.022456,
        "nauc_recall_at_5_diff1": 0.515359,
        "nauc_recall_at_10_max": 0.784018,
        "nauc_recall_at_10_std": 0.345324,
        "nauc_recall_at_10_diff1": 0.693626,
        "nauc_recall_at_20_max": 0.962661,
        "nauc_recall_at_20_std": 0.774345,
        "nauc_recall_at_20_diff1": 0.718336,
        "nauc_recall_at_100_max": NaN,
        "nauc_recall_at_100_std": NaN,
        "nauc_recall_at_100_diff1": NaN,
        "nauc_recall_at_1000_max": NaN,
        "nauc_recall_at_1000_std": NaN,
        "nauc_recall_at_1000_diff1": NaN,
        "nauc_precision_at_1_max": 0.345108,
        "nauc_precision_at_1_std": -0.013503,
        "nauc_precision_at_1_diff1": 0.672531,
        "nauc_precision_at_3_max": 0.357631,
        "nauc_precision_at_3_std": -0.043322,
        "nauc_precision_at_3_diff1": 0.516717,
        "nauc_precision_at_5_max": 0.488872,
        "nauc_precision_at_5_std": 0.022456,
        "nauc_precision_at_5_diff1": 0.515359,
        "nauc_precision_at_10_max": 0.784018,
        "nauc_precision_at_10_std": 0.345324,
        "nauc_precision_at_10_diff1": 0.693626,
        "nauc_precision_at_20_max": 0.962661,
        "nauc_precision_at_20_std": 0.774345,
        "nauc_precision_at_20_diff1": 0.718336,
        "nauc_precision_at_100_max": NaN,
        "nauc_precision_at_100_std": NaN,
        "nauc_precision_at_100_diff1": NaN,
        "nauc_precision_at_1000_max": NaN,
        "nauc_precision_at_1000_std": NaN,
        "nauc_precision_at_1000_diff1": NaN,
        "nauc_mrr_at_1_max": 0.348999,
        "nauc_mrr_at_1_std": -0.008577,
        "nauc_mrr_at_1_diff1": 0.669967,
        "nauc_mrr_at_3_max": 0.349476,
        "nauc_mrr_at_3_std": -0.017603,
        "nauc_mrr_at_3_diff1": 0.620897,
        "nauc_mrr_at_5_max": 0.361346,
        "nauc_mrr_at_5_std": -0.010067,
        "nauc_mrr_at_5_diff1": 0.62665,
        "nauc_mrr_at_10_max": 0.363044,
        "nauc_mrr_at_10_std": -0.004888,
        "nauc_mrr_at_10_diff1": 0.635568,
        "nauc_mrr_at_20_max": 0.361099,
        "nauc_mrr_at_20_std": -0.005307,
        "nauc_mrr_at_20_diff1": 0.635233,
        "nauc_mrr_at_100_max": 0.360287,
        "nauc_mrr_at_100_std": -0.006293,
        "nauc_mrr_at_100_diff1": 0.635168,
        "nauc_mrr_at_1000_max": 0.360287,
        "nauc_mrr_at_1000_std": -0.006293,
        "nauc_mrr_at_1000_diff1": 0.635168,
        "main_score": 0.82816,
        "hf_subset": "default",
        "languages": [
          "tur-Latn"
        ]
      }
    ]
  },
  "evaluation_time": 29.153067111968994,
  "kg_co2_emissions": null
}