{
  "dataset_revision": "51adfef1c1287aab1d2d91b5bead9bcfb9c68583",
  "task_name": "XQuADRetrieval",
  "mteb_version": "1.31.3",
  "scores": {
    "validation": [
      {
        "ndcg_at_1": 0.84459,
        "ndcg_at_3": 0.90138,
        "ndcg_at_5": 0.91247,
        "ndcg_at_10": 0.91604,
        "ndcg_at_20": 0.91817,
        "ndcg_at_100": 0.92038,
        "ndcg_at_1000": 0.92061,
        "map_at_1": 0.84459,
        "map_at_3": 0.88795,
        "map_at_5": 0.89407,
        "map_at_10": 0.89556,
        "map_at_20": 0.89614,
        "map_at_100": 0.89645,
        "map_at_1000": 0.89646,
        "recall_at_1": 0.84459,
        "recall_at_3": 0.94003,
        "recall_at_5": 0.96706,
        "recall_at_10": 0.97804,
        "recall_at_20": 0.98649,
        "recall_at_100": 0.99831,
        "recall_at_1000": 1.0,
        "precision_at_1": 0.84459,
        "precision_at_3": 0.31334,
        "precision_at_5": 0.19341,
        "precision_at_10": 0.0978,
        "precision_at_20": 0.04932,
        "precision_at_100": 0.00998,
        "precision_at_1000": 0.001,
        "mrr_at_1": 0.844595,
        "mrr_at_3": 0.88795,
        "mrr_at_5": 0.894074,
        "mrr_at_10": 0.895556,
        "mrr_at_20": 0.896141,
        "mrr_at_100": 0.896452,
        "mrr_at_1000": 0.896465,
        "nauc_ndcg_at_1_max": 0.669998,
        "nauc_ndcg_at_1_std": 0.225308,
        "nauc_ndcg_at_1_diff1": 0.856132,
        "nauc_ndcg_at_3_max": 0.719176,
        "nauc_ndcg_at_3_std": 0.292812,
        "nauc_ndcg_at_3_diff1": 0.839372,
        "nauc_ndcg_at_5_max": 0.732023,
        "nauc_ndcg_at_5_std": 0.307478,
        "nauc_ndcg_at_5_diff1": 0.85077,
        "nauc_ndcg_at_10_max": 0.72533,
        "nauc_ndcg_at_10_std": 0.300478,
        "nauc_ndcg_at_10_diff1": 0.854292,
        "nauc_ndcg_at_20_max": 0.719338,
        "nauc_ndcg_at_20_std": 0.296015,
        "nauc_ndcg_at_20_diff1": 0.851373,
        "nauc_ndcg_at_100_max": 0.711605,
        "nauc_ndcg_at_100_std": 0.281183,
        "nauc_ndcg_at_100_diff1": 0.849387,
        "nauc_ndcg_at_1000_max": 0.710908,
        "nauc_ndcg_at_1000_std": 0.280847,
        "nauc_ndcg_at_1000_diff1": 0.849791,
        "nauc_map_at_1_max": 0.669998,
        "nauc_map_at_1_std": 0.225308,
        "nauc_map_at_1_diff1": 0.856132,
        "nauc_map_at_3_max": 0.704656,
        "nauc_map_at_3_std": 0.272366,
        "nauc_map_at_3_diff1": 0.843992,
        "nauc_map_at_5_max": 0.709249,
        "nauc_map_at_5_std": 0.277211,
        "nauc_map_at_5_diff1": 0.84938,
        "nauc_map_at_10_max": 0.706672,
        "nauc_map_at_10_std": 0.274469,
        "nauc_map_at_10_diff1": 0.85041,
        "nauc_map_at_20_max": 0.705247,
        "nauc_map_at_20_std": 0.273264,
        "nauc_map_at_20_diff1": 0.849735,
        "nauc_map_at_100_max": 0.704379,
        "nauc_map_at_100_std": 0.271543,
        "nauc_map_at_100_diff1": 0.849554,
        "nauc_map_at_1000_max": 0.704349,
        "nauc_map_at_1000_std": 0.27154,
        "nauc_map_at_1000_diff1": 0.849567,
        "nauc_recall_at_1_max": 0.669998,
        "nauc_recall_at_1_std": 0.225308,
        "nauc_recall_at_1_diff1": 0.856132,
        "nauc_recall_at_3_max": 0.793668,
        "nauc_recall_at_3_std": 0.398137,
        "nauc_recall_at_3_diff1": 0.815944,
        "nauc_recall_at_5_max": 0.940936,
        "nauc_recall_at_5_std": 0.585046,
        "nauc_recall_at_5_diff1": 0.869735,
        "nauc_recall_at_10_max": 0.969214,
        "nauc_recall_at_10_std": 0.64315,
        "nauc_recall_at_10_diff1": 0.922545,
        "nauc_recall_at_20_max": 0.983666,
        "nauc_recall_at_20_std": 0.758471,
        "nauc_recall_at_20_diff1": 0.898637,
        "nauc_recall_at_100_max": 0.934665,
        "nauc_recall_at_100_std": 0.414431,
        "nauc_recall_at_100_diff1": 0.711772,
        "nauc_recall_at_1000_max": NaN,
        "nauc_recall_at_1000_std": NaN,
        "nauc_recall_at_1000_diff1": NaN,
        "nauc_precision_at_1_max": 0.669998,
        "nauc_precision_at_1_std": 0.225308,
        "nauc_precision_at_1_diff1": 0.856132,
        "nauc_precision_at_3_max": 0.793668,
        "nauc_precision_at_3_std": 0.398137,
        "nauc_precision_at_3_diff1": 0.815944,
        "nauc_precision_at_5_max": 0.940936,
        "nauc_precision_at_5_std": 0.585046,
        "nauc_precision_at_5_diff1": 0.869735,
        "nauc_precision_at_10_max": 0.969214,
        "nauc_precision_at_10_std": 0.64315,
        "nauc_precision_at_10_diff1": 0.922545,
        "nauc_precision_at_20_max": 0.983666,
        "nauc_precision_at_20_std": 0.758471,
        "nauc_precision_at_20_diff1": 0.898637,
        "nauc_precision_at_100_max": 0.934665,
        "nauc_precision_at_100_std": 0.414431,
        "nauc_precision_at_100_diff1": 0.711772,
        "nauc_precision_at_1000_max": 1.0,
        "nauc_precision_at_1000_std": 1.0,
        "nauc_precision_at_1000_diff1": 1.0,
        "nauc_mrr_at_1_max": 0.669998,
        "nauc_mrr_at_1_std": 0.225308,
        "nauc_mrr_at_1_diff1": 0.856132,
        "nauc_mrr_at_3_max": 0.704656,
        "nauc_mrr_at_3_std": 0.272366,
        "nauc_mrr_at_3_diff1": 0.843992,
        "nauc_mrr_at_5_max": 0.709249,
        "nauc_mrr_at_5_std": 0.277211,
        "nauc_mrr_at_5_diff1": 0.84938,
        "nauc_mrr_at_10_max": 0.706672,
        "nauc_mrr_at_10_std": 0.274469,
        "nauc_mrr_at_10_diff1": 0.85041,
        "nauc_mrr_at_20_max": 0.705247,
        "nauc_mrr_at_20_std": 0.273264,
        "nauc_mrr_at_20_diff1": 0.849735,
        "nauc_mrr_at_100_max": 0.704379,
        "nauc_mrr_at_100_std": 0.271543,
        "nauc_mrr_at_100_diff1": 0.849554,
        "nauc_mrr_at_1000_max": 0.704349,
        "nauc_mrr_at_1000_std": 0.27154,
        "nauc_mrr_at_1000_diff1": 0.849567,
        "main_score": 0.91604,
        "hf_subset": "tr",
        "languages": [
          "tur-Latn"
        ]
      }
    ]
  },
  "evaluation_time": 23.912869215011597,
  "kg_co2_emissions": null
}