{
  "dataset_revision": "main",
  "task_name": "ArguAnaTR",
  "mteb_version": "1.31.3",
  "scores": {
    "test": [
      {
        "ndcg_at_1": 0.01351,
        "ndcg_at_3": 0.01986,
        "ndcg_at_5": 0.02215,
        "ndcg_at_10": 0.02561,
        "ndcg_at_20": 0.03056,
        "ndcg_at_100": 0.04436,
        "ndcg_at_1000": 0.08011,
        "map_at_1": 0.01351,
        "map_at_3": 0.01814,
        "map_at_5": 0.01938,
        "map_at_10": 0.02082,
        "map_at_20": 0.02213,
        "map_at_100": 0.02383,
        "map_at_1000": 0.02481,
        "recall_at_1": 0.01351,
        "recall_at_3": 0.02489,
        "recall_at_5": 0.03058,
        "recall_at_10": 0.04125,
        "recall_at_20": 0.06117,
        "recall_at_100": 0.13869,
        "recall_at_1000": 0.44239,
        "precision_at_1": 0.01351,
        "precision_at_3": 0.0083,
        "precision_at_5": 0.00612,
        "precision_at_10": 0.00413,
        "precision_at_20": 0.00306,
        "precision_at_100": 0.00139,
        "precision_at_1000": 0.00044,
        "mrr_at_1": 0.013514,
        "mrr_at_3": 0.018137,
        "mrr_at_5": 0.019275,
        "mrr_at_10": 0.020828,
        "mrr_at_20": 0.022139,
        "mrr_at_100": 0.023844,
        "mrr_at_1000": 0.024823,
        "nauc_ndcg_at_1_max": 0.228958,
        "nauc_ndcg_at_1_std": 0.222043,
        "nauc_ndcg_at_1_diff1": 0.267607,
        "nauc_ndcg_at_3_max": 0.192464,
        "nauc_ndcg_at_3_std": 0.264053,
        "nauc_ndcg_at_3_diff1": 0.293808,
        "nauc_ndcg_at_5_max": 0.170549,
        "nauc_ndcg_at_5_std": 0.24465,
        "nauc_ndcg_at_5_diff1": 0.263048,
        "nauc_ndcg_at_10_max": 0.131266,
        "nauc_ndcg_at_10_std": 0.236645,
        "nauc_ndcg_at_10_diff1": 0.210431,
        "nauc_ndcg_at_20_max": 0.137668,
        "nauc_ndcg_at_20_std": 0.253451,
        "nauc_ndcg_at_20_diff1": 0.186317,
        "nauc_ndcg_at_100_max": 0.099985,
        "nauc_ndcg_at_100_std": 0.224976,
        "nauc_ndcg_at_100_diff1": 0.142599,
        "nauc_ndcg_at_1000_max": 0.090058,
        "nauc_ndcg_at_1000_std": 0.233967,
        "nauc_ndcg_at_1000_diff1": 0.14226,
        "nauc_map_at_1_max": 0.228958,
        "nauc_map_at_1_std": 0.222043,
        "nauc_map_at_1_diff1": 0.267607,
        "nauc_map_at_3_max": 0.205968,
        "nauc_map_at_3_std": 0.253133,
        "nauc_map_at_3_diff1": 0.29273,
        "nauc_map_at_5_max": 0.190963,
        "nauc_map_at_5_std": 0.242487,
        "nauc_map_at_5_diff1": 0.273486,
        "nauc_map_at_10_max": 0.168443,
        "nauc_map_at_10_std": 0.239605,
        "nauc_map_at_10_diff1": 0.245363,
        "nauc_map_at_20_max": 0.169271,
        "nauc_map_at_20_std": 0.245799,
        "nauc_map_at_20_diff1": 0.235185,
        "nauc_map_at_100_max": 0.160031,
        "nauc_map_at_100_std": 0.237791,
        "nauc_map_at_100_diff1": 0.223506,
        "nauc_map_at_1000_max": 0.156999,
        "nauc_map_at_1000_std": 0.237899,
        "nauc_map_at_1000_diff1": 0.22143,
        "nauc_recall_at_1_max": 0.228958,
        "nauc_recall_at_1_std": 0.222043,
        "nauc_recall_at_1_diff1": 0.267607,
        "nauc_recall_at_3_max": 0.161984,
        "nauc_recall_at_3_std": 0.288027,
        "nauc_recall_at_3_diff1": 0.294984,
        "nauc_recall_at_5_max": 0.129746,
        "nauc_recall_at_5_std": 0.246935,
        "nauc_recall_at_5_diff1": 0.240164,
        "nauc_recall_at_10_max": 0.06798,
        "nauc_recall_at_10_std": 0.228399,
        "nauc_recall_at_10_diff1": 0.147063,
        "nauc_recall_at_20_max": 0.099594,
        "nauc_recall_at_20_std": 0.264319,
        "nauc_recall_at_20_diff1": 0.117439,
        "nauc_recall_at_100_max": 0.044426,
        "nauc_recall_at_100_std": 0.211398,
        "nauc_recall_at_100_diff1": 0.067444,
        "nauc_recall_at_1000_max": 0.054174,
        "nauc_recall_at_1000_std": 0.238239,
        "nauc_recall_at_1000_diff1": 0.100998,
        "nauc_precision_at_1_max": 0.228958,
        "nauc_precision_at_1_std": 0.222043,
        "nauc_precision_at_1_diff1": 0.267607,
        "nauc_precision_at_3_max": 0.161984,
        "nauc_precision_at_3_std": 0.288027,
        "nauc_precision_at_3_diff1": 0.294984,
        "nauc_precision_at_5_max": 0.129746,
        "nauc_precision_at_5_std": 0.246935,
        "nauc_precision_at_5_diff1": 0.240164,
        "nauc_precision_at_10_max": 0.06798,
        "nauc_precision_at_10_std": 0.228399,
        "nauc_precision_at_10_diff1": 0.147063,
        "nauc_precision_at_20_max": 0.099594,
        "nauc_precision_at_20_std": 0.264319,
        "nauc_precision_at_20_diff1": 0.117439,
        "nauc_precision_at_100_max": 0.044426,
        "nauc_precision_at_100_std": 0.211398,
        "nauc_precision_at_100_diff1": 0.067444,
        "nauc_precision_at_1000_max": 0.054174,
        "nauc_precision_at_1000_std": 0.238239,
        "nauc_precision_at_1000_diff1": 0.100998,
        "nauc_mrr_at_1_max": 0.228958,
        "nauc_mrr_at_1_std": 0.222043,
        "nauc_mrr_at_1_diff1": 0.267607,
        "nauc_mrr_at_3_max": 0.205968,
        "nauc_mrr_at_3_std": 0.253133,
        "nauc_mrr_at_3_diff1": 0.29273,
        "nauc_mrr_at_5_max": 0.185862,
        "nauc_mrr_at_5_std": 0.245415,
        "nauc_mrr_at_5_diff1": 0.26724,
        "nauc_mrr_at_10_max": 0.168341,
        "nauc_mrr_at_10_std": 0.239122,
        "nauc_mrr_at_10_diff1": 0.243733,
        "nauc_mrr_at_20_max": 0.169173,
        "nauc_mrr_at_20_std": 0.245341,
        "nauc_mrr_at_20_diff1": 0.233658,
        "nauc_mrr_at_100_max": 0.159883,
        "nauc_mrr_at_100_std": 0.237364,
        "nauc_mrr_at_100_diff1": 0.22201,
        "nauc_mrr_at_1000_max": 0.156854,
        "nauc_mrr_at_1000_std": 0.237479,
        "nauc_mrr_at_1000_diff1": 0.219959,
        "main_score": 0.02561,
        "hf_subset": "default",
        "languages": [
          "tur-Latn"
        ]
      }
    ]
  },
  "evaluation_time": 232.46800708770752,
  "kg_co2_emissions": null
}