{
  "dataset_revision": "main",
  "task_name": "CQADupstackGamingRetrievalTR",
  "mteb_version": "1.31.3",
  "scores": {
    "test": [
      {
        "ndcg_at_1": 0.04049,
        "ndcg_at_3": 0.05303,
        "ndcg_at_5": 0.05826,
        "ndcg_at_10": 0.06726,
        "ndcg_at_20": 0.07367,
        "ndcg_at_100": 0.09834,
        "ndcg_at_1000": 0.15303,
        "map_at_1": 0.04049,
        "map_at_3": 0.04971,
        "map_at_5": 0.05258,
        "map_at_10": 0.0562,
        "map_at_20": 0.05792,
        "map_at_100": 0.06098,
        "map_at_1000": 0.06247,
        "recall_at_1": 0.04049,
        "recall_at_3": 0.06275,
        "recall_at_5": 0.07557,
        "recall_at_10": 0.10391,
        "recall_at_20": 0.12955,
        "recall_at_100": 0.26788,
        "recall_at_1000": 0.73279,
        "precision_at_1": 0.04049,
        "precision_at_3": 0.02092,
        "precision_at_5": 0.01511,
        "precision_at_10": 0.01039,
        "precision_at_20": 0.00648,
        "precision_at_100": 0.00268,
        "precision_at_1000": 0.00073,
        "mrr_at_1": 0.040486,
        "mrr_at_3": 0.049708,
        "mrr_at_5": 0.052575,
        "mrr_at_10": 0.056201,
        "mrr_at_20": 0.057918,
        "mrr_at_100": 0.060982,
        "mrr_at_1000": 0.062471,
        "nauc_ndcg_at_1_max": 0.154025,
        "nauc_ndcg_at_1_std": 0.065181,
        "nauc_ndcg_at_1_diff1": 0.523066,
        "nauc_ndcg_at_3_max": 0.132608,
        "nauc_ndcg_at_3_std": 0.107751,
        "nauc_ndcg_at_3_diff1": 0.425693,
        "nauc_ndcg_at_5_max": 0.117167,
        "nauc_ndcg_at_5_std": 0.119834,
        "nauc_ndcg_at_5_diff1": 0.384413,
        "nauc_ndcg_at_10_max": 0.119843,
        "nauc_ndcg_at_10_std": 0.11576,
        "nauc_ndcg_at_10_diff1": 0.333521,
        "nauc_ndcg_at_20_max": 0.116561,
        "nauc_ndcg_at_20_std": 0.120287,
        "nauc_ndcg_at_20_diff1": 0.324374,
        "nauc_ndcg_at_100_max": 0.110526,
        "nauc_ndcg_at_100_std": 0.103518,
        "nauc_ndcg_at_100_diff1": 0.273022,
        "nauc_ndcg_at_1000_max": 0.093121,
        "nauc_ndcg_at_1000_std": 0.121028,
        "nauc_ndcg_at_1000_diff1": 0.279015,
        "nauc_map_at_1_max": 0.154025,
        "nauc_map_at_1_std": 0.065181,
        "nauc_map_at_1_diff1": 0.523066,
        "nauc_map_at_3_max": 0.133433,
        "nauc_map_at_3_std": 0.099998,
        "nauc_map_at_3_diff1": 0.446083,
        "nauc_map_at_5_max": 0.124129,
        "nauc_map_at_5_std": 0.107774,
        "nauc_map_at_5_diff1": 0.419517,
        "nauc_map_at_10_max": 0.125004,
        "nauc_map_at_10_std": 0.106396,
        "nauc_map_at_10_diff1": 0.392624,
        "nauc_map_at_20_max": 0.123273,
        "nauc_map_at_20_std": 0.108129,
        "nauc_map_at_20_diff1": 0.388558,
        "nauc_map_at_100_max": 0.122793,
        "nauc_map_at_100_std": 0.10497,
        "nauc_map_at_100_diff1": 0.377521,
        "nauc_map_at_1000_max": 0.121757,
        "nauc_map_at_1000_std": 0.105626,
        "nauc_map_at_1000_diff1": 0.377221,
        "nauc_recall_at_1_max": 0.154025,
        "nauc_recall_at_1_std": 0.065181,
        "nauc_recall_at_1_diff1": 0.523066,
        "nauc_recall_at_3_max": 0.131829,
        "nauc_recall_at_3_std": 0.125274,
        "nauc_recall_at_3_diff1": 0.37867,
        "nauc_recall_at_5_max": 0.102382,
        "nauc_recall_at_5_std": 0.145137,
        "nauc_recall_at_5_diff1": 0.30959,
        "nauc_recall_at_10_max": 0.111585,
        "nauc_recall_at_10_std": 0.13064,
        "nauc_recall_at_10_diff1": 0.225695,
        "nauc_recall_at_20_max": 0.106889,
        "nauc_recall_at_20_std": 0.139123,
        "nauc_recall_at_20_diff1": 0.218568,
        "nauc_recall_at_100_max": 0.092508,
        "nauc_recall_at_100_std": 0.092777,
        "nauc_recall_at_100_diff1": 0.129101,
        "nauc_recall_at_1000_max": 0.007919,
        "nauc_recall_at_1000_std": 0.174523,
        "nauc_recall_at_1000_diff1": 0.114203,
        "nauc_precision_at_1_max": 0.154025,
        "nauc_precision_at_1_std": 0.065181,
        "nauc_precision_at_1_diff1": 0.523066,
        "nauc_precision_at_3_max": 0.131829,
        "nauc_precision_at_3_std": 0.125274,
        "nauc_precision_at_3_diff1": 0.37867,
        "nauc_precision_at_5_max": 0.102382,
        "nauc_precision_at_5_std": 0.145137,
        "nauc_precision_at_5_diff1": 0.30959,
        "nauc_precision_at_10_max": 0.111585,
        "nauc_precision_at_10_std": 0.13064,
        "nauc_precision_at_10_diff1": 0.225695,
        "nauc_precision_at_20_max": 0.106889,
        "nauc_precision_at_20_std": 0.139123,
        "nauc_precision_at_20_diff1": 0.218568,
        "nauc_precision_at_100_max": 0.092508,
        "nauc_precision_at_100_std": 0.092777,
        "nauc_precision_at_100_diff1": 0.129101,
        "nauc_precision_at_1000_max": 0.007919,
        "nauc_precision_at_1000_std": 0.174523,
        "nauc_precision_at_1000_diff1": 0.114203,
        "nauc_mrr_at_1_max": 0.154025,
        "nauc_mrr_at_1_std": 0.065181,
        "nauc_mrr_at_1_diff1": 0.523066,
        "nauc_mrr_at_3_max": 0.133433,
        "nauc_mrr_at_3_std": 0.099998,
        "nauc_mrr_at_3_diff1": 0.446083,
        "nauc_mrr_at_5_max": 0.124129,
        "nauc_mrr_at_5_std": 0.107774,
        "nauc_mrr_at_5_diff1": 0.419517,
        "nauc_mrr_at_10_max": 0.125004,
        "nauc_mrr_at_10_std": 0.106396,
        "nauc_mrr_at_10_diff1": 0.392624,
        "nauc_mrr_at_20_max": 0.123273,
        "nauc_mrr_at_20_std": 0.108129,
        "nauc_mrr_at_20_diff1": 0.388558,
        "nauc_mrr_at_100_max": 0.122793,
        "nauc_mrr_at_100_std": 0.10497,
        "nauc_mrr_at_100_diff1": 0.377521,
        "nauc_mrr_at_1000_max": 0.121757,
        "nauc_mrr_at_1000_std": 0.105626,
        "nauc_mrr_at_1000_diff1": 0.377221,
        "main_score": 0.06726,
        "hf_subset": "default",
        "languages": [
          "tur-Latn"
        ]
      }
    ]
  },
  "evaluation_time": 36.620030879974365,
  "kg_co2_emissions": null
}