{
  "dataset_revision": "main",
  "task_name": "FiQA2018TR",
  "mteb_version": "1.31.3",
  "scores": {
    "test": [
      {
        "ndcg_at_1": 0.00772,
        "ndcg_at_3": 0.01681,
        "ndcg_at_5": 0.01993,
        "ndcg_at_10": 0.02376,
        "ndcg_at_20": 0.02758,
        "ndcg_at_100": 0.04736,
        "ndcg_at_1000": 0.11596,
        "map_at_1": 0.00772,
        "map_at_3": 0.01415,
        "map_at_5": 0.01584,
        "map_at_10": 0.01733,
        "map_at_20": 0.01833,
        "map_at_100": 0.02097,
        "map_at_1000": 0.02275,
        "recall_at_1": 0.00772,
        "recall_at_3": 0.02469,
        "recall_at_5": 0.03241,
        "recall_at_10": 0.04475,
        "recall_at_20": 0.06019,
        "recall_at_100": 0.16821,
        "recall_at_1000": 0.75617,
        "precision_at_1": 0.00772,
        "precision_at_3": 0.00823,
        "precision_at_5": 0.00648,
        "precision_at_10": 0.00448,
        "precision_at_20": 0.00301,
        "precision_at_100": 0.00168,
        "precision_at_1000": 0.00076,
        "mrr_at_1": 0.007716,
        "mrr_at_3": 0.014146,
        "mrr_at_5": 0.015844,
        "mrr_at_10": 0.017333,
        "mrr_at_20": 0.018329,
        "mrr_at_100": 0.020973,
        "mrr_at_1000": 0.022746,
        "nauc_ndcg_at_1_max": 0.145807,
        "nauc_ndcg_at_1_std": 0.056287,
        "nauc_ndcg_at_1_diff1": 0.409601,
        "nauc_ndcg_at_3_max": 0.072479,
        "nauc_ndcg_at_3_std": -0.004634,
        "nauc_ndcg_at_3_diff1": 0.173306,
        "nauc_ndcg_at_5_max": 0.082816,
        "nauc_ndcg_at_5_std": -0.049738,
        "nauc_ndcg_at_5_diff1": 0.172857,
        "nauc_ndcg_at_10_max": 0.079122,
        "nauc_ndcg_at_10_std": -0.061008,
        "nauc_ndcg_at_10_diff1": 0.133313,
        "nauc_ndcg_at_20_max": 0.099124,
        "nauc_ndcg_at_20_std": -0.046755,
        "nauc_ndcg_at_20_diff1": 0.068428,
        "nauc_ndcg_at_100_max": 0.070863,
        "nauc_ndcg_at_100_std": 0.001218,
        "nauc_ndcg_at_100_diff1": 0.003829,
        "nauc_ndcg_at_1000_max": 0.045788,
        "nauc_ndcg_at_1000_std": -0.022598,
        "nauc_ndcg_at_1000_diff1": -0.019188,
        "nauc_map_at_1_max": 0.145807,
        "nauc_map_at_1_std": 0.056287,
        "nauc_map_at_1_diff1": 0.409601,
        "nauc_map_at_3_max": 0.084004,
        "nauc_map_at_3_std": -0.004132,
        "nauc_map_at_3_diff1": 0.212955,
        "nauc_map_at_5_max": 0.092635,
        "nauc_map_at_5_std": -0.036133,
        "nauc_map_at_5_diff1": 0.20541,
        "nauc_map_at_10_max": 0.089633,
        "nauc_map_at_10_std": -0.040198,
        "nauc_map_at_10_diff1": 0.18268,
        "nauc_map_at_20_max": 0.097341,
        "nauc_map_at_20_std": -0.034841,
        "nauc_map_at_20_diff1": 0.155032,
        "nauc_map_at_100_max": 0.089148,
        "nauc_map_at_100_std": -0.021942,
        "nauc_map_at_100_diff1": 0.128264,
        "nauc_map_at_1000_max": 0.086697,
        "nauc_map_at_1000_std": -0.023493,
        "nauc_map_at_1000_diff1": 0.124998,
        "nauc_recall_at_1_max": 0.145807,
        "nauc_recall_at_1_std": 0.056287,
        "nauc_recall_at_1_diff1": 0.409601,
        "nauc_recall_at_3_max": 0.052979,
        "nauc_recall_at_3_std": -0.003688,
        "nauc_recall_at_3_diff1": 0.105726,
        "nauc_recall_at_5_max": 0.067691,
        "nauc_recall_at_5_std": -0.070318,
        "nauc_recall_at_5_diff1": 0.12719,
        "nauc_recall_at_10_max": 0.065899,
        "nauc_recall_at_10_std": -0.090208,
        "nauc_recall_at_10_diff1": 0.069698,
        "nauc_recall_at_20_max": 0.105364,
        "nauc_recall_at_20_std": -0.058438,
        "nauc_recall_at_20_diff1": -0.035581,
        "nauc_recall_at_100_max": 0.055572,
        "nauc_recall_at_100_std": 0.026227,
        "nauc_recall_at_100_diff1": -0.081177,
        "nauc_recall_at_1000_max": -0.01371,
        "nauc_recall_at_1000_std": -0.033966,
        "nauc_recall_at_1000_diff1": -0.157408,
        "nauc_precision_at_1_max": 0.145807,
        "nauc_precision_at_1_std": 0.056287,
        "nauc_precision_at_1_diff1": 0.409601,
        "nauc_precision_at_3_max": 0.052979,
        "nauc_precision_at_3_std": -0.003688,
        "nauc_precision_at_3_diff1": 0.105726,
        "nauc_precision_at_5_max": 0.067691,
        "nauc_precision_at_5_std": -0.070318,
        "nauc_precision_at_5_diff1": 0.12719,
        "nauc_precision_at_10_max": 0.065899,
        "nauc_precision_at_10_std": -0.090208,
        "nauc_precision_at_10_diff1": 0.069698,
        "nauc_precision_at_20_max": 0.105364,
        "nauc_precision_at_20_std": -0.058438,
        "nauc_precision_at_20_diff1": -0.035581,
        "nauc_precision_at_100_max": 0.055572,
        "nauc_precision_at_100_std": 0.026227,
        "nauc_precision_at_100_diff1": -0.081177,
        "nauc_precision_at_1000_max": -0.01371,
        "nauc_precision_at_1000_std": -0.033966,
        "nauc_precision_at_1000_diff1": -0.157408,
        "nauc_mrr_at_1_max": 0.145807,
        "nauc_mrr_at_1_std": 0.056287,
        "nauc_mrr_at_1_diff1": 0.409601,
        "nauc_mrr_at_3_max": 0.084004,
        "nauc_mrr_at_3_std": -0.004132,
        "nauc_mrr_at_3_diff1": 0.212955,
        "nauc_mrr_at_5_max": 0.092635,
        "nauc_mrr_at_5_std": -0.036133,
        "nauc_mrr_at_5_diff1": 0.20541,
        "nauc_mrr_at_10_max": 0.089633,
        "nauc_mrr_at_10_std": -0.040198,
        "nauc_mrr_at_10_diff1": 0.18268,
        "nauc_mrr_at_20_max": 0.097341,
        "nauc_mrr_at_20_std": -0.034841,
        "nauc_mrr_at_20_diff1": 0.155032,
        "nauc_mrr_at_100_max": 0.089148,
        "nauc_mrr_at_100_std": -0.021942,
        "nauc_mrr_at_100_diff1": 0.128264,
        "nauc_mrr_at_1000_max": 0.086697,
        "nauc_mrr_at_1000_std": -0.023493,
        "nauc_mrr_at_1000_diff1": 0.124998,
        "main_score": 0.02376,
        "hf_subset": "default",
        "languages": [
          "tur-Latn"
        ]
      }
    ]
  },
  "evaluation_time": 42.16500520706177,
  "kg_co2_emissions": null
}