{
  "dataset_revision": "main",
  "task_name": "MSMarcoTRRetrieval",
  "mteb_version": "1.31.3",
  "scores": {
    "test": [
      {
        "ndcg_at_1": 0.01907,
        "ndcg_at_3": 0.03143,
        "ndcg_at_5": 0.03827,
        "ndcg_at_10": 0.04827,
        "ndcg_at_20": 0.05565,
        "ndcg_at_100": 0.07795,
        "ndcg_at_1000": 0.11868,
        "map_at_1": 0.01907,
        "map_at_3": 0.02828,
        "map_at_5": 0.03207,
        "map_at_10": 0.03623,
        "map_at_20": 0.03823,
        "map_at_100": 0.04104,
        "map_at_1000": 0.04227,
        "recall_at_1": 0.01907,
        "recall_at_3": 0.04059,
        "recall_at_5": 0.05721,
        "recall_at_10": 0.08802,
        "recall_at_20": 0.11736,
        "recall_at_100": 0.24156,
        "recall_at_1000": 0.57946,
        "precision_at_1": 0.01907,
        "precision_at_3": 0.01353,
        "precision_at_5": 0.01144,
        "precision_at_10": 0.0088,
        "precision_at_20": 0.00587,
        "precision_at_100": 0.00242,
        "precision_at_1000": 0.00058,
        "mrr_at_1": 0.019071,
        "mrr_at_3": 0.02828,
        "mrr_at_5": 0.03207,
        "mrr_at_10": 0.036227,
        "mrr_at_20": 0.038227,
        "mrr_at_100": 0.041041,
        "mrr_at_1000": 0.042274,
        "nauc_ndcg_at_1_max": 0.310274,
        "nauc_ndcg_at_1_std": -0.003013,
        "nauc_ndcg_at_1_diff1": 0.232084,
        "nauc_ndcg_at_3_max": 0.239149,
        "nauc_ndcg_at_3_std": 0.056123,
        "nauc_ndcg_at_3_diff1": 0.162189,
        "nauc_ndcg_at_5_max": 0.211704,
        "nauc_ndcg_at_5_std": 0.111861,
        "nauc_ndcg_at_5_diff1": 0.136357,
        "nauc_ndcg_at_10_max": 0.155623,
        "nauc_ndcg_at_10_std": 0.118932,
        "nauc_ndcg_at_10_diff1": 0.12314,
        "nauc_ndcg_at_20_max": 0.132786,
        "nauc_ndcg_at_20_std": 0.11027,
        "nauc_ndcg_at_20_diff1": 0.113724,
        "nauc_ndcg_at_100_max": 0.085457,
        "nauc_ndcg_at_100_std": 0.143943,
        "nauc_ndcg_at_100_diff1": 0.080622,
        "nauc_ndcg_at_1000_max": 0.086908,
        "nauc_ndcg_at_1000_std": 0.087493,
        "nauc_ndcg_at_1000_diff1": 0.076874,
        "nauc_map_at_1_max": 0.310274,
        "nauc_map_at_1_std": -0.003013,
        "nauc_map_at_1_diff1": 0.232084,
        "nauc_map_at_3_max": 0.251356,
        "nauc_map_at_3_std": 0.047978,
        "nauc_map_at_3_diff1": 0.175451,
        "nauc_map_at_5_max": 0.231129,
        "nauc_map_at_5_std": 0.086348,
        "nauc_map_at_5_diff1": 0.157382,
        "nauc_map_at_10_max": 0.197849,
        "nauc_map_at_10_std": 0.095001,
        "nauc_map_at_10_diff1": 0.148577,
        "nauc_map_at_20_max": 0.187019,
        "nauc_map_at_20_std": 0.092389,
        "nauc_map_at_20_diff1": 0.143689,
        "nauc_map_at_100_max": 0.173798,
        "nauc_map_at_100_std": 0.100395,
        "nauc_map_at_100_diff1": 0.135074,
        "nauc_map_at_1000_max": 0.173861,
        "nauc_map_at_1000_std": 0.098152,
        "nauc_map_at_1000_diff1": 0.134718,
        "nauc_recall_at_1_max": 0.310274,
        "nauc_recall_at_1_std": -0.003013,
        "nauc_recall_at_1_diff1": 0.232084,
        "nauc_recall_at_3_max": 0.214421,
        "nauc_recall_at_3_std": 0.072078,
        "nauc_recall_at_3_diff1": 0.134976,
        "nauc_recall_at_5_max": 0.178458,
        "nauc_recall_at_5_std": 0.156797,
        "nauc_recall_at_5_diff1": 0.099534,
        "nauc_recall_at_10_max": 0.095487,
        "nauc_recall_at_10_std": 0.149093,
        "nauc_recall_at_10_diff1": 0.088031,
        "nauc_recall_at_20_max": 0.064281,
        "nauc_recall_at_20_std": 0.12667,
        "nauc_recall_at_20_diff1": 0.077424,
        "nauc_recall_at_100_max": -0.004817,
        "nauc_recall_at_100_std": 0.189893,
        "nauc_recall_at_100_diff1": 0.022998,
        "nauc_recall_at_1000_max": -0.000163,
        "nauc_recall_at_1000_std": 0.009425,
        "nauc_recall_at_1000_diff1": 0.01166,
        "nauc_precision_at_1_max": 0.310274,
        "nauc_precision_at_1_std": -0.003013,
        "nauc_precision_at_1_diff1": 0.232084,
        "nauc_precision_at_3_max": 0.214421,
        "nauc_precision_at_3_std": 0.072078,
        "nauc_precision_at_3_diff1": 0.134976,
        "nauc_precision_at_5_max": 0.178458,
        "nauc_precision_at_5_std": 0.156797,
        "nauc_precision_at_5_diff1": 0.099534,
        "nauc_precision_at_10_max": 0.095487,
        "nauc_precision_at_10_std": 0.149093,
        "nauc_precision_at_10_diff1": 0.088031,
        "nauc_precision_at_20_max": 0.064281,
        "nauc_precision_at_20_std": 0.12667,
        "nauc_precision_at_20_diff1": 0.077424,
        "nauc_precision_at_100_max": -0.004817,
        "nauc_precision_at_100_std": 0.189893,
        "nauc_precision_at_100_diff1": 0.022998,
        "nauc_precision_at_1000_max": -0.000163,
        "nauc_precision_at_1000_std": 0.009425,
        "nauc_precision_at_1000_diff1": 0.01166,
        "nauc_mrr_at_1_max": 0.310274,
        "nauc_mrr_at_1_std": -0.003013,
        "nauc_mrr_at_1_diff1": 0.232084,
        "nauc_mrr_at_3_max": 0.251356,
        "nauc_mrr_at_3_std": 0.047978,
        "nauc_mrr_at_3_diff1": 0.175451,
        "nauc_mrr_at_5_max": 0.231129,
        "nauc_mrr_at_5_std": 0.086348,
        "nauc_mrr_at_5_diff1": 0.157382,
        "nauc_mrr_at_10_max": 0.197849,
        "nauc_mrr_at_10_std": 0.095001,
        "nauc_mrr_at_10_diff1": 0.148577,
        "nauc_mrr_at_20_max": 0.187019,
        "nauc_mrr_at_20_std": 0.092389,
        "nauc_mrr_at_20_diff1": 0.143689,
        "nauc_mrr_at_100_max": 0.173798,
        "nauc_mrr_at_100_std": 0.100395,
        "nauc_mrr_at_100_diff1": 0.135074,
        "nauc_mrr_at_1000_max": 0.173861,
        "nauc_mrr_at_1000_std": 0.098152,
        "nauc_mrr_at_1000_diff1": 0.134718,
        "main_score": 0.04827,
        "hf_subset": "default",
        "languages": [
          "tur-Latn"
        ]
      }
    ]
  },
  "evaluation_time": 23.723257064819336,
  "kg_co2_emissions": null
}