{
  "dataset_revision": "main",
  "task_name": "NFCorpusTR",
  "mteb_version": "1.31.3",
  "scores": {
    "test": [
      {
        "ndcg_at_1": 0.0,
        "ndcg_at_3": 0.00197,
        "ndcg_at_5": 0.00349,
        "ndcg_at_10": 0.00734,
        "ndcg_at_20": 0.00833,
        "ndcg_at_100": 0.02069,
        "ndcg_at_1000": 0.10085,
        "map_at_1": 0.0,
        "map_at_3": 0.00131,
        "map_at_5": 0.0021,
        "map_at_10": 0.00371,
        "map_at_20": 0.00397,
        "map_at_100": 0.00541,
        "map_at_1000": 0.00736,
        "recall_at_1": 0.0,
        "recall_at_3": 0.00394,
        "recall_at_5": 0.00787,
        "recall_at_10": 0.01969,
        "recall_at_20": 0.02362,
        "recall_at_100": 0.09449,
        "recall_at_1000": 0.79134,
        "precision_at_1": 0.0,
        "precision_at_3": 0.00131,
        "precision_at_5": 0.00157,
        "precision_at_10": 0.00197,
        "precision_at_20": 0.00118,
        "precision_at_100": 0.00094,
        "precision_at_1000": 0.00079,
        "mrr_at_1": 0.0,
        "mrr_at_3": 0.001312,
        "mrr_at_5": 0.0021,
        "mrr_at_10": 0.003712,
        "mrr_at_20": 0.003975,
        "mrr_at_100": 0.005412,
        "mrr_at_1000": 0.007363,
        "nauc_ndcg_at_1_max": NaN,
        "nauc_ndcg_at_1_std": NaN,
        "nauc_ndcg_at_1_diff1": NaN,
        "nauc_ndcg_at_3_max": 0.657938,
        "nauc_ndcg_at_3_std": -0.572348,
        "nauc_ndcg_at_3_diff1": -0.497662,
        "nauc_ndcg_at_5_max": 0.511653,
        "nauc_ndcg_at_5_std": -0.280136,
        "nauc_ndcg_at_5_diff1": -0.369915,
        "nauc_ndcg_at_10_max": 0.147897,
        "nauc_ndcg_at_10_std": -0.272942,
        "nauc_ndcg_at_10_diff1": -0.43693,
        "nauc_ndcg_at_20_max": 0.141946,
        "nauc_ndcg_at_20_std": -0.248975,
        "nauc_ndcg_at_20_diff1": -0.452933,
        "nauc_ndcg_at_100_max": -0.139199,
        "nauc_ndcg_at_100_std": 0.031223,
        "nauc_ndcg_at_100_diff1": -0.055085,
        "nauc_ndcg_at_1000_max": -0.013311,
        "nauc_ndcg_at_1000_std": 0.00442,
        "nauc_ndcg_at_1000_diff1": -0.089966,
        "nauc_map_at_1_max": NaN,
        "nauc_map_at_1_std": NaN,
        "nauc_map_at_1_diff1": NaN,
        "nauc_map_at_3_max": 0.657938,
        "nauc_map_at_3_std": -0.572348,
        "nauc_map_at_3_diff1": -0.497662,
        "nauc_map_at_5_max": 0.53218,
        "nauc_map_at_5_std": -0.321139,
        "nauc_map_at_5_diff1": -0.38784,
        "nauc_map_at_10_max": 0.196123,
        "nauc_map_at_10_std": -0.292735,
        "nauc_map_at_10_diff1": -0.43554,
        "nauc_map_at_20_max": 0.189613,
        "nauc_map_at_20_std": -0.278035,
        "nauc_map_at_20_diff1": -0.444575,
        "nauc_map_at_100_max": 0.056058,
        "nauc_map_at_100_std": -0.114314,
        "nauc_map_at_100_diff1": -0.25657,
        "nauc_map_at_1000_max": 0.076546,
        "nauc_map_at_1000_std": -0.115498,
        "nauc_map_at_1000_diff1": -0.235075,
        "nauc_recall_at_1_max": NaN,
        "nauc_recall_at_1_std": NaN,
        "nauc_recall_at_1_diff1": NaN,
        "nauc_recall_at_3_max": 0.657938,
        "nauc_recall_at_3_std": -0.572348,
        "nauc_recall_at_3_diff1": -0.497662,
        "nauc_recall_at_5_max": 0.490261,
        "nauc_recall_at_5_std": -0.237402,
        "nauc_recall_at_5_diff1": -0.351233,
        "nauc_recall_at_10_max": 0.11369,
        "nauc_recall_at_10_std": -0.259565,
        "nauc_recall_at_10_diff1": -0.43909,
        "nauc_recall_at_20_max": 0.110999,
        "nauc_recall_at_20_std": -0.227993,
        "nauc_recall_at_20_diff1": -0.4613,
        "nauc_recall_at_100_max": -0.222388,
        "nauc_recall_at_100_std": 0.079654,
        "nauc_recall_at_100_diff1": 0.033912,
        "nauc_recall_at_1000_max": -0.036958,
        "nauc_recall_at_1000_std": 0.046739,
        "nauc_recall_at_1000_diff1": -0.080716,
        "nauc_precision_at_1_max": NaN,
        "nauc_precision_at_1_std": NaN,
        "nauc_precision_at_1_diff1": NaN,
        "nauc_precision_at_3_max": 0.657938,
        "nauc_precision_at_3_std": -0.572348,
        "nauc_precision_at_3_diff1": -0.497662,
        "nauc_precision_at_5_max": 0.490261,
        "nauc_precision_at_5_std": -0.237402,
        "nauc_precision_at_5_diff1": -0.351233,
        "nauc_precision_at_10_max": 0.11369,
        "nauc_precision_at_10_std": -0.259565,
        "nauc_precision_at_10_diff1": -0.43909,
        "nauc_precision_at_20_max": 0.110999,
        "nauc_precision_at_20_std": -0.227993,
        "nauc_precision_at_20_diff1": -0.4613,
        "nauc_precision_at_100_max": -0.222388,
        "nauc_precision_at_100_std": 0.079654,
        "nauc_precision_at_100_diff1": 0.033912,
        "nauc_precision_at_1000_max": -0.036958,
        "nauc_precision_at_1000_std": 0.046739,
        "nauc_precision_at_1000_diff1": -0.080716,
        "nauc_mrr_at_1_max": NaN,
        "nauc_mrr_at_1_std": NaN,
        "nauc_mrr_at_1_diff1": NaN,
        "nauc_mrr_at_3_max": 0.657938,
        "nauc_mrr_at_3_std": -0.572348,
        "nauc_mrr_at_3_diff1": -0.497662,
        "nauc_mrr_at_5_max": 0.53218,
        "nauc_mrr_at_5_std": -0.321139,
        "nauc_mrr_at_5_diff1": -0.38784,
        "nauc_mrr_at_10_max": 0.196123,
        "nauc_mrr_at_10_std": -0.292735,
        "nauc_mrr_at_10_diff1": -0.43554,
        "nauc_mrr_at_20_max": 0.189613,
        "nauc_mrr_at_20_std": -0.278035,
        "nauc_mrr_at_20_diff1": -0.444575,
        "nauc_mrr_at_100_max": 0.056107,
        "nauc_mrr_at_100_std": -0.11432,
        "nauc_mrr_at_100_diff1": -0.256646,
        "nauc_mrr_at_1000_max": 0.076591,
        "nauc_mrr_at_1000_std": -0.115503,
        "nauc_mrr_at_1000_diff1": -0.235142,
        "main_score": 0.00734,
        "hf_subset": "default",
        "languages": [
          "tur-Latn"
        ]
      }
    ]
  },
  "evaluation_time": 52.83700728416443,
  "kg_co2_emissions": null
}