{
  "dataset_revision": "main",
  "task_name": "QuoraRetrievalTR",
  "mteb_version": "1.31.3",
  "scores": {
    "test": [
      {
        "ndcg_at_1": 0.40285,
        "ndcg_at_3": 0.44555,
        "ndcg_at_5": 0.45476,
        "ndcg_at_10": 0.46981,
        "ndcg_at_20": 0.47981,
        "ndcg_at_100": 0.5035,
        "ndcg_at_1000": 0.5311,
        "map_at_1": 0.40285,
        "map_at_3": 0.43524,
        "map_at_5": 0.44031,
        "map_at_10": 0.44651,
        "map_at_20": 0.44927,
        "map_at_100": 0.45236,
        "map_at_1000": 0.45323,
        "recall_at_1": 0.40285,
        "recall_at_3": 0.4753,
        "recall_at_5": 0.4978,
        "recall_at_10": 0.54446,
        "recall_at_20": 0.58397,
        "recall_at_100": 0.7146,
        "recall_at_1000": 0.94127,
        "precision_at_1": 0.40285,
        "precision_at_3": 0.15843,
        "precision_at_5": 0.09956,
        "precision_at_10": 0.05445,
        "precision_at_20": 0.0292,
        "precision_at_100": 0.00715,
        "precision_at_1000": 0.00094,
        "mrr_at_1": 0.402854,
        "mrr_at_3": 0.435236,
        "mrr_at_5": 0.440313,
        "mrr_at_10": 0.446505,
        "mrr_at_20": 0.449265,
        "mrr_at_100": 0.452355,
        "mrr_at_1000": 0.453227,
        "nauc_ndcg_at_1_max": 0.65387,
        "nauc_ndcg_at_1_std": 0.149438,
        "nauc_ndcg_at_1_diff1": 0.795494,
        "nauc_ndcg_at_3_max": 0.637523,
        "nauc_ndcg_at_3_std": 0.154127,
        "nauc_ndcg_at_3_diff1": 0.75408,
        "nauc_ndcg_at_5_max": 0.63157,
        "nauc_ndcg_at_5_std": 0.163671,
        "nauc_ndcg_at_5_diff1": 0.749242,
        "nauc_ndcg_at_10_max": 0.622665,
        "nauc_ndcg_at_10_std": 0.164855,
        "nauc_ndcg_at_10_diff1": 0.737514,
        "nauc_ndcg_at_20_max": 0.616651,
        "nauc_ndcg_at_20_std": 0.167349,
        "nauc_ndcg_at_20_diff1": 0.730837,
        "nauc_ndcg_at_100_max": 0.614103,
        "nauc_ndcg_at_100_std": 0.168392,
        "nauc_ndcg_at_100_diff1": 0.725467,
        "nauc_ndcg_at_1000_max": 0.6193,
        "nauc_ndcg_at_1000_std": 0.166474,
        "nauc_ndcg_at_1000_diff1": 0.733697,
        "nauc_map_at_1_max": 0.65387,
        "nauc_map_at_1_std": 0.149438,
        "nauc_map_at_1_diff1": 0.795494,
        "nauc_map_at_3_max": 0.641953,
        "nauc_map_at_3_std": 0.152113,
        "nauc_map_at_3_diff1": 0.763984,
        "nauc_map_at_5_max": 0.638624,
        "nauc_map_at_5_std": 0.15738,
        "nauc_map_at_5_diff1": 0.761354,
        "nauc_map_at_10_max": 0.635051,
        "nauc_map_at_10_std": 0.157576,
        "nauc_map_at_10_diff1": 0.756611,
        "nauc_map_at_20_max": 0.633518,
        "nauc_map_at_20_std": 0.158219,
        "nauc_map_at_20_diff1": 0.754893,
        "nauc_map_at_100_max": 0.633157,
        "nauc_map_at_100_std": 0.158191,
        "nauc_map_at_100_diff1": 0.754153,
        "nauc_map_at_1000_max": 0.633295,
        "nauc_map_at_1000_std": 0.158198,
        "nauc_map_at_1000_diff1": 0.754385,
        "nauc_recall_at_1_max": 0.65387,
        "nauc_recall_at_1_std": 0.149438,
        "nauc_recall_at_1_diff1": 0.795494,
        "nauc_recall_at_3_max": 0.624378,
        "nauc_recall_at_3_std": 0.160386,
        "nauc_recall_at_3_diff1": 0.725182,
        "nauc_recall_at_5_max": 0.60981,
        "nauc_recall_at_5_std": 0.183951,
        "nauc_recall_at_5_diff1": 0.71293,
        "nauc_recall_at_10_max": 0.579827,
        "nauc_recall_at_10_std": 0.190214,
        "nauc_recall_at_10_diff1": 0.673351,
        "nauc_recall_at_20_max": 0.55174,
        "nauc_recall_at_20_std": 0.20202,
        "nauc_recall_at_20_diff1": 0.641716,
        "nauc_recall_at_100_max": 0.516296,
        "nauc_recall_at_100_std": 0.222236,
        "nauc_recall_at_100_diff1": 0.580123,
        "nauc_recall_at_1000_max": 0.446563,
        "nauc_recall_at_1000_std": 0.276861,
        "nauc_recall_at_1000_diff1": 0.49013,
        "nauc_precision_at_1_max": 0.65387,
        "nauc_precision_at_1_std": 0.149438,
        "nauc_precision_at_1_diff1": 0.795494,
        "nauc_precision_at_3_max": 0.624378,
        "nauc_precision_at_3_std": 0.160386,
        "nauc_precision_at_3_diff1": 0.725182,
        "nauc_precision_at_5_max": 0.60981,
        "nauc_precision_at_5_std": 0.183951,
        "nauc_precision_at_5_diff1": 0.71293,
        "nauc_precision_at_10_max": 0.579827,
        "nauc_precision_at_10_std": 0.190214,
        "nauc_precision_at_10_diff1": 0.673351,
        "nauc_precision_at_20_max": 0.55174,
        "nauc_precision_at_20_std": 0.20202,
        "nauc_precision_at_20_diff1": 0.641716,
        "nauc_precision_at_100_max": 0.516296,
        "nauc_precision_at_100_std": 0.222236,
        "nauc_precision_at_100_diff1": 0.580123,
        "nauc_precision_at_1000_max": 0.446563,
        "nauc_precision_at_1000_std": 0.276861,
        "nauc_precision_at_1000_diff1": 0.49013,
        "nauc_mrr_at_1_max": 0.65387,
        "nauc_mrr_at_1_std": 0.149438,
        "nauc_mrr_at_1_diff1": 0.795494,
        "nauc_mrr_at_3_max": 0.641953,
        "nauc_mrr_at_3_std": 0.152113,
        "nauc_mrr_at_3_diff1": 0.763984,
        "nauc_mrr_at_5_max": 0.638624,
        "nauc_mrr_at_5_std": 0.15738,
        "nauc_mrr_at_5_diff1": 0.761354,
        "nauc_mrr_at_10_max": 0.635051,
        "nauc_mrr_at_10_std": 0.157576,
        "nauc_mrr_at_10_diff1": 0.756611,
        "nauc_mrr_at_20_max": 0.633518,
        "nauc_mrr_at_20_std": 0.158219,
        "nauc_mrr_at_20_diff1": 0.754893,
        "nauc_mrr_at_100_max": 0.633156,
        "nauc_mrr_at_100_std": 0.158192,
        "nauc_mrr_at_100_diff1": 0.754153,
        "nauc_mrr_at_1000_max": 0.633295,
        "nauc_mrr_at_1000_std": 0.158199,
        "nauc_mrr_at_1000_diff1": 0.754386,
        "main_score": 0.46981,
        "hf_subset": "default",
        "languages": [
          "tur-Latn"
        ]
      }
    ]
  },
  "evaluation_time": 18.1202449798584,
  "kg_co2_emissions": null
}