{
  "dataset_revision": "main",
  "task_name": "SCIDOCSTR",
  "mteb_version": "1.31.3",
  "scores": {
    "test": [
      {
        "ndcg_at_1": 0.00111,
        "ndcg_at_3": 0.00463,
        "ndcg_at_5": 0.00597,
        "ndcg_at_10": 0.00743,
        "ndcg_at_20": 0.00944,
        "ndcg_at_100": 0.01466,
        "ndcg_at_1000": 0.06569,
        "map_at_1": 0.00111,
        "map_at_3": 0.0039,
        "map_at_5": 0.00463,
        "map_at_10": 0.00523,
        "map_at_20": 0.00581,
        "map_at_100": 0.00639,
        "map_at_1000": 0.00752,
        "recall_at_1": 0.00111,
        "recall_at_3": 0.00669,
        "recall_at_5": 0.01003,
        "recall_at_10": 0.01449,
        "recall_at_20": 0.0223,
        "recall_at_100": 0.0524,
        "recall_at_1000": 0.50279,
        "precision_at_1": 0.00111,
        "precision_at_3": 0.00223,
        "precision_at_5": 0.00201,
        "precision_at_10": 0.00145,
        "precision_at_20": 0.00111,
        "precision_at_100": 0.00052,
        "precision_at_1000": 0.0005,
        "mrr_at_1": 0.001115,
        "mrr_at_3": 0.003902,
        "mrr_at_5": 0.004627,
        "mrr_at_10": 0.005235,
        "mrr_at_20": 0.005808,
        "mrr_at_100": 0.006394,
        "mrr_at_1000": 0.007525,
        "nauc_ndcg_at_1_max": 0.323869,
        "nauc_ndcg_at_1_std": -0.318689,
        "nauc_ndcg_at_1_diff1": -0.575027,
        "nauc_ndcg_at_3_max": -0.203192,
        "nauc_ndcg_at_3_std": -0.043079,
        "nauc_ndcg_at_3_diff1": -0.235856,
        "nauc_ndcg_at_5_max": -0.129511,
        "nauc_ndcg_at_5_std": -0.07283,
        "nauc_ndcg_at_5_diff1": -0.163424,
        "nauc_ndcg_at_10_max": -0.155704,
        "nauc_ndcg_at_10_std": -0.054352,
        "nauc_ndcg_at_10_diff1": -0.12787,
        "nauc_ndcg_at_20_max": -0.095769,
        "nauc_ndcg_at_20_std": -0.062592,
        "nauc_ndcg_at_20_diff1": -0.069562,
        "nauc_ndcg_at_100_max": -0.075919,
        "nauc_ndcg_at_100_std": -0.023989,
        "nauc_ndcg_at_100_diff1": -0.007712,
        "nauc_ndcg_at_1000_max": -0.012963,
        "nauc_ndcg_at_1000_std": -0.021636,
        "nauc_ndcg_at_1000_diff1": -0.073041,
        "nauc_map_at_1_max": 0.323869,
        "nauc_map_at_1_std": -0.318689,
        "nauc_map_at_1_diff1": -0.575027,
        "nauc_map_at_3_max": -0.171942,
        "nauc_map_at_3_std": -0.05942,
        "nauc_map_at_3_diff1": -0.255966,
        "nauc_map_at_5_max": -0.124174,
        "nauc_map_at_5_std": -0.077795,
        "nauc_map_at_5_diff1": -0.200772,
        "nauc_map_at_10_max": -0.139723,
        "nauc_map_at_10_std": -0.069721,
        "nauc_map_at_10_diff1": -0.17623,
        "nauc_map_at_20_max": -0.113676,
        "nauc_map_at_20_std": -0.072779,
        "nauc_map_at_20_diff1": -0.146828,
        "nauc_map_at_100_max": -0.107642,
        "nauc_map_at_100_std": -0.061397,
        "nauc_map_at_100_diff1": -0.123737,
        "nauc_map_at_1000_max": -0.092064,
        "nauc_map_at_1000_std": -0.059418,
        "nauc_map_at_1000_diff1": -0.121712,
        "nauc_recall_at_1_max": 0.323869,
        "nauc_recall_at_1_std": -0.318689,
        "nauc_recall_at_1_diff1": -0.575027,
        "nauc_recall_at_3_max": -0.254577,
        "nauc_recall_at_3_std": -0.016208,
        "nauc_recall_at_3_diff1": -0.202789,
        "nauc_recall_at_5_max": -0.130673,
        "nauc_recall_at_5_std": -0.068909,
        "nauc_recall_at_5_diff1": -0.109368,
        "nauc_recall_at_10_max": -0.172749,
        "nauc_recall_at_10_std": -0.034407,
        "nauc_recall_at_10_diff1": -0.06856,
        "nauc_recall_at_20_max": -0.067941,
        "nauc_recall_at_20_std": -0.053445,
        "nauc_recall_at_20_diff1": 0.011155,
        "nauc_recall_at_100_max": -0.050103,
        "nauc_recall_at_100_std": 0.001601,
        "nauc_recall_at_100_diff1": 0.06436,
        "nauc_recall_at_1000_max": 0.006933,
        "nauc_recall_at_1000_std": -0.009933,
        "nauc_recall_at_1000_diff1": -0.080501,
        "nauc_precision_at_1_max": 0.323869,
        "nauc_precision_at_1_std": -0.318689,
        "nauc_precision_at_1_diff1": -0.575027,
        "nauc_precision_at_3_max": -0.254577,
        "nauc_precision_at_3_std": -0.016208,
        "nauc_precision_at_3_diff1": -0.202789,
        "nauc_precision_at_5_max": -0.130673,
        "nauc_precision_at_5_std": -0.068909,
        "nauc_precision_at_5_diff1": -0.109368,
        "nauc_precision_at_10_max": -0.172749,
        "nauc_precision_at_10_std": -0.034407,
        "nauc_precision_at_10_diff1": -0.06856,
        "nauc_precision_at_20_max": -0.067941,
        "nauc_precision_at_20_std": -0.053445,
        "nauc_precision_at_20_diff1": 0.011155,
        "nauc_precision_at_100_max": -0.050103,
        "nauc_precision_at_100_std": 0.001601,
        "nauc_precision_at_100_diff1": 0.06436,
        "nauc_precision_at_1000_max": 0.006933,
        "nauc_precision_at_1000_std": -0.009933,
        "nauc_precision_at_1000_diff1": -0.080501,
        "nauc_mrr_at_1_max": 0.323869,
        "nauc_mrr_at_1_std": -0.318689,
        "nauc_mrr_at_1_diff1": -0.575027,
        "nauc_mrr_at_3_max": -0.171942,
        "nauc_mrr_at_3_std": -0.05942,
        "nauc_mrr_at_3_diff1": -0.255966,
        "nauc_mrr_at_5_max": -0.124174,
        "nauc_mrr_at_5_std": -0.077795,
        "nauc_mrr_at_5_diff1": -0.200772,
        "nauc_mrr_at_10_max": -0.139723,
        "nauc_mrr_at_10_std": -0.069721,
        "nauc_mrr_at_10_diff1": -0.17623,
        "nauc_mrr_at_20_max": -0.113676,
        "nauc_mrr_at_20_std": -0.072779,
        "nauc_mrr_at_20_diff1": -0.146828,
        "nauc_mrr_at_100_max": -0.107642,
        "nauc_mrr_at_100_std": -0.061397,
        "nauc_mrr_at_100_diff1": -0.123737,
        "nauc_mrr_at_1000_max": -0.092064,
        "nauc_mrr_at_1000_std": -0.059418,
        "nauc_mrr_at_1000_diff1": -0.121712,
        "main_score": 0.00743,
        "hf_subset": "default",
        "languages": [
          "tur-Latn"
        ]
      }
    ]
  },
  "evaluation_time": 54.68720006942749,
  "kg_co2_emissions": null
}