{
  "dataset_revision": "main",
  "task_name": "SciFactTR",
  "mteb_version": "1.31.3",
  "scores": {
    "test": [
      {
        "ndcg_at_1": 0.07,
        "ndcg_at_3": 0.09182,
        "ndcg_at_5": 0.13027,
        "ndcg_at_10": 0.15163,
        "ndcg_at_20": 0.1769,
        "ndcg_at_100": 0.23856,
        "ndcg_at_1000": 0.27882,
        "map_at_1": 0.07,
        "map_at_3": 0.08667,
        "map_at_5": 0.108,
        "map_at_10": 0.11671,
        "map_at_20": 0.12364,
        "map_at_100": 0.13188,
        "map_at_1000": 0.13374,
        "recall_at_1": 0.07,
        "recall_at_3": 0.10667,
        "recall_at_5": 0.2,
        "recall_at_10": 0.26667,
        "recall_at_20": 0.36667,
        "recall_at_100": 0.70333,
        "recall_at_1000": 1.0,
        "precision_at_1": 0.07,
        "precision_at_3": 0.03556,
        "precision_at_5": 0.04,
        "precision_at_10": 0.02667,
        "precision_at_20": 0.01833,
        "precision_at_100": 0.00703,
        "precision_at_1000": 0.001,
        "mrr_at_1": 0.07,
        "mrr_at_3": 0.086667,
        "mrr_at_5": 0.108,
        "mrr_at_10": 0.11671,
        "mrr_at_20": 0.123644,
        "mrr_at_100": 0.131878,
        "mrr_at_1000": 0.133738,
        "nauc_ndcg_at_1_max": 0.016316,
        "nauc_ndcg_at_1_std": -0.101639,
        "nauc_ndcg_at_1_diff1": 0.192367,
        "nauc_ndcg_at_3_max": 0.010217,
        "nauc_ndcg_at_3_std": -0.102812,
        "nauc_ndcg_at_3_diff1": 0.187748,
        "nauc_ndcg_at_5_max": -0.017161,
        "nauc_ndcg_at_5_std": -0.084338,
        "nauc_ndcg_at_5_diff1": 0.120497,
        "nauc_ndcg_at_10_max": -0.035989,
        "nauc_ndcg_at_10_std": -0.079069,
        "nauc_ndcg_at_10_diff1": 0.108448,
        "nauc_ndcg_at_20_max": 0.003179,
        "nauc_ndcg_at_20_std": -0.101679,
        "nauc_ndcg_at_20_diff1": 0.091168,
        "nauc_ndcg_at_100_max": -0.03322,
        "nauc_ndcg_at_100_std": -0.067438,
        "nauc_ndcg_at_100_diff1": 0.126053,
        "nauc_ndcg_at_1000_max": -0.016665,
        "nauc_ndcg_at_1000_std": -0.081783,
        "nauc_ndcg_at_1000_diff1": 0.129426,
        "nauc_map_at_1_max": 0.016316,
        "nauc_map_at_1_std": -0.101639,
        "nauc_map_at_1_diff1": 0.192367,
        "nauc_map_at_3_max": 0.010998,
        "nauc_map_at_3_std": -0.101365,
        "nauc_map_at_3_diff1": 0.188545,
        "nauc_map_at_5_max": -0.008312,
        "nauc_map_at_5_std": -0.088979,
        "nauc_map_at_5_diff1": 0.144585,
        "nauc_map_at_10_max": -0.018217,
        "nauc_map_at_10_std": -0.086437,
        "nauc_map_at_10_diff1": 0.139172,
        "nauc_map_at_20_max": -0.00522,
        "nauc_map_at_20_std": -0.09465,
        "nauc_map_at_20_diff1": 0.134389,
        "nauc_map_at_100_max": -0.010799,
        "nauc_map_at_100_std": -0.087926,
        "nauc_map_at_100_diff1": 0.141915,
        "nauc_map_at_1000_max": -0.010092,
        "nauc_map_at_1000_std": -0.088447,
        "nauc_map_at_1000_diff1": 0.142082,
        "nauc_recall_at_1_max": 0.016316,
        "nauc_recall_at_1_std": -0.101639,
        "nauc_recall_at_1_diff1": 0.192367,
        "nauc_recall_at_3_max": 0.008506,
        "nauc_recall_at_3_std": -0.106661,
        "nauc_recall_at_3_diff1": 0.185894,
        "nauc_recall_at_5_max": -0.033419,
        "nauc_recall_at_5_std": -0.0756,
        "nauc_recall_at_5_diff1": 0.07377,
        "nauc_recall_at_10_max": -0.068699,
        "nauc_recall_at_10_std": -0.065379,
        "nauc_recall_at_10_diff1": 0.051076,
        "nauc_recall_at_20_max": 0.030313,
        "nauc_recall_at_20_std": -0.119628,
        "nauc_recall_at_20_diff1": 0.008061,
        "nauc_recall_at_100_max": -0.120976,
        "nauc_recall_at_100_std": 0.009892,
        "nauc_recall_at_100_diff1": 0.106726,
        "nauc_recall_at_1000_max": NaN,
        "nauc_recall_at_1000_std": NaN,
        "nauc_recall_at_1000_diff1": NaN,
        "nauc_precision_at_1_max": 0.016316,
        "nauc_precision_at_1_std": -0.101639,
        "nauc_precision_at_1_diff1": 0.192367,
        "nauc_precision_at_3_max": 0.008506,
        "nauc_precision_at_3_std": -0.106661,
        "nauc_precision_at_3_diff1": 0.185894,
        "nauc_precision_at_5_max": -0.033419,
        "nauc_precision_at_5_std": -0.0756,
        "nauc_precision_at_5_diff1": 0.07377,
        "nauc_precision_at_10_max": -0.068699,
        "nauc_precision_at_10_std": -0.065379,
        "nauc_precision_at_10_diff1": 0.051076,
        "nauc_precision_at_20_max": 0.030313,
        "nauc_precision_at_20_std": -0.119628,
        "nauc_precision_at_20_diff1": 0.008061,
        "nauc_precision_at_100_max": -0.120976,
        "nauc_precision_at_100_std": 0.009892,
        "nauc_precision_at_100_diff1": 0.106726,
        "nauc_precision_at_1000_max": 1.0,
        "nauc_precision_at_1000_std": 1.0,
        "nauc_precision_at_1000_diff1": 1.0,
        "nauc_mrr_at_1_max": 0.016316,
        "nauc_mrr_at_1_std": -0.101639,
        "nauc_mrr_at_1_diff1": 0.192367,
        "nauc_mrr_at_3_max": 0.010998,
        "nauc_mrr_at_3_std": -0.101365,
        "nauc_mrr_at_3_diff1": 0.188545,
        "nauc_mrr_at_5_max": -0.008312,
        "nauc_mrr_at_5_std": -0.088979,
        "nauc_mrr_at_5_diff1": 0.144585,
        "nauc_mrr_at_10_max": -0.018217,
        "nauc_mrr_at_10_std": -0.086437,
        "nauc_mrr_at_10_diff1": 0.139172,
        "nauc_mrr_at_20_max": -0.00522,
        "nauc_mrr_at_20_std": -0.09465,
        "nauc_mrr_at_20_diff1": 0.134389,
        "nauc_mrr_at_100_max": -0.010799,
        "nauc_mrr_at_100_std": -0.087926,
        "nauc_mrr_at_100_diff1": 0.141915,
        "nauc_mrr_at_1000_max": -0.010092,
        "nauc_mrr_at_1000_std": -0.088447,
        "nauc_mrr_at_1000_diff1": 0.142082,
        "main_score": 0.15163,
        "hf_subset": "default",
        "languages": [
          "tur-Latn"
        ]
      }
    ]
  },
  "evaluation_time": 12.79117202758789,
  "kg_co2_emissions": null
}