{
  "dataset_revision": "main",
  "task_name": "SquadTRRetrieval",
  "mteb_version": "1.31.3",
  "scores": {
    "test": [
      {
        "ndcg_at_1": 0.02473,
        "ndcg_at_3": 0.04121,
        "ndcg_at_5": 0.04927,
        "ndcg_at_10": 0.06136,
        "ndcg_at_20": 0.074,
        "ndcg_at_100": 0.1132,
        "ndcg_at_1000": 0.185,
        "map_at_1": 0.02473,
        "map_at_3": 0.03701,
        "map_at_5": 0.04146,
        "map_at_10": 0.04645,
        "map_at_20": 0.04986,
        "map_at_100": 0.05474,
        "map_at_1000": 0.05695,
        "recall_at_1": 0.02473,
        "recall_at_3": 0.05343,
        "recall_at_5": 0.07309,
        "recall_at_10": 0.11048,
        "recall_at_20": 0.1609,
        "recall_at_100": 0.38041,
        "recall_at_1000": 0.9725,
        "precision_at_1": 0.02473,
        "precision_at_3": 0.01781,
        "precision_at_5": 0.01462,
        "precision_at_10": 0.01105,
        "precision_at_20": 0.00804,
        "precision_at_100": 0.0038,
        "precision_at_1000": 0.00097,
        "mrr_at_1": 0.024726,
        "mrr_at_3": 0.037008,
        "mrr_at_5": 0.041459,
        "mrr_at_10": 0.046447,
        "mrr_at_20": 0.049857,
        "mrr_at_100": 0.054736,
        "mrr_at_1000": 0.056948,
        "nauc_ndcg_at_1_max": 0.145935,
        "nauc_ndcg_at_1_std": 0.182234,
        "nauc_ndcg_at_1_diff1": 0.226356,
        "nauc_ndcg_at_3_max": 0.15398,
        "nauc_ndcg_at_3_std": 0.14713,
        "nauc_ndcg_at_3_diff1": 0.116986,
        "nauc_ndcg_at_5_max": 0.139637,
        "nauc_ndcg_at_5_std": 0.132158,
        "nauc_ndcg_at_5_diff1": 0.110586,
        "nauc_ndcg_at_10_max": 0.110684,
        "nauc_ndcg_at_10_std": 0.136208,
        "nauc_ndcg_at_10_diff1": 0.087057,
        "nauc_ndcg_at_20_max": 0.10038,
        "nauc_ndcg_at_20_std": 0.135678,
        "nauc_ndcg_at_20_diff1": 0.081308,
        "nauc_ndcg_at_100_max": 0.09722,
        "nauc_ndcg_at_100_std": 0.170366,
        "nauc_ndcg_at_100_diff1": 0.077014,
        "nauc_ndcg_at_1000_max": 0.103279,
        "nauc_ndcg_at_1000_std": 0.167087,
        "nauc_ndcg_at_1000_diff1": 0.086914,
        "nauc_map_at_1_max": 0.145935,
        "nauc_map_at_1_std": 0.182234,
        "nauc_map_at_1_diff1": 0.226356,
        "nauc_map_at_3_max": 0.155135,
        "nauc_map_at_3_std": 0.15364,
        "nauc_map_at_3_diff1": 0.13633,
        "nauc_map_at_5_max": 0.145654,
        "nauc_map_at_5_std": 0.14258,
        "nauc_map_at_5_diff1": 0.129938,
        "nauc_map_at_10_max": 0.129257,
        "nauc_map_at_10_std": 0.143527,
        "nauc_map_at_10_diff1": 0.115457,
        "nauc_map_at_20_max": 0.124477,
        "nauc_map_at_20_std": 0.143254,
        "nauc_map_at_20_diff1": 0.112318,
        "nauc_map_at_100_max": 0.121983,
        "nauc_map_at_100_std": 0.149725,
        "nauc_map_at_100_diff1": 0.109936,
        "nauc_map_at_1000_max": 0.122051,
        "nauc_map_at_1000_std": 0.150044,
        "nauc_map_at_1000_diff1": 0.110288,
        "nauc_recall_at_1_max": 0.145935,
        "nauc_recall_at_1_std": 0.182234,
        "nauc_recall_at_1_diff1": 0.226356,
        "nauc_recall_at_3_max": 0.150972,
        "nauc_recall_at_3_std": 0.133874,
        "nauc_recall_at_3_diff1": 0.077828,
        "nauc_recall_at_5_max": 0.128066,
        "nauc_recall_at_5_std": 0.114081,
        "nauc_recall_at_5_diff1": 0.078112,
        "nauc_recall_at_10_max": 0.081579,
        "nauc_recall_at_10_std": 0.12726,
        "nauc_recall_at_10_diff1": 0.046939,
        "nauc_recall_at_20_max": 0.068263,
        "nauc_recall_at_20_std": 0.127641,
        "nauc_recall_at_20_diff1": 0.044247,
        "nauc_recall_at_100_max": 0.074656,
        "nauc_recall_at_100_std": 0.207207,
        "nauc_recall_at_100_diff1": 0.047904,
        "nauc_recall_at_1000_max": 0.053287,
        "nauc_recall_at_1000_std": 0.408192,
        "nauc_recall_at_1000_diff1": 0.067015,
        "nauc_precision_at_1_max": 0.145935,
        "nauc_precision_at_1_std": 0.182234,
        "nauc_precision_at_1_diff1": 0.226356,
        "nauc_precision_at_3_max": 0.150972,
        "nauc_precision_at_3_std": 0.133874,
        "nauc_precision_at_3_diff1": 0.077828,
        "nauc_precision_at_5_max": 0.128066,
        "nauc_precision_at_5_std": 0.114081,
        "nauc_precision_at_5_diff1": 0.078112,
        "nauc_precision_at_10_max": 0.081579,
        "nauc_precision_at_10_std": 0.12726,
        "nauc_precision_at_10_diff1": 0.046939,
        "nauc_precision_at_20_max": 0.068263,
        "nauc_precision_at_20_std": 0.127641,
        "nauc_precision_at_20_diff1": 0.044247,
        "nauc_precision_at_100_max": 0.074656,
        "nauc_precision_at_100_std": 0.207207,
        "nauc_precision_at_100_diff1": 0.047904,
        "nauc_precision_at_1000_max": 0.053287,
        "nauc_precision_at_1000_std": 0.408192,
        "nauc_precision_at_1000_diff1": 0.067015,
        "nauc_mrr_at_1_max": 0.145935,
        "nauc_mrr_at_1_std": 0.182234,
        "nauc_mrr_at_1_diff1": 0.226356,
        "nauc_mrr_at_3_max": 0.155135,
        "nauc_mrr_at_3_std": 0.15364,
        "nauc_mrr_at_3_diff1": 0.13633,
        "nauc_mrr_at_5_max": 0.145654,
        "nauc_mrr_at_5_std": 0.14258,
        "nauc_mrr_at_5_diff1": 0.129938,
        "nauc_mrr_at_10_max": 0.129257,
        "nauc_mrr_at_10_std": 0.143527,
        "nauc_mrr_at_10_diff1": 0.115457,
        "nauc_mrr_at_20_max": 0.124477,
        "nauc_mrr_at_20_std": 0.143254,
        "nauc_mrr_at_20_diff1": 0.112318,
        "nauc_mrr_at_100_max": 0.121983,
        "nauc_mrr_at_100_std": 0.149725,
        "nauc_mrr_at_100_diff1": 0.109936,
        "nauc_mrr_at_1000_max": 0.122051,
        "nauc_mrr_at_1000_std": 0.150044,
        "nauc_mrr_at_1000_diff1": 0.110288,
        "main_score": 0.06136,
        "hf_subset": "default",
        "languages": [
          "tur-Latn"
        ]
      }
    ]
  },
  "evaluation_time": 68.12023711204529,
  "kg_co2_emissions": null
}