{
  "dataset_revision": "main",
  "task_name": "TQuadRetrieval",
  "mteb_version": "1.31.3",
  "scores": {
    "test": [
      {
        "ndcg_at_1": 0.14126,
        "ndcg_at_3": 0.20263,
        "ndcg_at_5": 0.22816,
        "ndcg_at_10": 0.26301,
        "ndcg_at_20": 0.30165,
        "ndcg_at_100": 0.3625,
        "ndcg_at_1000": 0.37694,
        "map_at_1": 0.14126,
        "map_at_3": 0.18778,
        "map_at_5": 0.20202,
        "map_at_10": 0.21665,
        "map_at_20": 0.22745,
        "map_at_100": 0.23569,
        "map_at_1000": 0.2364,
        "recall_at_1": 0.14126,
        "recall_at_3": 0.24552,
        "recall_at_5": 0.30717,
        "recall_at_10": 0.41368,
        "recall_at_20": 0.56502,
        "recall_at_100": 0.89574,
        "recall_at_1000": 1.0,
        "precision_at_1": 0.14126,
        "precision_at_3": 0.08184,
        "precision_at_5": 0.06143,
        "precision_at_10": 0.04137,
        "precision_at_20": 0.02825,
        "precision_at_100": 0.00896,
        "precision_at_1000": 0.001,
        "mrr_at_1": 0.140135,
        "mrr_at_3": 0.187593,
        "mrr_at_5": 0.201551,
        "mrr_at_10": 0.216183,
        "mrr_at_20": 0.226986,
        "mrr_at_100": 0.23522,
        "mrr_at_1000": 0.235936,
        "nauc_ndcg_at_1_max": 0.225515,
        "nauc_ndcg_at_1_std": 0.053462,
        "nauc_ndcg_at_1_diff1": 0.362808,
        "nauc_ndcg_at_3_max": 0.242423,
        "nauc_ndcg_at_3_std": 0.103333,
        "nauc_ndcg_at_3_diff1": 0.263748,
        "nauc_ndcg_at_5_max": 0.231106,
        "nauc_ndcg_at_5_std": 0.10759,
        "nauc_ndcg_at_5_diff1": 0.240754,
        "nauc_ndcg_at_10_max": 0.228304,
        "nauc_ndcg_at_10_std": 0.123118,
        "nauc_ndcg_at_10_diff1": 0.231364,
        "nauc_ndcg_at_20_max": 0.21106,
        "nauc_ndcg_at_20_std": 0.107253,
        "nauc_ndcg_at_20_diff1": 0.231249,
        "nauc_ndcg_at_100_max": 0.226416,
        "nauc_ndcg_at_100_std": 0.117545,
        "nauc_ndcg_at_100_diff1": 0.24336,
        "nauc_ndcg_at_1000_max": 0.22554,
        "nauc_ndcg_at_1000_std": 0.107843,
        "nauc_ndcg_at_1000_diff1": 0.250292,
        "nauc_map_at_1_max": 0.225515,
        "nauc_map_at_1_std": 0.053462,
        "nauc_map_at_1_diff1": 0.362808,
        "nauc_map_at_3_max": 0.239693,
        "nauc_map_at_3_std": 0.092829,
        "nauc_map_at_3_diff1": 0.282732,
        "nauc_map_at_5_max": 0.233042,
        "nauc_map_at_5_std": 0.09567,
        "nauc_map_at_5_diff1": 0.268102,
        "nauc_map_at_10_max": 0.232191,
        "nauc_map_at_10_std": 0.103542,
        "nauc_map_at_10_diff1": 0.263716,
        "nauc_map_at_20_max": 0.226905,
        "nauc_map_at_20_std": 0.098329,
        "nauc_map_at_20_diff1": 0.263576,
        "nauc_map_at_100_max": 0.228984,
        "nauc_map_at_100_std": 0.099739,
        "nauc_map_at_100_diff1": 0.265766,
        "nauc_map_at_1000_max": 0.229007,
        "nauc_map_at_1000_std": 0.099296,
        "nauc_map_at_1000_diff1": 0.266099,
        "nauc_recall_at_1_max": 0.225515,
        "nauc_recall_at_1_std": 0.053462,
        "nauc_recall_at_1_diff1": 0.362808,
        "nauc_recall_at_3_max": 0.24882,
        "nauc_recall_at_3_std": 0.129015,
        "nauc_recall_at_3_diff1": 0.217959,
        "nauc_recall_at_5_max": 0.225203,
        "nauc_recall_at_5_std": 0.135226,
        "nauc_recall_at_5_diff1": 0.176849,
        "nauc_recall_at_10_max": 0.216737,
        "nauc_recall_at_10_std": 0.170123,
        "nauc_recall_at_10_diff1": 0.15561,
        "nauc_recall_at_20_max": 0.157516,
        "nauc_recall_at_20_std": 0.122529,
        "nauc_recall_at_20_diff1": 0.149793,
        "nauc_recall_at_100_max": 0.24612,
        "nauc_recall_at_100_std": 0.277484,
        "nauc_recall_at_100_diff1": 0.128155,
        "nauc_recall_at_1000_max": NaN,
        "nauc_recall_at_1000_std": NaN,
        "nauc_recall_at_1000_diff1": NaN,
        "nauc_precision_at_1_max": 0.225515,
        "nauc_precision_at_1_std": 0.053462,
        "nauc_precision_at_1_diff1": 0.362808,
        "nauc_precision_at_3_max": 0.24882,
        "nauc_precision_at_3_std": 0.129015,
        "nauc_precision_at_3_diff1": 0.217959,
        "nauc_precision_at_5_max": 0.225203,
        "nauc_precision_at_5_std": 0.135226,
        "nauc_precision_at_5_diff1": 0.176849,
        "nauc_precision_at_10_max": 0.216737,
        "nauc_precision_at_10_std": 0.170123,
        "nauc_precision_at_10_diff1": 0.15561,
        "nauc_precision_at_20_max": 0.157516,
        "nauc_precision_at_20_std": 0.122529,
        "nauc_precision_at_20_diff1": 0.149793,
        "nauc_precision_at_100_max": 0.24612,
        "nauc_precision_at_100_std": 0.277484,
        "nauc_precision_at_100_diff1": 0.128155,
        "nauc_precision_at_1000_max": NaN,
        "nauc_precision_at_1000_std": NaN,
        "nauc_precision_at_1000_diff1": NaN,
        "nauc_mrr_at_1_max": 0.227462,
        "nauc_mrr_at_1_std": 0.052904,
        "nauc_mrr_at_1_diff1": 0.370024,
        "nauc_mrr_at_3_max": 0.239328,
        "nauc_mrr_at_3_std": 0.092445,
        "nauc_mrr_at_3_diff1": 0.286111,
        "nauc_mrr_at_5_max": 0.233555,
        "nauc_mrr_at_5_std": 0.095484,
        "nauc_mrr_at_5_diff1": 0.270942,
        "nauc_mrr_at_10_max": 0.232699,
        "nauc_mrr_at_10_std": 0.103374,
        "nauc_mrr_at_10_diff1": 0.266525,
        "nauc_mrr_at_20_max": 0.227396,
        "nauc_mrr_at_20_std": 0.098145,
        "nauc_mrr_at_20_diff1": 0.2664,
        "nauc_mrr_at_100_max": 0.229487,
        "nauc_mrr_at_100_std": 0.099555,
        "nauc_mrr_at_100_diff1": 0.268648,
        "nauc_mrr_at_1000_max": 0.229511,
        "nauc_mrr_at_1000_std": 0.099111,
        "nauc_mrr_at_1000_diff1": 0.268991,
        "main_score": 0.26301,
        "hf_subset": "default",
        "languages": [
          "tur-Latn"
        ]
      }
    ]
  },
  "evaluation_time": 12.167683124542236,
  "kg_co2_emissions": null
}