{
  "dataset_revision": "51adfef1c1287aab1d2d91b5bead9bcfb9c68583",
  "task_name": "XQuADRetrieval",
  "mteb_version": "1.31.3",
  "scores": {
    "validation": [
      {
        "ndcg_at_1": 0.09375,
        "ndcg_at_3": 0.13686,
        "ndcg_at_5": 0.1638,
        "ndcg_at_10": 0.19543,
        "ndcg_at_20": 0.2245,
        "ndcg_at_100": 0.29223,
        "ndcg_at_1000": 0.31785,
        "map_at_1": 0.09375,
        "map_at_3": 0.12584,
        "map_at_5": 0.14088,
        "map_at_10": 0.15389,
        "map_at_20": 0.16189,
        "map_at_100": 0.17094,
        "map_at_1000": 0.17224,
        "recall_at_1": 0.09375,
        "recall_at_3": 0.16892,
        "recall_at_5": 0.23395,
        "recall_at_10": 0.33193,
        "recall_at_20": 0.44679,
        "recall_at_100": 0.81588,
        "recall_at_1000": 1.0,
        "precision_at_1": 0.09375,
        "precision_at_3": 0.05631,
        "precision_at_5": 0.04679,
        "precision_at_10": 0.03319,
        "precision_at_20": 0.02234,
        "precision_at_100": 0.00816,
        "precision_at_1000": 0.001,
        "mrr_at_1": 0.09375,
        "mrr_at_3": 0.125845,
        "mrr_at_5": 0.140878,
        "mrr_at_10": 0.153895,
        "mrr_at_20": 0.161885,
        "mrr_at_100": 0.170944,
        "mrr_at_1000": 0.172238,
        "nauc_ndcg_at_1_max": 0.071719,
        "nauc_ndcg_at_1_std": 0.200509,
        "nauc_ndcg_at_1_diff1": 0.296489,
        "nauc_ndcg_at_3_max": 0.086122,
        "nauc_ndcg_at_3_std": 0.178224,
        "nauc_ndcg_at_3_diff1": 0.203113,
        "nauc_ndcg_at_5_max": 0.063187,
        "nauc_ndcg_at_5_std": 0.191361,
        "nauc_ndcg_at_5_diff1": 0.169673,
        "nauc_ndcg_at_10_max": 0.057728,
        "nauc_ndcg_at_10_std": 0.205362,
        "nauc_ndcg_at_10_diff1": 0.152731,
        "nauc_ndcg_at_20_max": 0.07037,
        "nauc_ndcg_at_20_std": 0.209254,
        "nauc_ndcg_at_20_diff1": 0.14248,
        "nauc_ndcg_at_100_max": 0.06498,
        "nauc_ndcg_at_100_std": 0.214874,
        "nauc_ndcg_at_100_diff1": 0.149801,
        "nauc_ndcg_at_1000_max": 0.066697,
        "nauc_ndcg_at_1000_std": 0.205595,
        "nauc_ndcg_at_1000_diff1": 0.165997,
        "nauc_map_at_1_max": 0.071719,
        "nauc_map_at_1_std": 0.200509,
        "nauc_map_at_1_diff1": 0.296489,
        "nauc_map_at_3_max": 0.082877,
        "nauc_map_at_3_std": 0.18377,
        "nauc_map_at_3_diff1": 0.222983,
        "nauc_map_at_5_max": 0.068975,
        "nauc_map_at_5_std": 0.191808,
        "nauc_map_at_5_diff1": 0.200737,
        "nauc_map_at_10_max": 0.065919,
        "nauc_map_at_10_std": 0.198651,
        "nauc_map_at_10_diff1": 0.191554,
        "nauc_map_at_20_max": 0.069743,
        "nauc_map_at_20_std": 0.199553,
        "nauc_map_at_20_diff1": 0.188436,
        "nauc_map_at_100_max": 0.068557,
        "nauc_map_at_100_std": 0.200519,
        "nauc_map_at_100_diff1": 0.189195,
        "nauc_map_at_1000_max": 0.068707,
        "nauc_map_at_1000_std": 0.200052,
        "nauc_map_at_1000_diff1": 0.190139,
        "nauc_recall_at_1_max": 0.071719,
        "nauc_recall_at_1_std": 0.200509,
        "nauc_recall_at_1_diff1": 0.296489,
        "nauc_recall_at_3_max": 0.093735,
        "nauc_recall_at_3_std": 0.165068,
        "nauc_recall_at_3_diff1": 0.156847,
        "nauc_recall_at_5_max": 0.049358,
        "nauc_recall_at_5_std": 0.191192,
        "nauc_recall_at_5_diff1": 0.103772,
        "nauc_recall_at_10_max": 0.040046,
        "nauc_recall_at_10_std": 0.221508,
        "nauc_recall_at_10_diff1": 0.075405,
        "nauc_recall_at_20_max": 0.076458,
        "nauc_recall_at_20_std": 0.233878,
        "nauc_recall_at_20_diff1": 0.047014,
        "nauc_recall_at_100_max": 0.053091,
        "nauc_recall_at_100_std": 0.292693,
        "nauc_recall_at_100_diff1": 0.015985,
        "nauc_recall_at_1000_max": NaN,
        "nauc_recall_at_1000_std": NaN,
        "nauc_recall_at_1000_diff1": NaN,
        "nauc_precision_at_1_max": 0.071719,
        "nauc_precision_at_1_std": 0.200509,
        "nauc_precision_at_1_diff1": 0.296489,
        "nauc_precision_at_3_max": 0.093735,
        "nauc_precision_at_3_std": 0.165068,
        "nauc_precision_at_3_diff1": 0.156847,
        "nauc_precision_at_5_max": 0.049358,
        "nauc_precision_at_5_std": 0.191192,
        "nauc_precision_at_5_diff1": 0.103772,
        "nauc_precision_at_10_max": 0.040046,
        "nauc_precision_at_10_std": 0.221508,
        "nauc_precision_at_10_diff1": 0.075405,
        "nauc_precision_at_20_max": 0.076458,
        "nauc_precision_at_20_std": 0.233878,
        "nauc_precision_at_20_diff1": 0.047014,
        "nauc_precision_at_100_max": 0.053091,
        "nauc_precision_at_100_std": 0.292693,
        "nauc_precision_at_100_diff1": 0.015985,
        "nauc_precision_at_1000_max": 1.0,
        "nauc_precision_at_1000_std": 1.0,
        "nauc_precision_at_1000_diff1": 1.0,
        "nauc_mrr_at_1_max": 0.071719,
        "nauc_mrr_at_1_std": 0.200509,
        "nauc_mrr_at_1_diff1": 0.296489,
        "nauc_mrr_at_3_max": 0.082877,
        "nauc_mrr_at_3_std": 0.18377,
        "nauc_mrr_at_3_diff1": 0.222983,
        "nauc_mrr_at_5_max": 0.068975,
        "nauc_mrr_at_5_std": 0.191808,
        "nauc_mrr_at_5_diff1": 0.200737,
        "nauc_mrr_at_10_max": 0.065919,
        "nauc_mrr_at_10_std": 0.198651,
        "nauc_mrr_at_10_diff1": 0.191554,
        "nauc_mrr_at_20_max": 0.069743,
        "nauc_mrr_at_20_std": 0.199553,
        "nauc_mrr_at_20_diff1": 0.188436,
        "nauc_mrr_at_100_max": 0.068557,
        "nauc_mrr_at_100_std": 0.200519,
        "nauc_mrr_at_100_diff1": 0.189195,
        "nauc_mrr_at_1000_max": 0.068707,
        "nauc_mrr_at_1000_std": 0.200052,
        "nauc_mrr_at_1000_diff1": 0.190139,
        "main_score": 0.19543,
        "hf_subset": "tr",
        "languages": [
          "tur-Latn"
        ]
      }
    ]
  },
  "evaluation_time": 10.8008451461792,
  "kg_co2_emissions": null
}