{
  "dataset_revision": "main",
  "task_name": "ArguAnaTR",
  "mteb_version": "1.31.3",
  "scores": {
    "test": [
      {
        "ndcg_at_1": 0.19915,
        "ndcg_at_3": 0.32432,
        "ndcg_at_5": 0.3739,
        "ndcg_at_10": 0.42084,
        "ndcg_at_20": 0.45504,
        "ndcg_at_100": 0.48001,
        "ndcg_at_1000": 0.48542,
        "map_at_1": 0.19915,
        "map_at_3": 0.29208,
        "map_at_5": 0.31946,
        "map_at_10": 0.33872,
        "map_at_20": 0.34822,
        "map_at_100": 0.35185,
        "map_at_1000": 0.35206,
        "recall_at_1": 0.19915,
        "recall_at_3": 0.41821,
        "recall_at_5": 0.53912,
        "recall_at_10": 0.68492,
        "recall_at_20": 0.81935,
        "recall_at_100": 0.95164,
        "recall_at_1000": 0.9936,
        "precision_at_1": 0.19915,
        "precision_at_3": 0.1394,
        "precision_at_5": 0.10782,
        "precision_at_10": 0.06849,
        "precision_at_20": 0.04097,
        "precision_at_100": 0.00952,
        "precision_at_1000": 0.00099,
        "mrr_at_1": 0.20128,
        "mrr_at_3": 0.29303,
        "mrr_at_5": 0.320092,
        "mrr_at_10": 0.339415,
        "mrr_at_20": 0.348979,
        "mrr_at_100": 0.352607,
        "mrr_at_1000": 0.352821,
        "nauc_ndcg_at_1_max": -0.057586,
        "nauc_ndcg_at_1_std": -0.072617,
        "nauc_ndcg_at_1_diff1": 0.059818,
        "nauc_ndcg_at_3_max": -0.014509,
        "nauc_ndcg_at_3_std": -0.074286,
        "nauc_ndcg_at_3_diff1": 0.042159,
        "nauc_ndcg_at_5_max": -0.018613,
        "nauc_ndcg_at_5_std": -0.073934,
        "nauc_ndcg_at_5_diff1": 0.021062,
        "nauc_ndcg_at_10_max": -0.002817,
        "nauc_ndcg_at_10_std": -0.060833,
        "nauc_ndcg_at_10_diff1": 0.029917,
        "nauc_ndcg_at_20_max": 0.012285,
        "nauc_ndcg_at_20_std": -0.045665,
        "nauc_ndcg_at_20_diff1": 0.037669,
        "nauc_ndcg_at_100_max": 0.004612,
        "nauc_ndcg_at_100_std": -0.045685,
        "nauc_ndcg_at_100_diff1": 0.038579,
        "nauc_ndcg_at_1000_max": -0.004509,
        "nauc_ndcg_at_1000_std": -0.054514,
        "nauc_ndcg_at_1000_diff1": 0.037736,
        "nauc_map_at_1_max": -0.057586,
        "nauc_map_at_1_std": -0.072617,
        "nauc_map_at_1_diff1": 0.059818,
        "nauc_map_at_3_max": -0.024648,
        "nauc_map_at_3_std": -0.072633,
        "nauc_map_at_3_diff1": 0.044672,
        "nauc_map_at_5_max": -0.026604,
        "nauc_map_at_5_std": -0.072135,
        "nauc_map_at_5_diff1": 0.032815,
        "nauc_map_at_10_max": -0.020532,
        "nauc_map_at_10_std": -0.0668,
        "nauc_map_at_10_diff1": 0.036482,
        "nauc_map_at_20_max": -0.017833,
        "nauc_map_at_20_std": -0.063783,
        "nauc_map_at_20_diff1": 0.038271,
        "nauc_map_at_100_max": -0.018495,
        "nauc_map_at_100_std": -0.063828,
        "nauc_map_at_100_diff1": 0.038576,
        "nauc_map_at_1000_max": -0.018781,
        "nauc_map_at_1000_std": -0.064076,
        "nauc_map_at_1000_diff1": 0.038547,
        "nauc_recall_at_1_max": -0.057586,
        "nauc_recall_at_1_std": -0.072617,
        "nauc_recall_at_1_diff1": 0.059818,
        "nauc_recall_at_3_max": 0.011977,
        "nauc_recall_at_3_std": -0.079032,
        "nauc_recall_at_3_diff1": 0.036148,
        "nauc_recall_at_5_max": 0.002259,
        "nauc_recall_at_5_std": -0.079617,
        "nauc_recall_at_5_diff1": -0.013442,
        "nauc_recall_at_10_max": 0.063073,
        "nauc_recall_at_10_std": -0.035502,
        "nauc_recall_at_10_diff1": 0.009964,
        "nauc_recall_at_20_max": 0.206985,
        "nauc_recall_at_20_std": 0.085233,
        "nauc_recall_at_20_diff1": 0.052346,
        "nauc_recall_at_100_max": 0.428877,
        "nauc_recall_at_100_std": 0.395652,
        "nauc_recall_at_100_diff1": 0.093906,
        "nauc_recall_at_1000_max": 0.399489,
        "nauc_recall_at_1000_std": 0.4899,
        "nauc_recall_at_1000_diff1": 0.20666,
        "nauc_precision_at_1_max": -0.057586,
        "nauc_precision_at_1_std": -0.072617,
        "nauc_precision_at_1_diff1": 0.059818,
        "nauc_precision_at_3_max": 0.011977,
        "nauc_precision_at_3_std": -0.079032,
        "nauc_precision_at_3_diff1": 0.036148,
        "nauc_precision_at_5_max": 0.002259,
        "nauc_precision_at_5_std": -0.079617,
        "nauc_precision_at_5_diff1": -0.013442,
        "nauc_precision_at_10_max": 0.063073,
        "nauc_precision_at_10_std": -0.035502,
        "nauc_precision_at_10_diff1": 0.009964,
        "nauc_precision_at_20_max": 0.206985,
        "nauc_precision_at_20_std": 0.085233,
        "nauc_precision_at_20_diff1": 0.052346,
        "nauc_precision_at_100_max": 0.428877,
        "nauc_precision_at_100_std": 0.395652,
        "nauc_precision_at_100_diff1": 0.093906,
        "nauc_precision_at_1000_max": 0.399489,
        "nauc_precision_at_1000_std": 0.4899,
        "nauc_precision_at_1000_diff1": 0.20666,
        "nauc_mrr_at_1_max": -0.061686,
        "nauc_mrr_at_1_std": -0.070596,
        "nauc_mrr_at_1_diff1": 0.052123,
        "nauc_mrr_at_3_max": -0.028077,
        "nauc_mrr_at_3_std": -0.072226,
        "nauc_mrr_at_3_diff1": 0.039483,
        "nauc_mrr_at_5_max": -0.031477,
        "nauc_mrr_at_5_std": -0.071489,
        "nauc_mrr_at_5_diff1": 0.026432,
        "nauc_mrr_at_10_max": -0.025419,
        "nauc_mrr_at_10_std": -0.066411,
        "nauc_mrr_at_10_diff1": 0.029865,
        "nauc_mrr_at_20_max": -0.022485,
        "nauc_mrr_at_20_std": -0.063367,
        "nauc_mrr_at_20_diff1": 0.031853,
        "nauc_mrr_at_100_max": -0.0232,
        "nauc_mrr_at_100_std": -0.063409,
        "nauc_mrr_at_100_diff1": 0.032085,
        "nauc_mrr_at_1000_max": -0.023489,
        "nauc_mrr_at_1000_std": -0.063655,
        "nauc_mrr_at_1000_diff1": 0.032052,
        "main_score": 0.42084,
        "hf_subset": "default",
        "languages": [
          "tur-Latn"
        ]
      }
    ]
  },
  "evaluation_time": 461.04972219467163,
  "kg_co2_emissions": null
}