{
  "dataset_revision": "main",
  "task_name": "CQADupstackGamingRetrievalTR",
  "mteb_version": "1.31.3",
  "scores": {
    "test": [
      {
        "ndcg_at_1": 0.39946,
        "ndcg_at_3": 0.46673,
        "ndcg_at_5": 0.48717,
        "ndcg_at_10": 0.51196,
        "ndcg_at_20": 0.52943,
        "ndcg_at_100": 0.55277,
        "ndcg_at_1000": 0.57046,
        "map_at_1": 0.39946,
        "map_at_3": 0.45052,
        "map_at_5": 0.46179,
        "map_at_10": 0.4721,
        "map_at_20": 0.47702,
        "map_at_100": 0.48021,
        "map_at_1000": 0.48082,
        "recall_at_1": 0.39946,
        "recall_at_3": 0.5135,
        "recall_at_5": 0.56343,
        "recall_at_10": 0.63968,
        "recall_at_20": 0.70783,
        "recall_at_100": 0.83401,
        "recall_at_1000": 0.97638,
        "precision_at_1": 0.39946,
        "precision_at_3": 0.17117,
        "precision_at_5": 0.11269,
        "precision_at_10": 0.06397,
        "precision_at_20": 0.03539,
        "precision_at_100": 0.00834,
        "precision_at_1000": 0.00098,
        "mrr_at_1": 0.39946,
        "mrr_at_3": 0.450517,
        "mrr_at_5": 0.461786,
        "mrr_at_10": 0.472103,
        "mrr_at_20": 0.477021,
        "mrr_at_100": 0.48021,
        "mrr_at_1000": 0.48082,
        "nauc_ndcg_at_1_max": 0.357647,
        "nauc_ndcg_at_1_std": -0.114008,
        "nauc_ndcg_at_1_diff1": 0.619416,
        "nauc_ndcg_at_3_max": 0.381744,
        "nauc_ndcg_at_3_std": -0.098422,
        "nauc_ndcg_at_3_diff1": 0.568787,
        "nauc_ndcg_at_5_max": 0.376511,
        "nauc_ndcg_at_5_std": -0.099175,
        "nauc_ndcg_at_5_diff1": 0.558234,
        "nauc_ndcg_at_10_max": 0.373927,
        "nauc_ndcg_at_10_std": -0.098294,
        "nauc_ndcg_at_10_diff1": 0.55052,
        "nauc_ndcg_at_20_max": 0.376395,
        "nauc_ndcg_at_20_std": -0.091798,
        "nauc_ndcg_at_20_diff1": 0.549021,
        "nauc_ndcg_at_100_max": 0.379371,
        "nauc_ndcg_at_100_std": -0.079927,
        "nauc_ndcg_at_100_diff1": 0.552096,
        "nauc_ndcg_at_1000_max": 0.376666,
        "nauc_ndcg_at_1000_std": -0.086355,
        "nauc_ndcg_at_1000_diff1": 0.557726,
        "nauc_map_at_1_max": 0.357647,
        "nauc_map_at_1_std": -0.114008,
        "nauc_map_at_1_diff1": 0.619416,
        "nauc_map_at_3_max": 0.376511,
        "nauc_map_at_3_std": -0.102064,
        "nauc_map_at_3_diff1": 0.580756,
        "nauc_map_at_5_max": 0.374061,
        "nauc_map_at_5_std": -0.102345,
        "nauc_map_at_5_diff1": 0.575419,
        "nauc_map_at_10_max": 0.373255,
        "nauc_map_at_10_std": -0.101611,
        "nauc_map_at_10_diff1": 0.572353,
        "nauc_map_at_20_max": 0.37373,
        "nauc_map_at_20_std": -0.100024,
        "nauc_map_at_20_diff1": 0.572023,
        "nauc_map_at_100_max": 0.373959,
        "nauc_map_at_100_std": -0.098355,
        "nauc_map_at_100_diff1": 0.572195,
        "nauc_map_at_1000_max": 0.373872,
        "nauc_map_at_1000_std": -0.098486,
        "nauc_map_at_1000_diff1": 0.572356,
        "nauc_recall_at_1_max": 0.357647,
        "nauc_recall_at_1_std": -0.114008,
        "nauc_recall_at_1_diff1": 0.619416,
        "nauc_recall_at_3_max": 0.396979,
        "nauc_recall_at_3_std": -0.087698,
        "nauc_recall_at_3_diff1": 0.533478,
        "nauc_recall_at_5_max": 0.382341,
        "nauc_recall_at_5_std": -0.089802,
        "nauc_recall_at_5_diff1": 0.503274,
        "nauc_recall_at_10_max": 0.372243,
        "nauc_recall_at_10_std": -0.08824,
        "nauc_recall_at_10_diff1": 0.470752,
        "nauc_recall_at_20_max": 0.386062,
        "nauc_recall_at_20_std": -0.053158,
        "nauc_recall_at_20_diff1": 0.452103,
        "nauc_recall_at_100_max": 0.426608,
        "nauc_recall_at_100_std": 0.08724,
        "nauc_recall_at_100_diff1": 0.43568,
        "nauc_recall_at_1000_max": 0.429292,
        "nauc_recall_at_1000_std": 0.32664,
        "nauc_recall_at_1000_diff1": 0.370072,
        "nauc_precision_at_1_max": 0.357647,
        "nauc_precision_at_1_std": -0.114008,
        "nauc_precision_at_1_diff1": 0.619416,
        "nauc_precision_at_3_max": 0.396979,
        "nauc_precision_at_3_std": -0.087698,
        "nauc_precision_at_3_diff1": 0.533478,
        "nauc_precision_at_5_max": 0.382341,
        "nauc_precision_at_5_std": -0.089802,
        "nauc_precision_at_5_diff1": 0.503274,
        "nauc_precision_at_10_max": 0.372243,
        "nauc_precision_at_10_std": -0.08824,
        "nauc_precision_at_10_diff1": 0.470752,
        "nauc_precision_at_20_max": 0.386062,
        "nauc_precision_at_20_std": -0.053158,
        "nauc_precision_at_20_diff1": 0.452103,
        "nauc_precision_at_100_max": 0.426608,
        "nauc_precision_at_100_std": 0.08724,
        "nauc_precision_at_100_diff1": 0.43568,
        "nauc_precision_at_1000_max": 0.429292,
        "nauc_precision_at_1000_std": 0.32664,
        "nauc_precision_at_1000_diff1": 0.370072,
        "nauc_mrr_at_1_max": 0.357647,
        "nauc_mrr_at_1_std": -0.114008,
        "nauc_mrr_at_1_diff1": 0.619416,
        "nauc_mrr_at_3_max": 0.376511,
        "nauc_mrr_at_3_std": -0.102064,
        "nauc_mrr_at_3_diff1": 0.580756,
        "nauc_mrr_at_5_max": 0.374061,
        "nauc_mrr_at_5_std": -0.102345,
        "nauc_mrr_at_5_diff1": 0.575419,
        "nauc_mrr_at_10_max": 0.373255,
        "nauc_mrr_at_10_std": -0.101611,
        "nauc_mrr_at_10_diff1": 0.572353,
        "nauc_mrr_at_20_max": 0.37373,
        "nauc_mrr_at_20_std": -0.100024,
        "nauc_mrr_at_20_diff1": 0.572023,
        "nauc_mrr_at_100_max": 0.373959,
        "nauc_mrr_at_100_std": -0.098355,
        "nauc_mrr_at_100_diff1": 0.572195,
        "nauc_mrr_at_1000_max": 0.373872,
        "nauc_mrr_at_1000_std": -0.098486,
        "nauc_mrr_at_1000_diff1": 0.572356,
        "main_score": 0.51196,
        "hf_subset": "default",
        "languages": [
          "tur-Latn"
        ]
      }
    ]
  },
  "evaluation_time": 65.75923299789429,
  "kg_co2_emissions": null
}