{
  "dataset_revision": "main",
  "task_name": "FiQA2018TR",
  "mteb_version": "1.31.3",
  "scores": {
    "test": [
      {
        "ndcg_at_1": 0.22377,
        "ndcg_at_3": 0.3111,
        "ndcg_at_5": 0.3378,
        "ndcg_at_10": 0.37253,
        "ndcg_at_20": 0.39411,
        "ndcg_at_100": 0.42361,
        "ndcg_at_1000": 0.44717,
        "map_at_1": 0.22377,
        "map_at_3": 0.28909,
        "map_at_5": 0.30391,
        "map_at_10": 0.31842,
        "map_at_20": 0.32441,
        "map_at_100": 0.32857,
        "map_at_1000": 0.32938,
        "recall_at_1": 0.22377,
        "recall_at_3": 0.375,
        "recall_at_5": 0.43981,
        "recall_at_10": 0.5463,
        "recall_at_20": 0.63117,
        "recall_at_100": 0.78858,
        "recall_at_1000": 0.9784,
        "precision_at_1": 0.22377,
        "precision_at_3": 0.125,
        "precision_at_5": 0.08796,
        "precision_at_10": 0.05463,
        "precision_at_20": 0.03156,
        "precision_at_100": 0.00789,
        "precision_at_1000": 0.00098,
        "mrr_at_1": 0.223765,
        "mrr_at_3": 0.289095,
        "mrr_at_5": 0.303909,
        "mrr_at_10": 0.318416,
        "mrr_at_20": 0.324408,
        "mrr_at_100": 0.328574,
        "mrr_at_1000": 0.329383,
        "nauc_ndcg_at_1_max": 0.145888,
        "nauc_ndcg_at_1_std": -0.106939,
        "nauc_ndcg_at_1_diff1": 0.370051,
        "nauc_ndcg_at_3_max": 0.142071,
        "nauc_ndcg_at_3_std": -0.125749,
        "nauc_ndcg_at_3_diff1": 0.333049,
        "nauc_ndcg_at_5_max": 0.149665,
        "nauc_ndcg_at_5_std": -0.136245,
        "nauc_ndcg_at_5_diff1": 0.328116,
        "nauc_ndcg_at_10_max": 0.15583,
        "nauc_ndcg_at_10_std": -0.11416,
        "nauc_ndcg_at_10_diff1": 0.322246,
        "nauc_ndcg_at_20_max": 0.157869,
        "nauc_ndcg_at_20_std": -0.105884,
        "nauc_ndcg_at_20_diff1": 0.319896,
        "nauc_ndcg_at_100_max": 0.165336,
        "nauc_ndcg_at_100_std": -0.093344,
        "nauc_ndcg_at_100_diff1": 0.317392,
        "nauc_ndcg_at_1000_max": 0.15827,
        "nauc_ndcg_at_1000_std": -0.101105,
        "nauc_ndcg_at_1000_diff1": 0.327647,
        "nauc_map_at_1_max": 0.145888,
        "nauc_map_at_1_std": -0.106939,
        "nauc_map_at_1_diff1": 0.370051,
        "nauc_map_at_3_max": 0.140633,
        "nauc_map_at_3_std": -0.12359,
        "nauc_map_at_3_diff1": 0.339518,
        "nauc_map_at_5_max": 0.144439,
        "nauc_map_at_5_std": -0.129893,
        "nauc_map_at_5_diff1": 0.336278,
        "nauc_map_at_10_max": 0.146895,
        "nauc_map_at_10_std": -0.120616,
        "nauc_map_at_10_diff1": 0.333679,
        "nauc_map_at_20_max": 0.147056,
        "nauc_map_at_20_std": -0.118086,
        "nauc_map_at_20_diff1": 0.333036,
        "nauc_map_at_100_max": 0.147916,
        "nauc_map_at_100_std": -0.116639,
        "nauc_map_at_100_diff1": 0.332858,
        "nauc_map_at_1000_max": 0.147777,
        "nauc_map_at_1000_std": -0.116678,
        "nauc_map_at_1000_diff1": 0.33324,
        "nauc_recall_at_1_max": 0.145888,
        "nauc_recall_at_1_std": -0.106939,
        "nauc_recall_at_1_diff1": 0.370051,
        "nauc_recall_at_3_max": 0.146745,
        "nauc_recall_at_3_std": -0.130702,
        "nauc_recall_at_3_diff1": 0.316584,
        "nauc_recall_at_5_max": 0.16601,
        "nauc_recall_at_5_std": -0.153356,
        "nauc_recall_at_5_diff1": 0.306964,
        "nauc_recall_at_10_max": 0.186097,
        "nauc_recall_at_10_std": -0.087529,
        "nauc_recall_at_10_diff1": 0.288662,
        "nauc_recall_at_20_max": 0.201108,
        "nauc_recall_at_20_std": -0.051549,
        "nauc_recall_at_20_diff1": 0.275183,
        "nauc_recall_at_100_max": 0.288038,
        "nauc_recall_at_100_std": 0.083678,
        "nauc_recall_at_100_diff1": 0.231277,
        "nauc_recall_at_1000_max": 0.432966,
        "nauc_recall_at_1000_std": 0.481618,
        "nauc_recall_at_1000_diff1": 0.571427,
        "nauc_precision_at_1_max": 0.145888,
        "nauc_precision_at_1_std": -0.106939,
        "nauc_precision_at_1_diff1": 0.370051,
        "nauc_precision_at_3_max": 0.146745,
        "nauc_precision_at_3_std": -0.130702,
        "nauc_precision_at_3_diff1": 0.316584,
        "nauc_precision_at_5_max": 0.16601,
        "nauc_precision_at_5_std": -0.153356,
        "nauc_precision_at_5_diff1": 0.306964,
        "nauc_precision_at_10_max": 0.186097,
        "nauc_precision_at_10_std": -0.087529,
        "nauc_precision_at_10_diff1": 0.288662,
        "nauc_precision_at_20_max": 0.201108,
        "nauc_precision_at_20_std": -0.051549,
        "nauc_precision_at_20_diff1": 0.275183,
        "nauc_precision_at_100_max": 0.288038,
        "nauc_precision_at_100_std": 0.083678,
        "nauc_precision_at_100_diff1": 0.231277,
        "nauc_precision_at_1000_max": 0.432966,
        "nauc_precision_at_1000_std": 0.481618,
        "nauc_precision_at_1000_diff1": 0.571427,
        "nauc_mrr_at_1_max": 0.145888,
        "nauc_mrr_at_1_std": -0.106939,
        "nauc_mrr_at_1_diff1": 0.370051,
        "nauc_mrr_at_3_max": 0.140633,
        "nauc_mrr_at_3_std": -0.12359,
        "nauc_mrr_at_3_diff1": 0.339518,
        "nauc_mrr_at_5_max": 0.144439,
        "nauc_mrr_at_5_std": -0.129893,
        "nauc_mrr_at_5_diff1": 0.336278,
        "nauc_mrr_at_10_max": 0.146895,
        "nauc_mrr_at_10_std": -0.120616,
        "nauc_mrr_at_10_diff1": 0.333679,
        "nauc_mrr_at_20_max": 0.147056,
        "nauc_mrr_at_20_std": -0.118086,
        "nauc_mrr_at_20_diff1": 0.333036,
        "nauc_mrr_at_100_max": 0.147916,
        "nauc_mrr_at_100_std": -0.116639,
        "nauc_mrr_at_100_diff1": 0.332858,
        "nauc_mrr_at_1000_max": 0.147777,
        "nauc_mrr_at_1000_std": -0.116678,
        "nauc_mrr_at_1000_diff1": 0.33324,
        "main_score": 0.37253,
        "hf_subset": "default",
        "languages": [
          "tur-Latn"
        ]
      }
    ]
  },
  "evaluation_time": 81.07361102104187,
  "kg_co2_emissions": null
}