{
  "dataset_revision": "main",
  "task_name": "MSMarcoTRRetrieval",
  "mteb_version": "1.31.3",
  "scores": {
    "test": [
      {
        "ndcg_at_1": 0.49291,
        "ndcg_at_3": 0.51901,
        "ndcg_at_5": 0.52695,
        "ndcg_at_10": 0.53167,
        "ndcg_at_20": 0.53452,
        "ndcg_at_100": 0.53677,
        "ndcg_at_1000": 0.53772,
        "map_at_1": 0.49291,
        "map_at_3": 0.5128,
        "map_at_5": 0.51725,
        "map_at_10": 0.51919,
        "map_at_20": 0.51997,
        "map_at_100": 0.5203,
        "map_at_1000": 0.52034,
        "recall_at_1": 0.49291,
        "recall_at_3": 0.53692,
        "recall_at_5": 0.55599,
        "recall_at_10": 0.57066,
        "recall_at_20": 0.58191,
        "recall_at_100": 0.59364,
        "recall_at_1000": 0.60098,
        "precision_at_1": 0.49291,
        "precision_at_3": 0.17897,
        "precision_at_5": 0.1112,
        "precision_at_10": 0.05707,
        "precision_at_20": 0.0291,
        "precision_at_100": 0.00594,
        "precision_at_1000": 0.0006,
        "mrr_at_1": 0.49291,
        "mrr_at_3": 0.512795,
        "mrr_at_5": 0.517245,
        "mrr_at_10": 0.519186,
        "mrr_at_20": 0.519966,
        "mrr_at_100": 0.520303,
        "mrr_at_1000": 0.52034,
        "nauc_ndcg_at_1_max": 0.740647,
        "nauc_ndcg_at_1_std": 0.051274,
        "nauc_ndcg_at_1_diff1": 0.804989,
        "nauc_ndcg_at_3_max": 0.747847,
        "nauc_ndcg_at_3_std": 0.066925,
        "nauc_ndcg_at_3_diff1": 0.78118,
        "nauc_ndcg_at_5_max": 0.750039,
        "nauc_ndcg_at_5_std": 0.073752,
        "nauc_ndcg_at_5_diff1": 0.775951,
        "nauc_ndcg_at_10_max": 0.745589,
        "nauc_ndcg_at_10_std": 0.074812,
        "nauc_ndcg_at_10_diff1": 0.770981,
        "nauc_ndcg_at_20_max": 0.742618,
        "nauc_ndcg_at_20_std": 0.075981,
        "nauc_ndcg_at_20_diff1": 0.767986,
        "nauc_ndcg_at_100_max": 0.740005,
        "nauc_ndcg_at_100_std": 0.076057,
        "nauc_ndcg_at_100_diff1": 0.76535,
        "nauc_ndcg_at_1000_max": 0.738693,
        "nauc_ndcg_at_1000_std": 0.075696,
        "nauc_ndcg_at_1000_diff1": 0.764373,
        "nauc_map_at_1_max": 0.740647,
        "nauc_map_at_1_std": 0.051274,
        "nauc_map_at_1_diff1": 0.804989,
        "nauc_map_at_3_max": 0.74684,
        "nauc_map_at_3_std": 0.063842,
        "nauc_map_at_3_diff1": 0.787023,
        "nauc_map_at_5_max": 0.748019,
        "nauc_map_at_5_std": 0.067411,
        "nauc_map_at_5_diff1": 0.784129,
        "nauc_map_at_10_max": 0.746197,
        "nauc_map_at_10_std": 0.06778,
        "nauc_map_at_10_diff1": 0.78214,
        "nauc_map_at_20_max": 0.74539,
        "nauc_map_at_20_std": 0.068058,
        "nauc_map_at_20_diff1": 0.78134,
        "nauc_map_at_100_max": 0.744995,
        "nauc_map_at_100_std": 0.068035,
        "nauc_map_at_100_diff1": 0.780939,
        "nauc_map_at_1000_max": 0.744944,
        "nauc_map_at_1000_std": 0.068019,
        "nauc_map_at_1000_diff1": 0.780894,
        "nauc_recall_at_1_max": 0.740647,
        "nauc_recall_at_1_std": 0.051274,
        "nauc_recall_at_1_diff1": 0.804989,
        "nauc_recall_at_3_max": 0.750501,
        "nauc_recall_at_3_std": 0.075705,
        "nauc_recall_at_3_diff1": 0.763931,
        "nauc_recall_at_5_max": 0.756126,
        "nauc_recall_at_5_std": 0.093684,
        "nauc_recall_at_5_diff1": 0.750706,
        "nauc_recall_at_10_max": 0.741917,
        "nauc_recall_at_10_std": 0.09771,
        "nauc_recall_at_10_diff1": 0.734184,
        "nauc_recall_at_20_max": 0.729572,
        "nauc_recall_at_20_std": 0.103108,
        "nauc_recall_at_20_diff1": 0.721282,
        "nauc_recall_at_100_max": 0.715155,
        "nauc_recall_at_100_std": 0.104336,
        "nauc_recall_at_100_diff1": 0.706371,
        "nauc_recall_at_1000_max": 0.704046,
        "nauc_recall_at_1000_std": 0.101711,
        "nauc_recall_at_1000_diff1": 0.69811,
        "nauc_precision_at_1_max": 0.740647,
        "nauc_precision_at_1_std": 0.051274,
        "nauc_precision_at_1_diff1": 0.804989,
        "nauc_precision_at_3_max": 0.750501,
        "nauc_precision_at_3_std": 0.075705,
        "nauc_precision_at_3_diff1": 0.763931,
        "nauc_precision_at_5_max": 0.756126,
        "nauc_precision_at_5_std": 0.093684,
        "nauc_precision_at_5_diff1": 0.750706,
        "nauc_precision_at_10_max": 0.741917,
        "nauc_precision_at_10_std": 0.09771,
        "nauc_precision_at_10_diff1": 0.734184,
        "nauc_precision_at_20_max": 0.729572,
        "nauc_precision_at_20_std": 0.103108,
        "nauc_precision_at_20_diff1": 0.721282,
        "nauc_precision_at_100_max": 0.715155,
        "nauc_precision_at_100_std": 0.104336,
        "nauc_precision_at_100_diff1": 0.706371,
        "nauc_precision_at_1000_max": 0.704046,
        "nauc_precision_at_1000_std": 0.101711,
        "nauc_precision_at_1000_diff1": 0.69811,
        "nauc_mrr_at_1_max": 0.740647,
        "nauc_mrr_at_1_std": 0.051274,
        "nauc_mrr_at_1_diff1": 0.804989,
        "nauc_mrr_at_3_max": 0.74684,
        "nauc_mrr_at_3_std": 0.063842,
        "nauc_mrr_at_3_diff1": 0.787023,
        "nauc_mrr_at_5_max": 0.748019,
        "nauc_mrr_at_5_std": 0.067411,
        "nauc_mrr_at_5_diff1": 0.784129,
        "nauc_mrr_at_10_max": 0.746197,
        "nauc_mrr_at_10_std": 0.06778,
        "nauc_mrr_at_10_diff1": 0.78214,
        "nauc_mrr_at_20_max": 0.74539,
        "nauc_mrr_at_20_std": 0.068058,
        "nauc_mrr_at_20_diff1": 0.78134,
        "nauc_mrr_at_100_max": 0.744995,
        "nauc_mrr_at_100_std": 0.068035,
        "nauc_mrr_at_100_diff1": 0.780939,
        "nauc_mrr_at_1000_max": 0.744944,
        "nauc_mrr_at_1000_std": 0.068019,
        "nauc_mrr_at_1000_diff1": 0.780894,
        "main_score": 0.53167,
        "hf_subset": "default",
        "languages": [
          "tur-Latn"
        ]
      }
    ]
  },
  "evaluation_time": 55.29796099662781,
  "kg_co2_emissions": null
}