{
  "dataset_revision": "main",
  "task_name": "NFCorpusTR",
  "mteb_version": "1.31.3",
  "scores": {
    "test": [
      {
        "ndcg_at_1": 0.04331,
        "ndcg_at_3": 0.07344,
        "ndcg_at_5": 0.08175,
        "ndcg_at_10": 0.09525,
        "ndcg_at_20": 0.10586,
        "ndcg_at_100": 0.13023,
        "ndcg_at_1000": 0.19095,
        "map_at_1": 0.04331,
        "map_at_3": 0.06496,
        "map_at_5": 0.06969,
        "map_at_10": 0.07497,
        "map_at_20": 0.0777,
        "map_at_100": 0.08095,
        "map_at_1000": 0.08261,
        "recall_at_1": 0.04331,
        "recall_at_3": 0.09843,
        "recall_at_5": 0.11811,
        "recall_at_10": 0.16142,
        "recall_at_20": 0.20472,
        "recall_at_100": 0.33858,
        "recall_at_1000": 0.85433,
        "precision_at_1": 0.04331,
        "precision_at_3": 0.03281,
        "precision_at_5": 0.02362,
        "precision_at_10": 0.01614,
        "precision_at_20": 0.01024,
        "precision_at_100": 0.00339,
        "precision_at_1000": 0.00085,
        "mrr_at_1": 0.043307,
        "mrr_at_3": 0.064961,
        "mrr_at_5": 0.069488,
        "mrr_at_10": 0.07477,
        "mrr_at_20": 0.077508,
        "mrr_at_100": 0.08075,
        "mrr_at_1000": 0.082413,
        "nauc_ndcg_at_1_max": 0.185341,
        "nauc_ndcg_at_1_std": -0.177381,
        "nauc_ndcg_at_1_diff1": 0.320377,
        "nauc_ndcg_at_3_max": 0.175957,
        "nauc_ndcg_at_3_std": -0.103592,
        "nauc_ndcg_at_3_diff1": 0.257658,
        "nauc_ndcg_at_5_max": 0.148959,
        "nauc_ndcg_at_5_std": -0.082611,
        "nauc_ndcg_at_5_diff1": 0.213163,
        "nauc_ndcg_at_10_max": 0.114819,
        "nauc_ndcg_at_10_std": -0.100072,
        "nauc_ndcg_at_10_diff1": 0.207537,
        "nauc_ndcg_at_20_max": 0.143421,
        "nauc_ndcg_at_20_std": -0.053505,
        "nauc_ndcg_at_20_diff1": 0.170519,
        "nauc_ndcg_at_100_max": 0.142402,
        "nauc_ndcg_at_100_std": -0.016802,
        "nauc_ndcg_at_100_diff1": 0.156931,
        "nauc_ndcg_at_1000_max": 0.151827,
        "nauc_ndcg_at_1000_std": -0.031847,
        "nauc_ndcg_at_1000_diff1": 0.171828,
        "nauc_map_at_1_max": 0.185341,
        "nauc_map_at_1_std": -0.177381,
        "nauc_map_at_1_diff1": 0.320377,
        "nauc_map_at_3_max": 0.173564,
        "nauc_map_at_3_std": -0.124904,
        "nauc_map_at_3_diff1": 0.270306,
        "nauc_map_at_5_max": 0.156121,
        "nauc_map_at_5_std": -0.109809,
        "nauc_map_at_5_diff1": 0.240735,
        "nauc_map_at_10_max": 0.138481,
        "nauc_map_at_10_std": -0.118051,
        "nauc_map_at_10_diff1": 0.238801,
        "nauc_map_at_20_max": 0.147342,
        "nauc_map_at_20_std": -0.102349,
        "nauc_map_at_20_diff1": 0.225975,
        "nauc_map_at_100_max": 0.147276,
        "nauc_map_at_100_std": -0.093331,
        "nauc_map_at_100_diff1": 0.221324,
        "nauc_map_at_1000_max": 0.147562,
        "nauc_map_at_1000_std": -0.093737,
        "nauc_map_at_1000_diff1": 0.221462,
        "nauc_recall_at_1_max": 0.185341,
        "nauc_recall_at_1_std": -0.177381,
        "nauc_recall_at_1_diff1": 0.320377,
        "nauc_recall_at_3_max": 0.181579,
        "nauc_recall_at_3_std": -0.060426,
        "nauc_recall_at_3_diff1": 0.232869,
        "nauc_recall_at_5_max": 0.134954,
        "nauc_recall_at_5_std": -0.030937,
        "nauc_recall_at_5_diff1": 0.160156,
        "nauc_recall_at_10_max": 0.071396,
        "nauc_recall_at_10_std": -0.073491,
        "nauc_recall_at_10_diff1": 0.153888,
        "nauc_recall_at_20_max": 0.144832,
        "nauc_recall_at_20_std": 0.030364,
        "nauc_recall_at_20_diff1": 0.076449,
        "nauc_recall_at_100_max": 0.141656,
        "nauc_recall_at_100_std": 0.106915,
        "nauc_recall_at_100_diff1": 0.063879,
        "nauc_recall_at_1000_max": 0.229698,
        "nauc_recall_at_1000_std": 0.137627,
        "nauc_recall_at_1000_diff1": 0.08841,
        "nauc_precision_at_1_max": 0.185341,
        "nauc_precision_at_1_std": -0.177381,
        "nauc_precision_at_1_diff1": 0.320377,
        "nauc_precision_at_3_max": 0.181579,
        "nauc_precision_at_3_std": -0.060426,
        "nauc_precision_at_3_diff1": 0.232869,
        "nauc_precision_at_5_max": 0.134954,
        "nauc_precision_at_5_std": -0.030937,
        "nauc_precision_at_5_diff1": 0.160156,
        "nauc_precision_at_10_max": 0.071396,
        "nauc_precision_at_10_std": -0.073491,
        "nauc_precision_at_10_diff1": 0.153888,
        "nauc_precision_at_20_max": 0.144832,
        "nauc_precision_at_20_std": 0.030364,
        "nauc_precision_at_20_diff1": 0.076449,
        "nauc_precision_at_100_max": 0.141656,
        "nauc_precision_at_100_std": 0.106915,
        "nauc_precision_at_100_diff1": 0.063879,
        "nauc_precision_at_1000_max": 0.229698,
        "nauc_precision_at_1000_std": 0.137627,
        "nauc_precision_at_1000_diff1": 0.08841,
        "nauc_mrr_at_1_max": 0.185341,
        "nauc_mrr_at_1_std": -0.177381,
        "nauc_mrr_at_1_diff1": 0.320377,
        "nauc_mrr_at_3_max": 0.173564,
        "nauc_mrr_at_3_std": -0.124904,
        "nauc_mrr_at_3_diff1": 0.270306,
        "nauc_mrr_at_5_max": 0.157338,
        "nauc_mrr_at_5_std": -0.109815,
        "nauc_mrr_at_5_diff1": 0.242636,
        "nauc_mrr_at_10_max": 0.139607,
        "nauc_mrr_at_10_std": -0.118072,
        "nauc_mrr_at_10_diff1": 0.240606,
        "nauc_mrr_at_20_max": 0.148457,
        "nauc_mrr_at_20_std": -0.102342,
        "nauc_mrr_at_20_diff1": 0.227715,
        "nauc_mrr_at_100_max": 0.148377,
        "nauc_mrr_at_100_std": -0.093308,
        "nauc_mrr_at_100_diff1": 0.223033,
        "nauc_mrr_at_1000_max": 0.148666,
        "nauc_mrr_at_1000_std": -0.093715,
        "nauc_mrr_at_1000_diff1": 0.223175,
        "main_score": 0.09525,
        "hf_subset": "default",
        "languages": [
          "tur-Latn"
        ]
      }
    ]
  },
  "evaluation_time": 105.89545702934265,
  "kg_co2_emissions": null
}