{
  "dataset_revision": "main",
  "task_name": "QuoraRetrievalTR",
  "mteb_version": "1.31.3",
  "scores": {
    "test": [
      {
        "ndcg_at_1": 0.86773,
        "ndcg_at_3": 0.91841,
        "ndcg_at_5": 0.92458,
        "ndcg_at_10": 0.92899,
        "ndcg_at_20": 0.93082,
        "ndcg_at_100": 0.93259,
        "ndcg_at_1000": 0.93295,
        "map_at_1": 0.86773,
        "map_at_3": 0.90679,
        "map_at_5": 0.91025,
        "map_at_10": 0.91205,
        "map_at_20": 0.91257,
        "map_at_100": 0.91283,
        "map_at_1000": 0.91284,
        "recall_at_1": 0.86773,
        "recall_at_3": 0.9517,
        "recall_at_5": 0.96652,
        "recall_at_10": 0.98024,
        "recall_at_20": 0.98738,
        "recall_at_100": 0.99671,
        "recall_at_1000": 0.99945,
        "precision_at_1": 0.86773,
        "precision_at_3": 0.31723,
        "precision_at_5": 0.1933,
        "precision_at_10": 0.09802,
        "precision_at_20": 0.04937,
        "precision_at_100": 0.00997,
        "precision_at_1000": 0.001,
        "mrr_at_1": 0.867728,
        "mrr_at_3": 0.906787,
        "mrr_at_5": 0.910245,
        "mrr_at_10": 0.91205,
        "mrr_at_20": 0.912568,
        "mrr_at_100": 0.912826,
        "mrr_at_1000": 0.912842,
        "nauc_ndcg_at_1_max": 0.46494,
        "nauc_ndcg_at_1_std": -0.388833,
        "nauc_ndcg_at_1_diff1": 0.874947,
        "nauc_ndcg_at_3_max": 0.538034,
        "nauc_ndcg_at_3_std": -0.420133,
        "nauc_ndcg_at_3_diff1": 0.86768,
        "nauc_ndcg_at_5_max": 0.535867,
        "nauc_ndcg_at_5_std": -0.420208,
        "nauc_ndcg_at_5_diff1": 0.867692,
        "nauc_ndcg_at_10_max": 0.524522,
        "nauc_ndcg_at_10_std": -0.424995,
        "nauc_ndcg_at_10_diff1": 0.866175,
        "nauc_ndcg_at_20_max": 0.525779,
        "nauc_ndcg_at_20_std": -0.422344,
        "nauc_ndcg_at_20_diff1": 0.869133,
        "nauc_ndcg_at_100_max": 0.517903,
        "nauc_ndcg_at_100_std": -0.415462,
        "nauc_ndcg_at_100_diff1": 0.869329,
        "nauc_ndcg_at_1000_max": 0.516119,
        "nauc_ndcg_at_1000_std": -0.414493,
        "nauc_ndcg_at_1000_diff1": 0.869393,
        "nauc_map_at_1_max": 0.46494,
        "nauc_map_at_1_std": -0.388833,
        "nauc_map_at_1_diff1": 0.874947,
        "nauc_map_at_3_max": 0.513955,
        "nauc_map_at_3_std": -0.412403,
        "nauc_map_at_3_diff1": 0.869719,
        "nauc_map_at_5_max": 0.512018,
        "nauc_map_at_5_std": -0.411754,
        "nauc_map_at_5_diff1": 0.869746,
        "nauc_map_at_10_max": 0.508038,
        "nauc_map_at_10_std": -0.412836,
        "nauc_map_at_10_diff1": 0.869313,
        "nauc_map_at_20_max": 0.508171,
        "nauc_map_at_20_std": -0.412262,
        "nauc_map_at_20_diff1": 0.869939,
        "nauc_map_at_100_max": 0.507345,
        "nauc_map_at_100_std": -0.411293,
        "nauc_map_at_100_diff1": 0.870009,
        "nauc_map_at_1000_max": 0.507278,
        "nauc_map_at_1000_std": -0.41127,
        "nauc_map_at_1000_diff1": 0.870012,
        "nauc_recall_at_1_max": 0.46494,
        "nauc_recall_at_1_std": -0.388833,
        "nauc_recall_at_1_diff1": 0.874947,
        "nauc_recall_at_3_max": 0.66855,
        "nauc_recall_at_3_std": -0.459967,
        "nauc_recall_at_3_diff1": 0.856916,
        "nauc_recall_at_5_max": 0.714425,
        "nauc_recall_at_5_std": -0.482112,
        "nauc_recall_at_5_diff1": 0.852851,
        "nauc_recall_at_10_max": 0.708197,
        "nauc_recall_at_10_std": -0.584836,
        "nauc_recall_at_10_diff1": 0.825354,
        "nauc_recall_at_20_max": 0.839985,
        "nauc_recall_at_20_std": -0.614976,
        "nauc_recall_at_20_diff1": 0.866552,
        "nauc_recall_at_100_max": 0.857622,
        "nauc_recall_at_100_std": -0.488367,
        "nauc_recall_at_100_diff1": 0.860342,
        "nauc_recall_at_1000_max": 1.0,
        "nauc_recall_at_1000_std": 0.12275,
        "nauc_recall_at_1000_diff1": 0.869297,
        "nauc_precision_at_1_max": 0.46494,
        "nauc_precision_at_1_std": -0.388833,
        "nauc_precision_at_1_diff1": 0.874947,
        "nauc_precision_at_3_max": 0.66855,
        "nauc_precision_at_3_std": -0.459967,
        "nauc_precision_at_3_diff1": 0.856916,
        "nauc_precision_at_5_max": 0.714425,
        "nauc_precision_at_5_std": -0.482112,
        "nauc_precision_at_5_diff1": 0.852851,
        "nauc_precision_at_10_max": 0.708197,
        "nauc_precision_at_10_std": -0.584836,
        "nauc_precision_at_10_diff1": 0.825354,
        "nauc_precision_at_20_max": 0.839985,
        "nauc_precision_at_20_std": -0.614976,
        "nauc_precision_at_20_diff1": 0.866552,
        "nauc_precision_at_100_max": 0.857622,
        "nauc_precision_at_100_std": -0.488367,
        "nauc_precision_at_100_diff1": 0.860342,
        "nauc_precision_at_1000_max": 1.0,
        "nauc_precision_at_1000_std": 0.12275,
        "nauc_precision_at_1000_diff1": 0.869297,
        "nauc_mrr_at_1_max": 0.471668,
        "nauc_mrr_at_1_std": -0.380845,
        "nauc_mrr_at_1_diff1": 0.874947,
        "nauc_mrr_at_3_max": 0.518683,
        "nauc_mrr_at_3_std": -0.406788,
        "nauc_mrr_at_3_diff1": 0.869719,
        "nauc_mrr_at_5_max": 0.516933,
        "nauc_mrr_at_5_std": -0.405918,
        "nauc_mrr_at_5_diff1": 0.869746,
        "nauc_mrr_at_10_max": 0.513056,
        "nauc_mrr_at_10_std": -0.406877,
        "nauc_mrr_at_10_diff1": 0.869313,
        "nauc_mrr_at_20_max": 0.51322,
        "nauc_mrr_at_20_std": -0.406268,
        "nauc_mrr_at_20_diff1": 0.869939,
        "nauc_mrr_at_100_max": 0.512409,
        "nauc_mrr_at_100_std": -0.40528,
        "nauc_mrr_at_100_diff1": 0.870009,
        "nauc_mrr_at_1000_max": 0.512343,
        "nauc_mrr_at_1000_std": -0.405256,
        "nauc_mrr_at_1000_diff1": 0.870012,
        "main_score": 0.92899,
        "hf_subset": "default",
        "languages": [
          "tur-Latn"
        ]
      }
    ]
  },
  "evaluation_time": 29.317301988601685,
  "kg_co2_emissions": null
}