{
  "dataset_revision": "main",
  "task_name": "SCIDOCSTR",
  "mteb_version": "1.31.3",
  "scores": {
    "test": [
      {
        "ndcg_at_1": 0.01338,
        "ndcg_at_3": 0.02516,
        "ndcg_at_5": 0.02737,
        "ndcg_at_10": 0.03212,
        "ndcg_at_20": 0.0362,
        "ndcg_at_100": 0.04604,
        "ndcg_at_1000": 0.09638,
        "map_at_1": 0.01338,
        "map_at_3": 0.0223,
        "map_at_5": 0.02347,
        "map_at_10": 0.02547,
        "map_at_20": 0.02666,
        "map_at_100": 0.02783,
        "map_at_1000": 0.02908,
        "recall_at_1": 0.01338,
        "recall_at_3": 0.03344,
        "recall_at_5": 0.03902,
        "recall_at_10": 0.05351,
        "recall_at_20": 0.06912,
        "recall_at_100": 0.12486,
        "recall_at_1000": 0.56187,
        "precision_at_1": 0.01338,
        "precision_at_3": 0.01115,
        "precision_at_5": 0.0078,
        "precision_at_10": 0.00535,
        "precision_at_20": 0.00346,
        "precision_at_100": 0.00125,
        "precision_at_1000": 0.00056,
        "mrr_at_1": 0.013378,
        "mrr_at_3": 0.022297,
        "mrr_at_5": 0.023467,
        "mrr_at_10": 0.02547,
        "mrr_at_20": 0.026659,
        "mrr_at_100": 0.027827,
        "mrr_at_1000": 0.029079,
        "nauc_ndcg_at_1_max": 0.001583,
        "nauc_ndcg_at_1_std": -0.081947,
        "nauc_ndcg_at_1_diff1": 0.27618,
        "nauc_ndcg_at_3_max": 0.165779,
        "nauc_ndcg_at_3_std": 0.138426,
        "nauc_ndcg_at_3_diff1": 0.224595,
        "nauc_ndcg_at_5_max": 0.156125,
        "nauc_ndcg_at_5_std": 0.14927,
        "nauc_ndcg_at_5_diff1": 0.20581,
        "nauc_ndcg_at_10_max": 0.1281,
        "nauc_ndcg_at_10_std": 0.131369,
        "nauc_ndcg_at_10_diff1": 0.180174,
        "nauc_ndcg_at_20_max": 0.088902,
        "nauc_ndcg_at_20_std": 0.110544,
        "nauc_ndcg_at_20_diff1": 0.127549,
        "nauc_ndcg_at_100_max": 0.078422,
        "nauc_ndcg_at_100_std": 0.069963,
        "nauc_ndcg_at_100_diff1": 0.095658,
        "nauc_ndcg_at_1000_max": 0.042208,
        "nauc_ndcg_at_1000_std": 0.027673,
        "nauc_ndcg_at_1000_diff1": 0.093222,
        "nauc_map_at_1_max": 0.001583,
        "nauc_map_at_1_std": -0.081947,
        "nauc_map_at_1_diff1": 0.27618,
        "nauc_map_at_3_max": 0.144972,
        "nauc_map_at_3_std": 0.108906,
        "nauc_map_at_3_diff1": 0.231305,
        "nauc_map_at_5_max": 0.13956,
        "nauc_map_at_5_std": 0.116323,
        "nauc_map_at_5_diff1": 0.218703,
        "nauc_map_at_10_max": 0.126833,
        "nauc_map_at_10_std": 0.110435,
        "nauc_map_at_10_diff1": 0.204146,
        "nauc_map_at_20_max": 0.110754,
        "nauc_map_at_20_std": 0.103927,
        "nauc_map_at_20_diff1": 0.181725,
        "nauc_map_at_100_max": 0.106214,
        "nauc_map_at_100_std": 0.095097,
        "nauc_map_at_100_diff1": 0.173886,
        "nauc_map_at_1000_max": 0.103618,
        "nauc_map_at_1000_std": 0.092868,
        "nauc_map_at_1000_diff1": 0.170874,
        "nauc_recall_at_1_max": 0.001583,
        "nauc_recall_at_1_std": -0.081947,
        "nauc_recall_at_1_diff1": 0.27618,
        "nauc_recall_at_3_max": 0.204995,
        "nauc_recall_at_3_std": 0.194566,
        "nauc_recall_at_3_diff1": 0.211893,
        "nauc_recall_at_5_max": 0.183458,
        "nauc_recall_at_5_std": 0.207686,
        "nauc_recall_at_5_diff1": 0.181994,
        "nauc_recall_at_10_max": 0.122679,
        "nauc_recall_at_10_std": 0.156671,
        "nauc_recall_at_10_diff1": 0.14138,
        "nauc_recall_at_20_max": 0.046996,
        "nauc_recall_at_20_std": 0.106865,
        "nauc_recall_at_20_diff1": 0.045979,
        "nauc_recall_at_100_max": 0.047131,
        "nauc_recall_at_100_std": 0.024481,
        "nauc_recall_at_100_diff1": 0.008526,
        "nauc_recall_at_1000_max": -0.029698,
        "nauc_recall_at_1000_std": -0.067955,
        "nauc_recall_at_1000_diff1": 0.051711,
        "nauc_precision_at_1_max": 0.001583,
        "nauc_precision_at_1_std": -0.081947,
        "nauc_precision_at_1_diff1": 0.27618,
        "nauc_precision_at_3_max": 0.204995,
        "nauc_precision_at_3_std": 0.194566,
        "nauc_precision_at_3_diff1": 0.211893,
        "nauc_precision_at_5_max": 0.183458,
        "nauc_precision_at_5_std": 0.207686,
        "nauc_precision_at_5_diff1": 0.181994,
        "nauc_precision_at_10_max": 0.122679,
        "nauc_precision_at_10_std": 0.156671,
        "nauc_precision_at_10_diff1": 0.14138,
        "nauc_precision_at_20_max": 0.046996,
        "nauc_precision_at_20_std": 0.106865,
        "nauc_precision_at_20_diff1": 0.045979,
        "nauc_precision_at_100_max": 0.047131,
        "nauc_precision_at_100_std": 0.024481,
        "nauc_precision_at_100_diff1": 0.008526,
        "nauc_precision_at_1000_max": -0.029698,
        "nauc_precision_at_1000_std": -0.067955,
        "nauc_precision_at_1000_diff1": 0.051711,
        "nauc_mrr_at_1_max": 0.001583,
        "nauc_mrr_at_1_std": -0.081947,
        "nauc_mrr_at_1_diff1": 0.27618,
        "nauc_mrr_at_3_max": 0.144972,
        "nauc_mrr_at_3_std": 0.108906,
        "nauc_mrr_at_3_diff1": 0.231305,
        "nauc_mrr_at_5_max": 0.13956,
        "nauc_mrr_at_5_std": 0.116323,
        "nauc_mrr_at_5_diff1": 0.218703,
        "nauc_mrr_at_10_max": 0.126833,
        "nauc_mrr_at_10_std": 0.110435,
        "nauc_mrr_at_10_diff1": 0.204146,
        "nauc_mrr_at_20_max": 0.110754,
        "nauc_mrr_at_20_std": 0.103927,
        "nauc_mrr_at_20_diff1": 0.181725,
        "nauc_mrr_at_100_max": 0.106214,
        "nauc_mrr_at_100_std": 0.095097,
        "nauc_mrr_at_100_diff1": 0.173886,
        "nauc_mrr_at_1000_max": 0.103618,
        "nauc_mrr_at_1000_std": 0.092869,
        "nauc_mrr_at_1000_diff1": 0.170874,
        "main_score": 0.03212,
        "hf_subset": "default",
        "languages": [
          "tur-Latn"
        ]
      }
    ]
  },
  "evaluation_time": 101.60610103607178,
  "kg_co2_emissions": null
}