{
  "dataset_revision": "main",
  "task_name": "SciFactTR",
  "mteb_version": "1.31.3",
  "scores": {
    "test": [
      {
        "ndcg_at_1": 0.68667,
        "ndcg_at_3": 0.76143,
        "ndcg_at_5": 0.78208,
        "ndcg_at_10": 0.7941,
        "ndcg_at_20": 0.80461,
        "ndcg_at_100": 0.81336,
        "ndcg_at_1000": 0.81536,
        "map_at_1": 0.68667,
        "map_at_3": 0.74444,
        "map_at_5": 0.75594,
        "map_at_10": 0.76099,
        "map_at_20": 0.76365,
        "map_at_100": 0.76487,
        "map_at_1000": 0.765,
        "recall_at_1": 0.68667,
        "recall_at_3": 0.81,
        "recall_at_5": 0.86,
        "recall_at_10": 0.89667,
        "recall_at_20": 0.94,
        "recall_at_100": 0.98667,
        "recall_at_1000": 1.0,
        "precision_at_1": 0.68667,
        "precision_at_3": 0.27,
        "precision_at_5": 0.172,
        "precision_at_10": 0.08967,
        "precision_at_20": 0.047,
        "precision_at_100": 0.00987,
        "precision_at_1000": 0.001,
        "mrr_at_1": 0.686667,
        "mrr_at_3": 0.744444,
        "mrr_at_5": 0.755944,
        "mrr_at_10": 0.760993,
        "mrr_at_20": 0.763645,
        "mrr_at_100": 0.764873,
        "mrr_at_1000": 0.765004,
        "nauc_ndcg_at_1_max": 0.451348,
        "nauc_ndcg_at_1_std": -0.050695,
        "nauc_ndcg_at_1_diff1": 0.751463,
        "nauc_ndcg_at_3_max": 0.554298,
        "nauc_ndcg_at_3_std": 0.007962,
        "nauc_ndcg_at_3_diff1": 0.747578,
        "nauc_ndcg_at_5_max": 0.538047,
        "nauc_ndcg_at_5_std": 0.001414,
        "nauc_ndcg_at_5_diff1": 0.748754,
        "nauc_ndcg_at_10_max": 0.523788,
        "nauc_ndcg_at_10_std": -0.004035,
        "nauc_ndcg_at_10_diff1": 0.736761,
        "nauc_ndcg_at_20_max": 0.526746,
        "nauc_ndcg_at_20_std": 0.000124,
        "nauc_ndcg_at_20_diff1": 0.737526,
        "nauc_ndcg_at_100_max": 0.526142,
        "nauc_ndcg_at_100_std": -0.004642,
        "nauc_ndcg_at_100_diff1": 0.745092,
        "nauc_ndcg_at_1000_max": 0.521964,
        "nauc_ndcg_at_1000_std": -0.007576,
        "nauc_ndcg_at_1000_diff1": 0.745185,
        "nauc_map_at_1_max": 0.451348,
        "nauc_map_at_1_std": -0.050695,
        "nauc_map_at_1_diff1": 0.751463,
        "nauc_map_at_3_max": 0.528162,
        "nauc_map_at_3_std": -0.009499,
        "nauc_map_at_3_diff1": 0.749368,
        "nauc_map_at_5_max": 0.518924,
        "nauc_map_at_5_std": -0.013788,
        "nauc_map_at_5_diff1": 0.750314,
        "nauc_map_at_10_max": 0.513391,
        "nauc_map_at_10_std": -0.015598,
        "nauc_map_at_10_diff1": 0.745824,
        "nauc_map_at_20_max": 0.513977,
        "nauc_map_at_20_std": -0.014768,
        "nauc_map_at_20_diff1": 0.746105,
        "nauc_map_at_100_max": 0.514183,
        "nauc_map_at_100_std": -0.014847,
        "nauc_map_at_100_diff1": 0.747207,
        "nauc_map_at_1000_max": 0.51396,
        "nauc_map_at_1000_std": -0.015006,
        "nauc_map_at_1000_diff1": 0.747213,
        "nauc_recall_at_1_max": 0.451348,
        "nauc_recall_at_1_std": -0.050695,
        "nauc_recall_at_1_diff1": 0.751463,
        "nauc_recall_at_3_max": 0.648017,
        "nauc_recall_at_3_std": 0.072083,
        "nauc_recall_at_3_diff1": 0.740688,
        "nauc_recall_at_5_max": 0.620098,
        "nauc_recall_at_5_std": 0.070955,
        "nauc_recall_at_5_diff1": 0.740809,
        "nauc_recall_at_10_max": 0.566135,
        "nauc_recall_at_10_std": 0.057197,
        "nauc_recall_at_10_diff1": 0.673906,
        "nauc_recall_at_20_max": 0.629059,
        "nauc_recall_at_20_std": 0.147578,
        "nauc_recall_at_20_diff1": 0.637877,
        "nauc_recall_at_100_max": 0.869281,
        "nauc_recall_at_100_std": 0.235878,
        "nauc_recall_at_100_diff1": 0.737395,
        "nauc_recall_at_1000_max": NaN,
        "nauc_recall_at_1000_std": NaN,
        "nauc_recall_at_1000_diff1": NaN,
        "nauc_precision_at_1_max": 0.451348,
        "nauc_precision_at_1_std": -0.050695,
        "nauc_precision_at_1_diff1": 0.751463,
        "nauc_precision_at_3_max": 0.648017,
        "nauc_precision_at_3_std": 0.072083,
        "nauc_precision_at_3_diff1": 0.740688,
        "nauc_precision_at_5_max": 0.620098,
        "nauc_precision_at_5_std": 0.070955,
        "nauc_precision_at_5_diff1": 0.740809,
        "nauc_precision_at_10_max": 0.566135,
        "nauc_precision_at_10_std": 0.057197,
        "nauc_precision_at_10_diff1": 0.673906,
        "nauc_precision_at_20_max": 0.629059,
        "nauc_precision_at_20_std": 0.147578,
        "nauc_precision_at_20_diff1": 0.637877,
        "nauc_precision_at_100_max": 0.869281,
        "nauc_precision_at_100_std": 0.235878,
        "nauc_precision_at_100_diff1": 0.737395,
        "nauc_precision_at_1000_max": 1.0,
        "nauc_precision_at_1000_std": 1.0,
        "nauc_precision_at_1000_diff1": 1.0,
        "nauc_mrr_at_1_max": 0.451348,
        "nauc_mrr_at_1_std": -0.050695,
        "nauc_mrr_at_1_diff1": 0.751463,
        "nauc_mrr_at_3_max": 0.528162,
        "nauc_mrr_at_3_std": -0.009499,
        "nauc_mrr_at_3_diff1": 0.749368,
        "nauc_mrr_at_5_max": 0.518924,
        "nauc_mrr_at_5_std": -0.013788,
        "nauc_mrr_at_5_diff1": 0.750314,
        "nauc_mrr_at_10_max": 0.513391,
        "nauc_mrr_at_10_std": -0.015598,
        "nauc_mrr_at_10_diff1": 0.745824,
        "nauc_mrr_at_20_max": 0.513977,
        "nauc_mrr_at_20_std": -0.014768,
        "nauc_mrr_at_20_diff1": 0.746105,
        "nauc_mrr_at_100_max": 0.514183,
        "nauc_mrr_at_100_std": -0.014847,
        "nauc_mrr_at_100_diff1": 0.747207,
        "nauc_mrr_at_1000_max": 0.51396,
        "nauc_mrr_at_1000_std": -0.015006,
        "nauc_mrr_at_1000_diff1": 0.747213,
        "main_score": 0.7941,
        "hf_subset": "default",
        "languages": [
          "tur-Latn"
        ]
      }
    ]
  },
  "evaluation_time": 23.086639165878296,
  "kg_co2_emissions": null
}