{
  "dataset_revision": "main",
  "task_name": "SquadTRRetrieval",
  "mteb_version": "1.31.3",
  "scores": {
    "test": [
      {
        "ndcg_at_1": 0.53251,
        "ndcg_at_3": 0.63777,
        "ndcg_at_5": 0.66429,
        "ndcg_at_10": 0.68717,
        "ndcg_at_20": 0.70103,
        "ndcg_at_100": 0.71419,
        "ndcg_at_1000": 0.718,
        "map_at_1": 0.53251,
        "map_at_3": 0.61217,
        "map_at_5": 0.62688,
        "map_at_10": 0.63637,
        "map_at_20": 0.64026,
        "map_at_100": 0.64214,
        "map_at_1000": 0.6423,
        "recall_at_1": 0.53251,
        "recall_at_3": 0.71174,
        "recall_at_5": 0.77614,
        "recall_at_10": 0.8467,
        "recall_at_20": 0.90086,
        "recall_at_100": 0.97081,
        "recall_at_1000": 0.99988,
        "precision_at_1": 0.53251,
        "precision_at_3": 0.23725,
        "precision_at_5": 0.15523,
        "precision_at_10": 0.08467,
        "precision_at_20": 0.04504,
        "precision_at_100": 0.00971,
        "precision_at_1000": 0.001,
        "mrr_at_1": 0.532505,
        "mrr_at_3": 0.61217,
        "mrr_at_5": 0.626879,
        "mrr_at_10": 0.636367,
        "mrr_at_20": 0.640259,
        "mrr_at_100": 0.642141,
        "mrr_at_1000": 0.6423,
        "nauc_ndcg_at_1_max": 0.403573,
        "nauc_ndcg_at_1_std": 0.005217,
        "nauc_ndcg_at_1_diff1": 0.650835,
        "nauc_ndcg_at_3_max": 0.451502,
        "nauc_ndcg_at_3_std": 0.041219,
        "nauc_ndcg_at_3_diff1": 0.606839,
        "nauc_ndcg_at_5_max": 0.467079,
        "nauc_ndcg_at_5_std": 0.058749,
        "nauc_ndcg_at_5_diff1": 0.605506,
        "nauc_ndcg_at_10_max": 0.472319,
        "nauc_ndcg_at_10_std": 0.068224,
        "nauc_ndcg_at_10_diff1": 0.606758,
        "nauc_ndcg_at_20_max": 0.473788,
        "nauc_ndcg_at_20_std": 0.074358,
        "nauc_ndcg_at_20_diff1": 0.608468,
        "nauc_ndcg_at_100_max": 0.464375,
        "nauc_ndcg_at_100_std": 0.064431,
        "nauc_ndcg_at_100_diff1": 0.614218,
        "nauc_ndcg_at_1000_max": 0.457929,
        "nauc_ndcg_at_1000_std": 0.055953,
        "nauc_ndcg_at_1000_diff1": 0.614831,
        "nauc_map_at_1_max": 0.403573,
        "nauc_map_at_1_std": 0.005217,
        "nauc_map_at_1_diff1": 0.650835,
        "nauc_map_at_3_max": 0.438331,
        "nauc_map_at_3_std": 0.031447,
        "nauc_map_at_3_diff1": 0.61783,
        "nauc_map_at_5_max": 0.445815,
        "nauc_map_at_5_std": 0.039959,
        "nauc_map_at_5_diff1": 0.617487,
        "nauc_map_at_10_max": 0.447198,
        "nauc_map_at_10_std": 0.042961,
        "nauc_map_at_10_diff1": 0.618079,
        "nauc_map_at_20_max": 0.447296,
        "nauc_map_at_20_std": 0.044229,
        "nauc_map_at_20_diff1": 0.618666,
        "nauc_map_at_100_max": 0.446224,
        "nauc_map_at_100_std": 0.043116,
        "nauc_map_at_100_diff1": 0.619425,
        "nauc_map_at_1000_max": 0.446007,
        "nauc_map_at_1000_std": 0.04284,
        "nauc_map_at_1000_diff1": 0.619456,
        "nauc_recall_at_1_max": 0.403573,
        "nauc_recall_at_1_std": 0.005217,
        "nauc_recall_at_1_diff1": 0.650835,
        "nauc_recall_at_3_max": 0.497146,
        "nauc_recall_at_3_std": 0.075024,
        "nauc_recall_at_3_diff1": 0.56929,
        "nauc_recall_at_5_max": 0.557548,
        "nauc_recall_at_5_std": 0.139562,
        "nauc_recall_at_5_diff1": 0.556831,
        "nauc_recall_at_10_max": 0.620465,
        "nauc_recall_at_10_std": 0.220983,
        "nauc_recall_at_10_diff1": 0.546144,
        "nauc_recall_at_20_max": 0.703642,
        "nauc_recall_at_20_std": 0.348877,
        "nauc_recall_at_20_diff1": 0.532523,
        "nauc_recall_at_100_max": 0.841804,
        "nauc_recall_at_100_std": 0.566284,
        "nauc_recall_at_100_diff1": 0.582432,
        "nauc_recall_at_1000_max": 1.0,
        "nauc_recall_at_1000_std": 1.0,
        "nauc_recall_at_1000_diff1": 0.869283,
        "nauc_precision_at_1_max": 0.403573,
        "nauc_precision_at_1_std": 0.005217,
        "nauc_precision_at_1_diff1": 0.650835,
        "nauc_precision_at_3_max": 0.497146,
        "nauc_precision_at_3_std": 0.075024,
        "nauc_precision_at_3_diff1": 0.56929,
        "nauc_precision_at_5_max": 0.557548,
        "nauc_precision_at_5_std": 0.139562,
        "nauc_precision_at_5_diff1": 0.556831,
        "nauc_precision_at_10_max": 0.620465,
        "nauc_precision_at_10_std": 0.220983,
        "nauc_precision_at_10_diff1": 0.546144,
        "nauc_precision_at_20_max": 0.703642,
        "nauc_precision_at_20_std": 0.348877,
        "nauc_precision_at_20_diff1": 0.532523,
        "nauc_precision_at_100_max": 0.841804,
        "nauc_precision_at_100_std": 0.566284,
        "nauc_precision_at_100_diff1": 0.582432,
        "nauc_precision_at_1000_max": 1.0,
        "nauc_precision_at_1000_std": 1.0,
        "nauc_precision_at_1000_diff1": 0.869283,
        "nauc_mrr_at_1_max": 0.403573,
        "nauc_mrr_at_1_std": 0.005217,
        "nauc_mrr_at_1_diff1": 0.650835,
        "nauc_mrr_at_3_max": 0.438331,
        "nauc_mrr_at_3_std": 0.031447,
        "nauc_mrr_at_3_diff1": 0.61783,
        "nauc_mrr_at_5_max": 0.445815,
        "nauc_mrr_at_5_std": 0.039959,
        "nauc_mrr_at_5_diff1": 0.617487,
        "nauc_mrr_at_10_max": 0.447198,
        "nauc_mrr_at_10_std": 0.042961,
        "nauc_mrr_at_10_diff1": 0.618079,
        "nauc_mrr_at_20_max": 0.447296,
        "nauc_mrr_at_20_std": 0.044229,
        "nauc_mrr_at_20_diff1": 0.618666,
        "nauc_mrr_at_100_max": 0.446224,
        "nauc_mrr_at_100_std": 0.043116,
        "nauc_mrr_at_100_diff1": 0.619425,
        "nauc_mrr_at_1000_max": 0.446007,
        "nauc_mrr_at_1000_std": 0.04284,
        "nauc_mrr_at_1000_diff1": 0.619456,
        "main_score": 0.68717,
        "hf_subset": "default",
        "languages": [
          "tur-Latn"
        ]
      }
    ]
  },
  "evaluation_time": 114.36737298965454,
  "kg_co2_emissions": null
}