{
  "dataset_revision": "main",
  "task_name": "TQuadRetrieval",
  "mteb_version": "1.31.3",
  "scores": {
    "test": [
      {
        "ndcg_at_1": 0.68834,
        "ndcg_at_3": 0.79476,
        "ndcg_at_5": 0.81849,
        "ndcg_at_10": 0.83808,
        "ndcg_at_20": 0.84021,
        "ndcg_at_100": 0.84136,
        "ndcg_at_1000": 0.84151,
        "map_at_1": 0.68834,
        "map_at_3": 0.76943,
        "map_at_5": 0.78244,
        "map_at_10": 0.79074,
        "map_at_20": 0.79141,
        "map_at_100": 0.79161,
        "map_at_1000": 0.79162,
        "recall_at_1": 0.68834,
        "recall_at_3": 0.86771,
        "recall_at_5": 0.92601,
        "recall_at_10": 0.98543,
        "recall_at_20": 0.99327,
        "recall_at_100": 0.99888,
        "recall_at_1000": 1.0,
        "precision_at_1": 0.68834,
        "precision_at_3": 0.28924,
        "precision_at_5": 0.1852,
        "precision_at_10": 0.09854,
        "precision_at_20": 0.04966,
        "precision_at_100": 0.00999,
        "precision_at_1000": 0.001,
        "mrr_at_1": 0.688341,
        "mrr_at_3": 0.769432,
        "mrr_at_5": 0.782436,
        "mrr_at_10": 0.790742,
        "mrr_at_20": 0.791411,
        "mrr_at_100": 0.791611,
        "mrr_at_1000": 0.791617,
        "nauc_ndcg_at_1_max": 0.260229,
        "nauc_ndcg_at_1_std": -0.159762,
        "nauc_ndcg_at_1_diff1": 0.645287,
        "nauc_ndcg_at_3_max": 0.295831,
        "nauc_ndcg_at_3_std": -0.148058,
        "nauc_ndcg_at_3_diff1": 0.607593,
        "nauc_ndcg_at_5_max": 0.305703,
        "nauc_ndcg_at_5_std": -0.153297,
        "nauc_ndcg_at_5_diff1": 0.625142,
        "nauc_ndcg_at_10_max": 0.296101,
        "nauc_ndcg_at_10_std": -0.147567,
        "nauc_ndcg_at_10_diff1": 0.627908,
        "nauc_ndcg_at_20_max": 0.29378,
        "nauc_ndcg_at_20_std": -0.147264,
        "nauc_ndcg_at_20_diff1": 0.629477,
        "nauc_ndcg_at_100_max": 0.288599,
        "nauc_ndcg_at_100_std": -0.151333,
        "nauc_ndcg_at_100_diff1": 0.629441,
        "nauc_ndcg_at_1000_max": 0.287835,
        "nauc_ndcg_at_1000_std": -0.15257,
        "nauc_ndcg_at_1000_diff1": 0.629341,
        "nauc_map_at_1_max": 0.260229,
        "nauc_map_at_1_std": -0.159762,
        "nauc_map_at_1_diff1": 0.645287,
        "nauc_map_at_3_max": 0.285077,
        "nauc_map_at_3_std": -0.153009,
        "nauc_map_at_3_diff1": 0.620103,
        "nauc_map_at_5_max": 0.288695,
        "nauc_map_at_5_std": -0.156227,
        "nauc_map_at_5_diff1": 0.629323,
        "nauc_map_at_10_max": 0.284906,
        "nauc_map_at_10_std": -0.154374,
        "nauc_map_at_10_diff1": 0.630318,
        "nauc_map_at_20_max": 0.284353,
        "nauc_map_at_20_std": -0.154266,
        "nauc_map_at_20_diff1": 0.630665,
        "nauc_map_at_100_max": 0.283646,
        "nauc_map_at_100_std": -0.154821,
        "nauc_map_at_100_diff1": 0.630672,
        "nauc_map_at_1000_max": 0.283621,
        "nauc_map_at_1000_std": -0.154861,
        "nauc_map_at_1000_diff1": 0.630669,
        "nauc_recall_at_1_max": 0.260229,
        "nauc_recall_at_1_std": -0.159762,
        "nauc_recall_at_1_diff1": 0.645287,
        "nauc_recall_at_3_max": 0.345078,
        "nauc_recall_at_3_std": -0.12442,
        "nauc_recall_at_3_diff1": 0.549537,
        "nauc_recall_at_5_max": 0.437515,
        "nauc_recall_at_5_std": -0.130285,
        "nauc_recall_at_5_diff1": 0.598691,
        "nauc_recall_at_10_max": 0.67782,
        "nauc_recall_at_10_std": 0.125379,
        "nauc_recall_at_10_diff1": 0.579703,
        "nauc_recall_at_20_max": 0.934657,
        "nauc_recall_at_20_std": 0.454487,
        "nauc_recall_at_20_diff1": 0.651835,
        "nauc_recall_at_100_max": 1.0,
        "nauc_recall_at_100_std": 1.0,
        "nauc_recall_at_100_diff1": 0.722337,
        "nauc_recall_at_1000_max": NaN,
        "nauc_recall_at_1000_std": NaN,
        "nauc_recall_at_1000_diff1": NaN,
        "nauc_precision_at_1_max": 0.260229,
        "nauc_precision_at_1_std": -0.159762,
        "nauc_precision_at_1_diff1": 0.645287,
        "nauc_precision_at_3_max": 0.345078,
        "nauc_precision_at_3_std": -0.12442,
        "nauc_precision_at_3_diff1": 0.549537,
        "nauc_precision_at_5_max": 0.437515,
        "nauc_precision_at_5_std": -0.130285,
        "nauc_precision_at_5_diff1": 0.598691,
        "nauc_precision_at_10_max": 0.67782,
        "nauc_precision_at_10_std": 0.125379,
        "nauc_precision_at_10_diff1": 0.579703,
        "nauc_precision_at_20_max": 0.934657,
        "nauc_precision_at_20_std": 0.454487,
        "nauc_precision_at_20_diff1": 0.651835,
        "nauc_precision_at_100_max": 1.0,
        "nauc_precision_at_100_std": 1.0,
        "nauc_precision_at_100_diff1": 0.722337,
        "nauc_precision_at_1000_max": NaN,
        "nauc_precision_at_1000_std": NaN,
        "nauc_precision_at_1000_diff1": NaN,
        "nauc_mrr_at_1_max": 0.264363,
        "nauc_mrr_at_1_std": -0.146468,
        "nauc_mrr_at_1_diff1": 0.645287,
        "nauc_mrr_at_3_max": 0.287764,
        "nauc_mrr_at_3_std": -0.144366,
        "nauc_mrr_at_3_diff1": 0.620103,
        "nauc_mrr_at_5_max": 0.29155,
        "nauc_mrr_at_5_std": -0.147046,
        "nauc_mrr_at_5_diff1": 0.629323,
        "nauc_mrr_at_10_max": 0.28789,
        "nauc_mrr_at_10_std": -0.144779,
        "nauc_mrr_at_10_diff1": 0.630318,
        "nauc_mrr_at_20_max": 0.287347,
        "nauc_mrr_at_20_std": -0.144636,
        "nauc_mrr_at_20_diff1": 0.630665,
        "nauc_mrr_at_100_max": 0.286644,
        "nauc_mrr_at_100_std": -0.145181,
        "nauc_mrr_at_100_diff1": 0.630672,
        "nauc_mrr_at_1000_max": 0.286619,
        "nauc_mrr_at_1000_std": -0.145221,
        "nauc_mrr_at_1000_diff1": 0.630669,
        "main_score": 0.83808,
        "hf_subset": "default",
        "languages": [
          "tur-Latn"
        ]
      }
    ]
  },
  "evaluation_time": 24.841380834579468,
  "kg_co2_emissions": null
}