{
  "dataset_revision": "51adfef1c1287aab1d2d91b5bead9bcfb9c68583",
  "task_name": "XQuADRetrieval",
  "mteb_version": "1.31.3",
  "scores": {
    "validation": [
      {
        "ndcg_at_1": 0.85135,
        "ndcg_at_3": 0.90981,
        "ndcg_at_5": 0.91813,
        "ndcg_at_10": 0.92214,
        "ndcg_at_20": 0.92364,
        "ndcg_at_100": 0.92522,
        "ndcg_at_1000": 0.92546,
        "map_at_1": 0.85135,
        "map_at_3": 0.89555,
        "map_at_5": 0.90015,
        "map_at_10": 0.90176,
        "map_at_20": 0.90217,
        "map_at_100": 0.9024,
        "map_at_1000": 0.90241,
        "recall_at_1": 0.85135,
        "recall_at_3": 0.95101,
        "recall_at_5": 0.97128,
        "recall_at_10": 0.98395,
        "recall_at_20": 0.98986,
        "recall_at_100": 0.99831,
        "recall_at_1000": 1.0,
        "precision_at_1": 0.85135,
        "precision_at_3": 0.317,
        "precision_at_5": 0.19426,
        "precision_at_10": 0.0984,
        "precision_at_20": 0.04949,
        "precision_at_100": 0.00998,
        "precision_at_1000": 0.001,
        "mrr_at_1": 0.851351,
        "mrr_at_3": 0.895552,
        "mrr_at_5": 0.900155,
        "mrr_at_10": 0.901756,
        "mrr_at_20": 0.902173,
        "mrr_at_100": 0.902397,
        "mrr_at_1000": 0.902409,
        "nauc_ndcg_at_1_max": 0.655201,
        "nauc_ndcg_at_1_std": 0.174539,
        "nauc_ndcg_at_1_diff1": 0.844947,
        "nauc_ndcg_at_3_max": 0.731139,
        "nauc_ndcg_at_3_std": 0.279547,
        "nauc_ndcg_at_3_diff1": 0.832475,
        "nauc_ndcg_at_5_max": 0.723381,
        "nauc_ndcg_at_5_std": 0.263876,
        "nauc_ndcg_at_5_diff1": 0.835545,
        "nauc_ndcg_at_10_max": 0.710615,
        "nauc_ndcg_at_10_std": 0.253636,
        "nauc_ndcg_at_10_diff1": 0.833523,
        "nauc_ndcg_at_20_max": 0.708198,
        "nauc_ndcg_at_20_std": 0.253167,
        "nauc_ndcg_at_20_diff1": 0.835731,
        "nauc_ndcg_at_100_max": 0.702128,
        "nauc_ndcg_at_100_std": 0.241581,
        "nauc_ndcg_at_100_diff1": 0.836041,
        "nauc_ndcg_at_1000_max": 0.701161,
        "nauc_ndcg_at_1000_std": 0.23912,
        "nauc_ndcg_at_1000_diff1": 0.835935,
        "nauc_map_at_1_max": 0.655201,
        "nauc_map_at_1_std": 0.174539,
        "nauc_map_at_1_diff1": 0.844947,
        "nauc_map_at_3_max": 0.705227,
        "nauc_map_at_3_std": 0.242539,
        "nauc_map_at_3_diff1": 0.835385,
        "nauc_map_at_5_max": 0.700226,
        "nauc_map_at_5_std": 0.233331,
        "nauc_map_at_5_diff1": 0.836771,
        "nauc_map_at_10_max": 0.695788,
        "nauc_map_at_10_std": 0.22994,
        "nauc_map_at_10_diff1": 0.836221,
        "nauc_map_at_20_max": 0.695235,
        "nauc_map_at_20_std": 0.229891,
        "nauc_map_at_20_diff1": 0.836691,
        "nauc_map_at_100_max": 0.694545,
        "nauc_map_at_100_std": 0.22855,
        "nauc_map_at_100_diff1": 0.836714,
        "nauc_map_at_1000_max": 0.694507,
        "nauc_map_at_1000_std": 0.228454,
        "nauc_map_at_1000_diff1": 0.836707,
        "nauc_recall_at_1_max": 0.655201,
        "nauc_recall_at_1_std": 0.174539,
        "nauc_recall_at_1_diff1": 0.844947,
        "nauc_recall_at_3_max": 0.88585,
        "nauc_recall_at_3_std": 0.501504,
        "nauc_recall_at_3_diff1": 0.81624,
        "nauc_recall_at_5_max": 0.946046,
        "nauc_recall_at_5_std": 0.556894,
        "nauc_recall_at_5_diff1": 0.827572,
        "nauc_recall_at_10_max": 0.931825,
        "nauc_recall_at_10_std": 0.624306,
        "nauc_recall_at_10_diff1": 0.788858,
        "nauc_recall_at_20_max": 0.989111,
        "nauc_recall_at_20_std": 0.81639,
        "nauc_recall_at_20_diff1": 0.827523,
        "nauc_recall_at_100_max": 1.0,
        "nauc_recall_at_100_std": 1.0,
        "nauc_recall_at_100_diff1": 0.86112,
        "nauc_recall_at_1000_max": NaN,
        "nauc_recall_at_1000_std": NaN,
        "nauc_recall_at_1000_diff1": NaN,
        "nauc_precision_at_1_max": 0.655201,
        "nauc_precision_at_1_std": 0.174539,
        "nauc_precision_at_1_diff1": 0.844947,
        "nauc_precision_at_3_max": 0.88585,
        "nauc_precision_at_3_std": 0.501504,
        "nauc_precision_at_3_diff1": 0.81624,
        "nauc_precision_at_5_max": 0.946046,
        "nauc_precision_at_5_std": 0.556894,
        "nauc_precision_at_5_diff1": 0.827572,
        "nauc_precision_at_10_max": 0.931825,
        "nauc_precision_at_10_std": 0.624306,
        "nauc_precision_at_10_diff1": 0.788858,
        "nauc_precision_at_20_max": 0.989111,
        "nauc_precision_at_20_std": 0.81639,
        "nauc_precision_at_20_diff1": 0.827523,
        "nauc_precision_at_100_max": 1.0,
        "nauc_precision_at_100_std": 1.0,
        "nauc_precision_at_100_diff1": 0.86112,
        "nauc_precision_at_1000_max": 1.0,
        "nauc_precision_at_1000_std": 1.0,
        "nauc_precision_at_1000_diff1": 1.0,
        "nauc_mrr_at_1_max": 0.655201,
        "nauc_mrr_at_1_std": 0.174539,
        "nauc_mrr_at_1_diff1": 0.844947,
        "nauc_mrr_at_3_max": 0.705227,
        "nauc_mrr_at_3_std": 0.242539,
        "nauc_mrr_at_3_diff1": 0.835385,
        "nauc_mrr_at_5_max": 0.700226,
        "nauc_mrr_at_5_std": 0.233331,
        "nauc_mrr_at_5_diff1": 0.836771,
        "nauc_mrr_at_10_max": 0.695788,
        "nauc_mrr_at_10_std": 0.22994,
        "nauc_mrr_at_10_diff1": 0.836221,
        "nauc_mrr_at_20_max": 0.695235,
        "nauc_mrr_at_20_std": 0.229891,
        "nauc_mrr_at_20_diff1": 0.836691,
        "nauc_mrr_at_100_max": 0.694545,
        "nauc_mrr_at_100_std": 0.22855,
        "nauc_mrr_at_100_diff1": 0.836714,
        "nauc_mrr_at_1000_max": 0.694507,
        "nauc_mrr_at_1000_std": 0.228454,
        "nauc_mrr_at_1000_diff1": 0.836707,
        "main_score": 0.92214,
        "hf_subset": "tr",
        "languages": [
          "tur-Latn"
        ]
      }
    ]
  },
  "evaluation_time": 26.771047830581665,
  "kg_co2_emissions": null
}