{
  "dataset_revision": "main",
  "task_name": "ArguAnaTR",
  "mteb_version": "1.31.3",
  "scores": {
    "test": [
      {
        "ndcg_at_1": 0.02987,
        "ndcg_at_3": 0.05662,
        "ndcg_at_5": 0.06574,
        "ndcg_at_10": 0.07622,
        "ndcg_at_20": 0.08902,
        "ndcg_at_100": 0.1191,
        "ndcg_at_1000": 0.15898,
        "map_at_1": 0.02987,
        "map_at_3": 0.04991,
        "map_at_5": 0.05499,
        "map_at_10": 0.05925,
        "map_at_20": 0.06279,
        "map_at_100": 0.06666,
        "map_at_1000": 0.06788,
        "recall_at_1": 0.02987,
        "recall_at_3": 0.0761,
        "recall_at_5": 0.09815,
        "recall_at_10": 0.13087,
        "recall_at_20": 0.18137,
        "recall_at_100": 0.3478,
        "recall_at_1000": 0.67852,
        "precision_at_1": 0.02987,
        "precision_at_3": 0.02537,
        "precision_at_5": 0.01963,
        "precision_at_10": 0.01309,
        "precision_at_20": 0.00907,
        "precision_at_100": 0.00348,
        "precision_at_1000": 0.00068,
        "mrr_at_1": 0.032006,
        "mrr_at_3": 0.050735,
        "mrr_at_5": 0.05582,
        "mrr_at_10": 0.060153,
        "mrr_at_20": 0.063621,
        "mrr_at_100": 0.067493,
        "mrr_at_1000": 0.068713,
        "nauc_ndcg_at_1_max": 0.152989,
        "nauc_ndcg_at_1_std": 0.262336,
        "nauc_ndcg_at_1_diff1": 0.306949,
        "nauc_ndcg_at_3_max": 0.153213,
        "nauc_ndcg_at_3_std": 0.192053,
        "nauc_ndcg_at_3_diff1": 0.165944,
        "nauc_ndcg_at_5_max": 0.131539,
        "nauc_ndcg_at_5_std": 0.171204,
        "nauc_ndcg_at_5_diff1": 0.169528,
        "nauc_ndcg_at_10_max": 0.128701,
        "nauc_ndcg_at_10_std": 0.174034,
        "nauc_ndcg_at_10_diff1": 0.164393,
        "nauc_ndcg_at_20_max": 0.1198,
        "nauc_ndcg_at_20_std": 0.188277,
        "nauc_ndcg_at_20_diff1": 0.159383,
        "nauc_ndcg_at_100_max": 0.112101,
        "nauc_ndcg_at_100_std": 0.20786,
        "nauc_ndcg_at_100_diff1": 0.155185,
        "nauc_ndcg_at_1000_max": 0.107704,
        "nauc_ndcg_at_1000_std": 0.246366,
        "nauc_ndcg_at_1000_diff1": 0.16373,
        "nauc_map_at_1_max": 0.152989,
        "nauc_map_at_1_std": 0.262336,
        "nauc_map_at_1_diff1": 0.306949,
        "nauc_map_at_3_max": 0.154011,
        "nauc_map_at_3_std": 0.19966,
        "nauc_map_at_3_diff1": 0.187395,
        "nauc_map_at_5_max": 0.140383,
        "nauc_map_at_5_std": 0.185652,
        "nauc_map_at_5_diff1": 0.189339,
        "nauc_map_at_10_max": 0.138059,
        "nauc_map_at_10_std": 0.187815,
        "nauc_map_at_10_diff1": 0.185452,
        "nauc_map_at_20_max": 0.134841,
        "nauc_map_at_20_std": 0.192843,
        "nauc_map_at_20_diff1": 0.182488,
        "nauc_map_at_100_max": 0.134339,
        "nauc_map_at_100_std": 0.196089,
        "nauc_map_at_100_diff1": 0.181899,
        "nauc_map_at_1000_max": 0.134176,
        "nauc_map_at_1000_std": 0.198616,
        "nauc_map_at_1000_diff1": 0.182647,
        "nauc_recall_at_1_max": 0.152989,
        "nauc_recall_at_1_std": 0.262336,
        "nauc_recall_at_1_diff1": 0.306949,
        "nauc_recall_at_3_max": 0.151476,
        "nauc_recall_at_3_std": 0.178345,
        "nauc_recall_at_3_diff1": 0.125054,
        "nauc_recall_at_5_max": 0.114708,
        "nauc_recall_at_5_std": 0.1463,
        "nauc_recall_at_5_diff1": 0.136467,
        "nauc_recall_at_10_max": 0.113596,
        "nauc_recall_at_10_std": 0.152613,
        "nauc_recall_at_10_diff1": 0.133483,
        "nauc_recall_at_20_max": 0.097029,
        "nauc_recall_at_20_std": 0.186118,
        "nauc_recall_at_20_diff1": 0.130596,
        "nauc_recall_at_100_max": 0.076825,
        "nauc_recall_at_100_std": 0.236814,
        "nauc_recall_at_100_diff1": 0.123528,
        "nauc_recall_at_1000_max": 0.045662,
        "nauc_recall_at_1000_std": 0.400546,
        "nauc_recall_at_1000_diff1": 0.145023,
        "nauc_precision_at_1_max": 0.152989,
        "nauc_precision_at_1_std": 0.262336,
        "nauc_precision_at_1_diff1": 0.306949,
        "nauc_precision_at_3_max": 0.151476,
        "nauc_precision_at_3_std": 0.178345,
        "nauc_precision_at_3_diff1": 0.125054,
        "nauc_precision_at_5_max": 0.114708,
        "nauc_precision_at_5_std": 0.1463,
        "nauc_precision_at_5_diff1": 0.136467,
        "nauc_precision_at_10_max": 0.113596,
        "nauc_precision_at_10_std": 0.152613,
        "nauc_precision_at_10_diff1": 0.133483,
        "nauc_precision_at_20_max": 0.097029,
        "nauc_precision_at_20_std": 0.186118,
        "nauc_precision_at_20_diff1": 0.130596,
        "nauc_precision_at_100_max": 0.076825,
        "nauc_precision_at_100_std": 0.236814,
        "nauc_precision_at_100_diff1": 0.123528,
        "nauc_precision_at_1000_max": 0.045662,
        "nauc_precision_at_1000_std": 0.400546,
        "nauc_precision_at_1000_diff1": 0.145023,
        "nauc_mrr_at_1_max": 0.194463,
        "nauc_mrr_at_1_std": 0.24138,
        "nauc_mrr_at_1_diff1": 0.248143,
        "nauc_mrr_at_3_max": 0.163118,
        "nauc_mrr_at_3_std": 0.193709,
        "nauc_mrr_at_3_diff1": 0.167563,
        "nauc_mrr_at_5_max": 0.148863,
        "nauc_mrr_at_5_std": 0.180452,
        "nauc_mrr_at_5_diff1": 0.171285,
        "nauc_mrr_at_10_max": 0.145781,
        "nauc_mrr_at_10_std": 0.183499,
        "nauc_mrr_at_10_diff1": 0.167527,
        "nauc_mrr_at_20_max": 0.14249,
        "nauc_mrr_at_20_std": 0.187995,
        "nauc_mrr_at_20_diff1": 0.165924,
        "nauc_mrr_at_100_max": 0.141791,
        "nauc_mrr_at_100_std": 0.191302,
        "nauc_mrr_at_100_diff1": 0.165683,
        "nauc_mrr_at_1000_max": 0.141638,
        "nauc_mrr_at_1000_std": 0.193789,
        "nauc_mrr_at_1000_diff1": 0.166401,
        "main_score": 0.07622,
        "hf_subset": "default",
        "languages": [
          "tur-Latn"
        ]
      }
    ]
  },
  "evaluation_time": 665.1246149539948,
  "kg_co2_emissions": null
}