{
  "dataset_revision": "main",
  "task_name": "CQADupstackGamingRetrievalTR",
  "mteb_version": "1.31.3",
  "scores": {
    "test": [
      {
        "ndcg_at_1": 0.08974,
        "ndcg_at_3": 0.1096,
        "ndcg_at_5": 0.11651,
        "ndcg_at_10": 0.13001,
        "ndcg_at_20": 0.14199,
        "ndcg_at_100": 0.16924,
        "ndcg_at_1000": 0.22134,
        "map_at_1": 0.08974,
        "map_at_3": 0.10459,
        "map_at_5": 0.1084,
        "map_at_10": 0.11396,
        "map_at_20": 0.11726,
        "map_at_100": 0.12071,
        "map_at_1000": 0.12217,
        "recall_at_1": 0.08974,
        "recall_at_3": 0.12416,
        "recall_at_5": 0.14103,
        "recall_at_10": 0.18286,
        "recall_at_20": 0.23009,
        "recall_at_100": 0.38192,
        "recall_at_1000": 0.82119,
        "precision_at_1": 0.08974,
        "precision_at_3": 0.04139,
        "precision_at_5": 0.02821,
        "precision_at_10": 0.01829,
        "precision_at_20": 0.0115,
        "precision_at_100": 0.00382,
        "precision_at_1000": 0.00082,
        "mrr_at_1": 0.089744,
        "mrr_at_3": 0.104588,
        "mrr_at_5": 0.108401,
        "mrr_at_10": 0.113958,
        "mrr_at_20": 0.117265,
        "mrr_at_100": 0.120707,
        "mrr_at_1000": 0.122173,
        "nauc_ndcg_at_1_max": 0.185946,
        "nauc_ndcg_at_1_std": 0.025289,
        "nauc_ndcg_at_1_diff1": 0.462416,
        "nauc_ndcg_at_3_max": 0.168004,
        "nauc_ndcg_at_3_std": 0.051741,
        "nauc_ndcg_at_3_diff1": 0.412808,
        "nauc_ndcg_at_5_max": 0.152969,
        "nauc_ndcg_at_5_std": 0.060026,
        "nauc_ndcg_at_5_diff1": 0.38472,
        "nauc_ndcg_at_10_max": 0.155299,
        "nauc_ndcg_at_10_std": 0.065749,
        "nauc_ndcg_at_10_diff1": 0.350373,
        "nauc_ndcg_at_20_max": 0.153092,
        "nauc_ndcg_at_20_std": 0.07428,
        "nauc_ndcg_at_20_diff1": 0.331459,
        "nauc_ndcg_at_100_max": 0.151729,
        "nauc_ndcg_at_100_std": 0.082408,
        "nauc_ndcg_at_100_diff1": 0.30082,
        "nauc_ndcg_at_1000_max": 0.144404,
        "nauc_ndcg_at_1000_std": 0.084695,
        "nauc_ndcg_at_1000_diff1": 0.313204,
        "nauc_map_at_1_max": 0.185946,
        "nauc_map_at_1_std": 0.025289,
        "nauc_map_at_1_diff1": 0.462416,
        "nauc_map_at_3_max": 0.17243,
        "nauc_map_at_3_std": 0.046778,
        "nauc_map_at_3_diff1": 0.423499,
        "nauc_map_at_5_max": 0.163796,
        "nauc_map_at_5_std": 0.051867,
        "nauc_map_at_5_diff1": 0.406993,
        "nauc_map_at_10_max": 0.165116,
        "nauc_map_at_10_std": 0.054511,
        "nauc_map_at_10_diff1": 0.390733,
        "nauc_map_at_20_max": 0.164161,
        "nauc_map_at_20_std": 0.057236,
        "nauc_map_at_20_diff1": 0.383967,
        "nauc_map_at_100_max": 0.164153,
        "nauc_map_at_100_std": 0.058579,
        "nauc_map_at_100_diff1": 0.378597,
        "nauc_map_at_1000_max": 0.16367,
        "nauc_map_at_1000_std": 0.058649,
        "nauc_map_at_1000_diff1": 0.378929,
        "nauc_recall_at_1_max": 0.185946,
        "nauc_recall_at_1_std": 0.025289,
        "nauc_recall_at_1_diff1": 0.462416,
        "nauc_recall_at_3_max": 0.156633,
        "nauc_recall_at_3_std": 0.064003,
        "nauc_recall_at_3_diff1": 0.385825,
        "nauc_recall_at_5_max": 0.12519,
        "nauc_recall_at_5_std": 0.079891,
        "nauc_recall_at_5_diff1": 0.328658,
        "nauc_recall_at_10_max": 0.1334,
        "nauc_recall_at_10_std": 0.090843,
        "nauc_recall_at_10_diff1": 0.25678,
        "nauc_recall_at_20_max": 0.130383,
        "nauc_recall_at_20_std": 0.112135,
        "nauc_recall_at_20_diff1": 0.216513,
        "nauc_recall_at_100_max": 0.126537,
        "nauc_recall_at_100_std": 0.13473,
        "nauc_recall_at_100_diff1": 0.129595,
        "nauc_recall_at_1000_max": 0.04373,
        "nauc_recall_at_1000_std": 0.214145,
        "nauc_recall_at_1000_diff1": 0.079299,
        "nauc_precision_at_1_max": 0.185946,
        "nauc_precision_at_1_std": 0.025289,
        "nauc_precision_at_1_diff1": 0.462416,
        "nauc_precision_at_3_max": 0.156633,
        "nauc_precision_at_3_std": 0.064003,
        "nauc_precision_at_3_diff1": 0.385825,
        "nauc_precision_at_5_max": 0.12519,
        "nauc_precision_at_5_std": 0.079891,
        "nauc_precision_at_5_diff1": 0.328658,
        "nauc_precision_at_10_max": 0.1334,
        "nauc_precision_at_10_std": 0.090843,
        "nauc_precision_at_10_diff1": 0.25678,
        "nauc_precision_at_20_max": 0.130383,
        "nauc_precision_at_20_std": 0.112135,
        "nauc_precision_at_20_diff1": 0.216513,
        "nauc_precision_at_100_max": 0.126537,
        "nauc_precision_at_100_std": 0.13473,
        "nauc_precision_at_100_diff1": 0.129595,
        "nauc_precision_at_1000_max": 0.04373,
        "nauc_precision_at_1000_std": 0.214145,
        "nauc_precision_at_1000_diff1": 0.079299,
        "nauc_mrr_at_1_max": 0.185946,
        "nauc_mrr_at_1_std": 0.025289,
        "nauc_mrr_at_1_diff1": 0.462416,
        "nauc_mrr_at_3_max": 0.17243,
        "nauc_mrr_at_3_std": 0.046778,
        "nauc_mrr_at_3_diff1": 0.423499,
        "nauc_mrr_at_5_max": 0.163796,
        "nauc_mrr_at_5_std": 0.051867,
        "nauc_mrr_at_5_diff1": 0.406993,
        "nauc_mrr_at_10_max": 0.165116,
        "nauc_mrr_at_10_std": 0.054511,
        "nauc_mrr_at_10_diff1": 0.390733,
        "nauc_mrr_at_20_max": 0.164161,
        "nauc_mrr_at_20_std": 0.057236,
        "nauc_mrr_at_20_diff1": 0.383967,
        "nauc_mrr_at_100_max": 0.164153,
        "nauc_mrr_at_100_std": 0.058579,
        "nauc_mrr_at_100_diff1": 0.378597,
        "nauc_mrr_at_1000_max": 0.16367,
        "nauc_mrr_at_1000_std": 0.058649,
        "nauc_mrr_at_1000_diff1": 0.378929,
        "main_score": 0.13001,
        "hf_subset": "default",
        "languages": [
          "tur-Latn"
        ]
      }
    ]
  },
  "evaluation_time": 81.98688530921936,
  "kg_co2_emissions": null
}