{
  "dataset_revision": "main",
  "task_name": "FiQA2018TR",
  "mteb_version": "1.31.3",
  "scores": {
    "test": [
      {
        "ndcg_at_1": 0.03241,
        "ndcg_at_3": 0.04929,
        "ndcg_at_5": 0.05819,
        "ndcg_at_10": 0.06737,
        "ndcg_at_20": 0.07823,
        "ndcg_at_100": 0.11258,
        "ndcg_at_1000": 0.17373,
        "map_at_1": 0.03241,
        "map_at_3": 0.04501,
        "map_at_5": 0.04995,
        "map_at_10": 0.05356,
        "map_at_20": 0.05652,
        "map_at_100": 0.06079,
        "map_at_1000": 0.06251,
        "recall_at_1": 0.03241,
        "recall_at_3": 0.06173,
        "recall_at_5": 0.08333,
        "recall_at_10": 0.11265,
        "recall_at_20": 0.15586,
        "recall_at_100": 0.34877,
        "recall_at_1000": 0.8642,
        "precision_at_1": 0.03241,
        "precision_at_3": 0.02058,
        "precision_at_5": 0.01667,
        "precision_at_10": 0.01127,
        "precision_at_20": 0.00779,
        "precision_at_100": 0.00349,
        "precision_at_1000": 0.00086,
        "mrr_at_1": 0.032407,
        "mrr_at_3": 0.04501,
        "mrr_at_5": 0.049949,
        "mrr_at_10": 0.053563,
        "mrr_at_20": 0.056516,
        "mrr_at_100": 0.060788,
        "mrr_at_1000": 0.062515,
        "nauc_ndcg_at_1_max": -0.001732,
        "nauc_ndcg_at_1_std": 0.172546,
        "nauc_ndcg_at_1_diff1": 0.215053,
        "nauc_ndcg_at_3_max": 0.025214,
        "nauc_ndcg_at_3_std": 0.095,
        "nauc_ndcg_at_3_diff1": 0.152758,
        "nauc_ndcg_at_5_max": 0.050691,
        "nauc_ndcg_at_5_std": 0.090837,
        "nauc_ndcg_at_5_diff1": 0.114388,
        "nauc_ndcg_at_10_max": 0.054595,
        "nauc_ndcg_at_10_std": 0.086369,
        "nauc_ndcg_at_10_diff1": 0.122591,
        "nauc_ndcg_at_20_max": 0.047331,
        "nauc_ndcg_at_20_std": 0.089427,
        "nauc_ndcg_at_20_diff1": 0.137534,
        "nauc_ndcg_at_100_max": 0.048998,
        "nauc_ndcg_at_100_std": 0.109736,
        "nauc_ndcg_at_100_diff1": 0.121868,
        "nauc_ndcg_at_1000_max": 0.047844,
        "nauc_ndcg_at_1000_std": 0.113038,
        "nauc_ndcg_at_1000_diff1": 0.124361,
        "nauc_map_at_1_max": -0.001732,
        "nauc_map_at_1_std": 0.172546,
        "nauc_map_at_1_diff1": 0.215053,
        "nauc_map_at_3_max": 0.020459,
        "nauc_map_at_3_std": 0.111342,
        "nauc_map_at_3_diff1": 0.166963,
        "nauc_map_at_5_max": 0.037373,
        "nauc_map_at_5_std": 0.107529,
        "nauc_map_at_5_diff1": 0.141068,
        "nauc_map_at_10_max": 0.039419,
        "nauc_map_at_10_std": 0.103655,
        "nauc_map_at_10_diff1": 0.143639,
        "nauc_map_at_20_max": 0.036717,
        "nauc_map_at_20_std": 0.104207,
        "nauc_map_at_20_diff1": 0.149445,
        "nauc_map_at_100_max": 0.040333,
        "nauc_map_at_100_std": 0.107308,
        "nauc_map_at_100_diff1": 0.145495,
        "nauc_map_at_1000_max": 0.039709,
        "nauc_map_at_1000_std": 0.107099,
        "nauc_map_at_1000_diff1": 0.146144,
        "nauc_recall_at_1_max": -0.001732,
        "nauc_recall_at_1_std": 0.172546,
        "nauc_recall_at_1_diff1": 0.215053,
        "nauc_recall_at_3_max": 0.035241,
        "nauc_recall_at_3_std": 0.059745,
        "nauc_recall_at_3_diff1": 0.121849,
        "nauc_recall_at_5_max": 0.075899,
        "nauc_recall_at_5_std": 0.060601,
        "nauc_recall_at_5_diff1": 0.064031,
        "nauc_recall_at_10_max": 0.079538,
        "nauc_recall_at_10_std": 0.060711,
        "nauc_recall_at_10_diff1": 0.09121,
        "nauc_recall_at_20_max": 0.060745,
        "nauc_recall_at_20_std": 0.072431,
        "nauc_recall_at_20_diff1": 0.125984,
        "nauc_recall_at_100_max": 0.047318,
        "nauc_recall_at_100_std": 0.127694,
        "nauc_recall_at_100_diff1": 0.095155,
        "nauc_recall_at_1000_max": 0.064693,
        "nauc_recall_at_1000_std": 0.199171,
        "nauc_recall_at_1000_diff1": 0.048852,
        "nauc_precision_at_1_max": -0.001732,
        "nauc_precision_at_1_std": 0.172546,
        "nauc_precision_at_1_diff1": 0.215053,
        "nauc_precision_at_3_max": 0.035241,
        "nauc_precision_at_3_std": 0.059745,
        "nauc_precision_at_3_diff1": 0.121849,
        "nauc_precision_at_5_max": 0.075899,
        "nauc_precision_at_5_std": 0.060601,
        "nauc_precision_at_5_diff1": 0.064031,
        "nauc_precision_at_10_max": 0.079538,
        "nauc_precision_at_10_std": 0.060711,
        "nauc_precision_at_10_diff1": 0.09121,
        "nauc_precision_at_20_max": 0.060745,
        "nauc_precision_at_20_std": 0.072431,
        "nauc_precision_at_20_diff1": 0.125984,
        "nauc_precision_at_100_max": 0.047318,
        "nauc_precision_at_100_std": 0.127694,
        "nauc_precision_at_100_diff1": 0.095155,
        "nauc_precision_at_1000_max": 0.064693,
        "nauc_precision_at_1000_std": 0.199171,
        "nauc_precision_at_1000_diff1": 0.048852,
        "nauc_mrr_at_1_max": -0.001732,
        "nauc_mrr_at_1_std": 0.172546,
        "nauc_mrr_at_1_diff1": 0.215053,
        "nauc_mrr_at_3_max": 0.020459,
        "nauc_mrr_at_3_std": 0.111342,
        "nauc_mrr_at_3_diff1": 0.166963,
        "nauc_mrr_at_5_max": 0.037373,
        "nauc_mrr_at_5_std": 0.107529,
        "nauc_mrr_at_5_diff1": 0.141068,
        "nauc_mrr_at_10_max": 0.039419,
        "nauc_mrr_at_10_std": 0.103655,
        "nauc_mrr_at_10_diff1": 0.143639,
        "nauc_mrr_at_20_max": 0.036717,
        "nauc_mrr_at_20_std": 0.104207,
        "nauc_mrr_at_20_diff1": 0.149445,
        "nauc_mrr_at_100_max": 0.040333,
        "nauc_mrr_at_100_std": 0.107308,
        "nauc_mrr_at_100_diff1": 0.145495,
        "nauc_mrr_at_1000_max": 0.039709,
        "nauc_mrr_at_1000_std": 0.107099,
        "nauc_mrr_at_1000_diff1": 0.146144,
        "main_score": 0.06737,
        "hf_subset": "default",
        "languages": [
          "tur-Latn"
        ]
      }
    ]
  },
  "evaluation_time": 116.53471899032593,
  "kg_co2_emissions": null
}