{
  "dataset_revision": "main",
  "task_name": "MSMarcoTRRetrieval",
  "mteb_version": "1.31.3",
  "scores": {
    "test": [
      {
        "ndcg_at_1": 0.07775,
        "ndcg_at_3": 0.10653,
        "ndcg_at_5": 0.11617,
        "ndcg_at_10": 0.12838,
        "ndcg_at_20": 0.13989,
        "ndcg_at_100": 0.16534,
        "ndcg_at_1000": 0.19148,
        "map_at_1": 0.07775,
        "map_at_3": 0.09927,
        "map_at_5": 0.1046,
        "map_at_10": 0.10957,
        "map_at_20": 0.11266,
        "map_at_100": 0.1159,
        "map_at_1000": 0.11674,
        "recall_at_1": 0.07775,
        "recall_at_3": 0.12763,
        "recall_at_5": 0.1511,
        "recall_at_10": 0.18924,
        "recall_at_20": 0.23521,
        "recall_at_100": 0.37653,
        "recall_at_1000": 0.58973,
        "precision_at_1": 0.07775,
        "precision_at_3": 0.04254,
        "precision_at_5": 0.03022,
        "precision_at_10": 0.01892,
        "precision_at_20": 0.01176,
        "precision_at_100": 0.00377,
        "precision_at_1000": 0.00059,
        "mrr_at_1": 0.077751,
        "mrr_at_3": 0.099267,
        "mrr_at_5": 0.104597,
        "mrr_at_10": 0.109567,
        "mrr_at_20": 0.112663,
        "mrr_at_100": 0.115896,
        "mrr_at_1000": 0.116742,
        "nauc_ndcg_at_1_max": 0.174531,
        "nauc_ndcg_at_1_std": 0.173839,
        "nauc_ndcg_at_1_diff1": 0.434301,
        "nauc_ndcg_at_3_max": 0.131723,
        "nauc_ndcg_at_3_std": 0.180478,
        "nauc_ndcg_at_3_diff1": 0.31914,
        "nauc_ndcg_at_5_max": 0.12367,
        "nauc_ndcg_at_5_std": 0.175867,
        "nauc_ndcg_at_5_diff1": 0.304471,
        "nauc_ndcg_at_10_max": 0.121893,
        "nauc_ndcg_at_10_std": 0.179095,
        "nauc_ndcg_at_10_diff1": 0.294704,
        "nauc_ndcg_at_20_max": 0.121488,
        "nauc_ndcg_at_20_std": 0.182169,
        "nauc_ndcg_at_20_diff1": 0.282133,
        "nauc_ndcg_at_100_max": 0.109104,
        "nauc_ndcg_at_100_std": 0.172159,
        "nauc_ndcg_at_100_diff1": 0.266281,
        "nauc_ndcg_at_1000_max": 0.090268,
        "nauc_ndcg_at_1000_std": 0.145325,
        "nauc_ndcg_at_1000_diff1": 0.253722,
        "nauc_map_at_1_max": 0.174531,
        "nauc_map_at_1_std": 0.173839,
        "nauc_map_at_1_diff1": 0.434301,
        "nauc_map_at_3_max": 0.139182,
        "nauc_map_at_3_std": 0.178976,
        "nauc_map_at_3_diff1": 0.342237,
        "nauc_map_at_5_max": 0.13426,
        "nauc_map_at_5_std": 0.176256,
        "nauc_map_at_5_diff1": 0.33234,
        "nauc_map_at_10_max": 0.133314,
        "nauc_map_at_10_std": 0.178251,
        "nauc_map_at_10_diff1": 0.326846,
        "nauc_map_at_20_max": 0.132894,
        "nauc_map_at_20_std": 0.179282,
        "nauc_map_at_20_diff1": 0.322247,
        "nauc_map_at_100_max": 0.131147,
        "nauc_map_at_100_std": 0.177481,
        "nauc_map_at_100_diff1": 0.319376,
        "nauc_map_at_1000_max": 0.130463,
        "nauc_map_at_1000_std": 0.176662,
        "nauc_map_at_1000_diff1": 0.318892,
        "nauc_recall_at_1_max": 0.174531,
        "nauc_recall_at_1_std": 0.173839,
        "nauc_recall_at_1_diff1": 0.434301,
        "nauc_recall_at_3_max": 0.114613,
        "nauc_recall_at_3_std": 0.184052,
        "nauc_recall_at_3_diff1": 0.265015,
        "nauc_recall_at_5_max": 0.100213,
        "nauc_recall_at_5_std": 0.174585,
        "nauc_recall_at_5_diff1": 0.243281,
        "nauc_recall_at_10_max": 0.099191,
        "nauc_recall_at_10_std": 0.180328,
        "nauc_recall_at_10_diff1": 0.23112,
        "nauc_recall_at_20_max": 0.101112,
        "nauc_recall_at_20_std": 0.188239,
        "nauc_recall_at_20_diff1": 0.204812,
        "nauc_recall_at_100_max": 0.059991,
        "nauc_recall_at_100_std": 0.155648,
        "nauc_recall_at_100_diff1": 0.162184,
        "nauc_recall_at_1000_max": -0.051114,
        "nauc_recall_at_1000_std": -0.001335,
        "nauc_recall_at_1000_diff1": 0.081372,
        "nauc_precision_at_1_max": 0.174531,
        "nauc_precision_at_1_std": 0.173839,
        "nauc_precision_at_1_diff1": 0.434301,
        "nauc_precision_at_3_max": 0.114613,
        "nauc_precision_at_3_std": 0.184052,
        "nauc_precision_at_3_diff1": 0.265015,
        "nauc_precision_at_5_max": 0.100213,
        "nauc_precision_at_5_std": 0.174585,
        "nauc_precision_at_5_diff1": 0.243281,
        "nauc_precision_at_10_max": 0.099191,
        "nauc_precision_at_10_std": 0.180328,
        "nauc_precision_at_10_diff1": 0.23112,
        "nauc_precision_at_20_max": 0.101112,
        "nauc_precision_at_20_std": 0.188239,
        "nauc_precision_at_20_diff1": 0.204812,
        "nauc_precision_at_100_max": 0.059991,
        "nauc_precision_at_100_std": 0.155648,
        "nauc_precision_at_100_diff1": 0.162184,
        "nauc_precision_at_1000_max": -0.051114,
        "nauc_precision_at_1000_std": -0.001335,
        "nauc_precision_at_1000_diff1": 0.081372,
        "nauc_mrr_at_1_max": 0.174531,
        "nauc_mrr_at_1_std": 0.173839,
        "nauc_mrr_at_1_diff1": 0.434301,
        "nauc_mrr_at_3_max": 0.139182,
        "nauc_mrr_at_3_std": 0.178976,
        "nauc_mrr_at_3_diff1": 0.342237,
        "nauc_mrr_at_5_max": 0.13426,
        "nauc_mrr_at_5_std": 0.176256,
        "nauc_mrr_at_5_diff1": 0.33234,
        "nauc_mrr_at_10_max": 0.133314,
        "nauc_mrr_at_10_std": 0.178251,
        "nauc_mrr_at_10_diff1": 0.326846,
        "nauc_mrr_at_20_max": 0.132894,
        "nauc_mrr_at_20_std": 0.179282,
        "nauc_mrr_at_20_diff1": 0.322247,
        "nauc_mrr_at_100_max": 0.131147,
        "nauc_mrr_at_100_std": 0.177481,
        "nauc_mrr_at_100_diff1": 0.319376,
        "nauc_mrr_at_1000_max": 0.130463,
        "nauc_mrr_at_1000_std": 0.176662,
        "nauc_mrr_at_1000_diff1": 0.318892,
        "main_score": 0.12838,
        "hf_subset": "default",
        "languages": [
          "tur-Latn"
        ]
      }
    ]
  },
  "evaluation_time": 49.84988594055176,
  "kg_co2_emissions": null
}