{
  "dataset_revision": "main",
  "task_name": "NFCorpusTR",
  "mteb_version": "1.31.3",
  "scores": {
    "test": [
      {
        "ndcg_at_1": 0.00394,
        "ndcg_at_3": 0.00787,
        "ndcg_at_5": 0.00957,
        "ndcg_at_10": 0.01219,
        "ndcg_at_20": 0.01419,
        "ndcg_at_100": 0.02989,
        "ndcg_at_1000": 0.10158,
        "map_at_1": 0.00394,
        "map_at_3": 0.00656,
        "map_at_5": 0.00755,
        "map_at_10": 0.00867,
        "map_at_20": 0.00922,
        "map_at_100": 0.01102,
        "map_at_1000": 0.01297,
        "recall_at_1": 0.00394,
        "recall_at_3": 0.01181,
        "recall_at_5": 0.01575,
        "recall_at_10": 0.02362,
        "recall_at_20": 0.0315,
        "recall_at_100": 0.12205,
        "recall_at_1000": 0.73228,
        "precision_at_1": 0.00394,
        "precision_at_3": 0.00394,
        "precision_at_5": 0.00315,
        "precision_at_10": 0.00236,
        "precision_at_20": 0.00157,
        "precision_at_100": 0.00122,
        "precision_at_1000": 0.00073,
        "mrr_at_1": 0.003937,
        "mrr_at_3": 0.006562,
        "mrr_at_5": 0.007546,
        "mrr_at_10": 0.008671,
        "mrr_at_20": 0.009218,
        "mrr_at_100": 0.011015,
        "mrr_at_1000": 0.012971,
        "nauc_ndcg_at_1_max": -0.41341,
        "nauc_ndcg_at_1_std": 1.0,
        "nauc_ndcg_at_1_diff1": -0.070135,
        "nauc_ndcg_at_3_max": -0.361259,
        "nauc_ndcg_at_3_std": 0.561132,
        "nauc_ndcg_at_3_diff1": 0.11158,
        "nauc_ndcg_at_5_max": -0.309676,
        "nauc_ndcg_at_5_std": 0.638892,
        "nauc_ndcg_at_5_diff1": 0.109093,
        "nauc_ndcg_at_10_max": -0.157444,
        "nauc_ndcg_at_10_std": 0.550144,
        "nauc_ndcg_at_10_diff1": 0.155044,
        "nauc_ndcg_at_20_max": -0.21007,
        "nauc_ndcg_at_20_std": 0.484889,
        "nauc_ndcg_at_20_diff1": 0.097191,
        "nauc_ndcg_at_100_max": -0.077795,
        "nauc_ndcg_at_100_std": 0.223272,
        "nauc_ndcg_at_100_diff1": 0.026711,
        "nauc_ndcg_at_1000_max": -0.024116,
        "nauc_ndcg_at_1000_std": 0.20371,
        "nauc_ndcg_at_1000_diff1": 0.094913,
        "nauc_map_at_1_max": -0.41341,
        "nauc_map_at_1_std": 1.0,
        "nauc_map_at_1_diff1": -0.070135,
        "nauc_map_at_3_max": -0.371689,
        "nauc_map_at_3_std": 0.648906,
        "nauc_map_at_3_diff1": 0.075237,
        "nauc_map_at_5_max": -0.332356,
        "nauc_map_at_5_std": 0.694701,
        "nauc_map_at_5_diff1": 0.078147,
        "nauc_map_at_10_max": -0.237659,
        "nauc_map_at_10_std": 0.63397,
        "nauc_map_at_10_diff1": 0.109857,
        "nauc_map_at_20_max": -0.254855,
        "nauc_map_at_20_std": 0.606198,
        "nauc_map_at_20_diff1": 0.088521,
        "nauc_map_at_100_max": -0.213434,
        "nauc_map_at_100_std": 0.503433,
        "nauc_map_at_100_diff1": 0.078054,
        "nauc_map_at_1000_max": -0.198237,
        "nauc_map_at_1000_std": 0.487869,
        "nauc_map_at_1000_diff1": 0.084261,
        "nauc_recall_at_1_max": -0.41341,
        "nauc_recall_at_1_std": 1.0,
        "nauc_recall_at_1_diff1": -0.070135,
        "nauc_recall_at_3_max": -0.343875,
        "nauc_recall_at_3_std": 0.414843,
        "nauc_recall_at_3_diff1": 0.172152,
        "nauc_recall_at_5_max": -0.27544,
        "nauc_recall_at_5_std": 0.561132,
        "nauc_recall_at_5_diff1": 0.153499,
        "nauc_recall_at_10_max": -0.051094,
        "nauc_recall_at_10_std": 0.44961,
        "nauc_recall_at_10_diff1": 0.209861,
        "nauc_recall_at_20_max": -0.172072,
        "nauc_recall_at_20_std": 0.347907,
        "nauc_recall_at_20_diff1": 0.092129,
        "nauc_recall_at_100_max": -0.002359,
        "nauc_recall_at_100_std": 0.074741,
        "nauc_recall_at_100_diff1": -0.02027,
        "nauc_recall_at_1000_max": 0.076604,
        "nauc_recall_at_1000_std": 0.073202,
        "nauc_recall_at_1000_diff1": 0.127934,
        "nauc_precision_at_1_max": -0.41341,
        "nauc_precision_at_1_std": 1.0,
        "nauc_precision_at_1_diff1": -0.070135,
        "nauc_precision_at_3_max": -0.343875,
        "nauc_precision_at_3_std": 0.414843,
        "nauc_precision_at_3_diff1": 0.172152,
        "nauc_precision_at_5_max": -0.27544,
        "nauc_precision_at_5_std": 0.561132,
        "nauc_precision_at_5_diff1": 0.153499,
        "nauc_precision_at_10_max": -0.051094,
        "nauc_precision_at_10_std": 0.44961,
        "nauc_precision_at_10_diff1": 0.209861,
        "nauc_precision_at_20_max": -0.172072,
        "nauc_precision_at_20_std": 0.347907,
        "nauc_precision_at_20_diff1": 0.092129,
        "nauc_precision_at_100_max": -0.002359,
        "nauc_precision_at_100_std": 0.074741,
        "nauc_precision_at_100_diff1": -0.02027,
        "nauc_precision_at_1000_max": 0.076604,
        "nauc_precision_at_1000_std": 0.073202,
        "nauc_precision_at_1000_diff1": 0.127934,
        "nauc_mrr_at_1_max": -0.41341,
        "nauc_mrr_at_1_std": 1.0,
        "nauc_mrr_at_1_diff1": -0.070135,
        "nauc_mrr_at_3_max": -0.371689,
        "nauc_mrr_at_3_std": 0.648906,
        "nauc_mrr_at_3_diff1": 0.075237,
        "nauc_mrr_at_5_max": -0.332356,
        "nauc_mrr_at_5_std": 0.694701,
        "nauc_mrr_at_5_diff1": 0.078147,
        "nauc_mrr_at_10_max": -0.237659,
        "nauc_mrr_at_10_std": 0.63397,
        "nauc_mrr_at_10_diff1": 0.109857,
        "nauc_mrr_at_20_max": -0.254855,
        "nauc_mrr_at_20_std": 0.606198,
        "nauc_mrr_at_20_diff1": 0.088521,
        "nauc_mrr_at_100_max": -0.213434,
        "nauc_mrr_at_100_std": 0.503433,
        "nauc_mrr_at_100_diff1": 0.078054,
        "nauc_mrr_at_1000_max": -0.198247,
        "nauc_mrr_at_1000_std": 0.487855,
        "nauc_mrr_at_1000_diff1": 0.084268,
        "main_score": 0.01219,
        "hf_subset": "default",
        "languages": [
          "tur-Latn"
        ]
      }
    ]
  },
  "evaluation_time": 161.03452396392822,
  "kg_co2_emissions": null
}