{
  "dataset_revision": "main",
  "task_name": "QuoraRetrievalTR",
  "mteb_version": "1.31.3",
  "scores": {
    "test": [
      {
        "ndcg_at_1": 0.54775,
        "ndcg_at_3": 0.59914,
        "ndcg_at_5": 0.61443,
        "ndcg_at_10": 0.63009,
        "ndcg_at_20": 0.64362,
        "ndcg_at_100": 0.66093,
        "ndcg_at_1000": 0.67497,
        "map_at_1": 0.54775,
        "map_at_3": 0.58672,
        "map_at_5": 0.59528,
        "map_at_10": 0.60188,
        "map_at_20": 0.60563,
        "map_at_100": 0.60787,
        "map_at_1000": 0.60833,
        "recall_at_1": 0.54775,
        "recall_at_3": 0.63502,
        "recall_at_5": 0.67179,
        "recall_at_10": 0.71954,
        "recall_at_20": 0.77278,
        "recall_at_100": 0.86828,
        "recall_at_1000": 0.98244,
        "precision_at_1": 0.54775,
        "precision_at_3": 0.21167,
        "precision_at_5": 0.13436,
        "precision_at_10": 0.07195,
        "precision_at_20": 0.03864,
        "precision_at_100": 0.00868,
        "precision_at_1000": 0.00098,
        "mrr_at_1": 0.54775,
        "mrr_at_3": 0.586718,
        "mrr_at_5": 0.59528,
        "mrr_at_10": 0.601879,
        "mrr_at_20": 0.605626,
        "mrr_at_100": 0.607868,
        "mrr_at_1000": 0.608332,
        "nauc_ndcg_at_1_max": 0.616229,
        "nauc_ndcg_at_1_std": 0.101957,
        "nauc_ndcg_at_1_diff1": 0.790858,
        "nauc_ndcg_at_3_max": 0.62455,
        "nauc_ndcg_at_3_std": 0.122333,
        "nauc_ndcg_at_3_diff1": 0.765598,
        "nauc_ndcg_at_5_max": 0.623143,
        "nauc_ndcg_at_5_std": 0.130059,
        "nauc_ndcg_at_5_diff1": 0.758329,
        "nauc_ndcg_at_10_max": 0.617393,
        "nauc_ndcg_at_10_std": 0.13561,
        "nauc_ndcg_at_10_diff1": 0.752005,
        "nauc_ndcg_at_20_max": 0.61675,
        "nauc_ndcg_at_20_std": 0.140879,
        "nauc_ndcg_at_20_diff1": 0.748807,
        "nauc_ndcg_at_100_max": 0.615878,
        "nauc_ndcg_at_100_std": 0.143983,
        "nauc_ndcg_at_100_diff1": 0.751871,
        "nauc_ndcg_at_1000_max": 0.61831,
        "nauc_ndcg_at_1000_std": 0.136657,
        "nauc_ndcg_at_1000_diff1": 0.755435,
        "nauc_map_at_1_max": 0.616229,
        "nauc_map_at_1_std": 0.101957,
        "nauc_map_at_1_diff1": 0.790858,
        "nauc_map_at_3_max": 0.622933,
        "nauc_map_at_3_std": 0.11655,
        "nauc_map_at_3_diff1": 0.7717,
        "nauc_map_at_5_max": 0.62212,
        "nauc_map_at_5_std": 0.12066,
        "nauc_map_at_5_diff1": 0.767749,
        "nauc_map_at_10_max": 0.619759,
        "nauc_map_at_10_std": 0.122661,
        "nauc_map_at_10_diff1": 0.765095,
        "nauc_map_at_20_max": 0.619659,
        "nauc_map_at_20_std": 0.124061,
        "nauc_map_at_20_diff1": 0.764371,
        "nauc_map_at_100_max": 0.619357,
        "nauc_map_at_100_std": 0.124386,
        "nauc_map_at_100_diff1": 0.76468,
        "nauc_map_at_1000_max": 0.619427,
        "nauc_map_at_1000_std": 0.124137,
        "nauc_map_at_1000_diff1": 0.764737,
        "nauc_recall_at_1_max": 0.616229,
        "nauc_recall_at_1_std": 0.101957,
        "nauc_recall_at_1_diff1": 0.790858,
        "nauc_recall_at_3_max": 0.62934,
        "nauc_recall_at_3_std": 0.140519,
        "nauc_recall_at_3_diff1": 0.746836,
        "nauc_recall_at_5_max": 0.626077,
        "nauc_recall_at_5_std": 0.162361,
        "nauc_recall_at_5_diff1": 0.726602,
        "nauc_recall_at_10_max": 0.605708,
        "nauc_recall_at_10_std": 0.187133,
        "nauc_recall_at_10_diff1": 0.701297,
        "nauc_recall_at_20_max": 0.599654,
        "nauc_recall_at_20_std": 0.223658,
        "nauc_recall_at_20_diff1": 0.6747,
        "nauc_recall_at_100_max": 0.586468,
        "nauc_recall_at_100_std": 0.307706,
        "nauc_recall_at_100_diff1": 0.669084,
        "nauc_recall_at_1000_max": 0.689886,
        "nauc_recall_at_1000_std": 0.475107,
        "nauc_recall_at_1000_diff1": 0.626905,
        "nauc_precision_at_1_max": 0.616229,
        "nauc_precision_at_1_std": 0.101957,
        "nauc_precision_at_1_diff1": 0.790858,
        "nauc_precision_at_3_max": 0.62934,
        "nauc_precision_at_3_std": 0.140519,
        "nauc_precision_at_3_diff1": 0.746836,
        "nauc_precision_at_5_max": 0.626077,
        "nauc_precision_at_5_std": 0.162361,
        "nauc_precision_at_5_diff1": 0.726602,
        "nauc_precision_at_10_max": 0.605708,
        "nauc_precision_at_10_std": 0.187133,
        "nauc_precision_at_10_diff1": 0.701297,
        "nauc_precision_at_20_max": 0.599654,
        "nauc_precision_at_20_std": 0.223658,
        "nauc_precision_at_20_diff1": 0.6747,
        "nauc_precision_at_100_max": 0.586468,
        "nauc_precision_at_100_std": 0.307706,
        "nauc_precision_at_100_diff1": 0.669084,
        "nauc_precision_at_1000_max": 0.689886,
        "nauc_precision_at_1000_std": 0.475107,
        "nauc_precision_at_1000_diff1": 0.626905,
        "nauc_mrr_at_1_max": 0.618814,
        "nauc_mrr_at_1_std": 0.102828,
        "nauc_mrr_at_1_diff1": 0.790858,
        "nauc_mrr_at_3_max": 0.624293,
        "nauc_mrr_at_3_std": 0.117008,
        "nauc_mrr_at_3_diff1": 0.7717,
        "nauc_mrr_at_5_max": 0.6235,
        "nauc_mrr_at_5_std": 0.121125,
        "nauc_mrr_at_5_diff1": 0.767749,
        "nauc_mrr_at_10_max": 0.621158,
        "nauc_mrr_at_10_std": 0.123133,
        "nauc_mrr_at_10_diff1": 0.765095,
        "nauc_mrr_at_20_max": 0.62107,
        "nauc_mrr_at_20_std": 0.124537,
        "nauc_mrr_at_20_diff1": 0.764371,
        "nauc_mrr_at_100_max": 0.620776,
        "nauc_mrr_at_100_std": 0.124865,
        "nauc_mrr_at_100_diff1": 0.76468,
        "nauc_mrr_at_1000_max": 0.620848,
        "nauc_mrr_at_1000_std": 0.124617,
        "nauc_mrr_at_1000_diff1": 0.764737,
        "main_score": 0.63009,
        "hf_subset": "default",
        "languages": [
          "tur-Latn"
        ]
      }
    ]
  },
  "evaluation_time": 32.16157007217407,
  "kg_co2_emissions": null
}