{
  "dataset_revision": "main",
  "task_name": "SCIDOCSTR",
  "mteb_version": "1.31.3",
  "scores": {
    "test": [
      {
        "ndcg_at_1": 0.00111,
        "ndcg_at_3": 0.00223,
        "ndcg_at_5": 0.00357,
        "ndcg_at_10": 0.00468,
        "ndcg_at_20": 0.00611,
        "ndcg_at_100": 0.01381,
        "ndcg_at_1000": 0.06494,
        "map_at_1": 0.00111,
        "map_at_3": 0.00186,
        "map_at_5": 0.00258,
        "map_at_10": 0.00305,
        "map_at_20": 0.00346,
        "map_at_100": 0.00432,
        "map_at_1000": 0.00549,
        "recall_at_1": 0.00111,
        "recall_at_3": 0.00334,
        "recall_at_5": 0.00669,
        "recall_at_10": 0.01003,
        "recall_at_20": 0.01561,
        "recall_at_100": 0.0602,
        "recall_at_1000": 0.50948,
        "precision_at_1": 0.00111,
        "precision_at_3": 0.00111,
        "precision_at_5": 0.00134,
        "precision_at_10": 0.001,
        "precision_at_20": 0.00078,
        "precision_at_100": 0.0006,
        "precision_at_1000": 0.00051,
        "mrr_at_1": 0.001115,
        "mrr_at_3": 0.001858,
        "mrr_at_5": 0.002583,
        "mrr_at_10": 0.003052,
        "mrr_at_20": 0.003457,
        "mrr_at_100": 0.004316,
        "mrr_at_1000": 0.005487,
        "nauc_ndcg_at_1_max": -0.318689,
        "nauc_ndcg_at_1_std": -0.575027,
        "nauc_ndcg_at_1_diff1": -0.499832,
        "nauc_ndcg_at_3_max": -0.222134,
        "nauc_ndcg_at_3_std": 0.043454,
        "nauc_ndcg_at_3_diff1": -0.124874,
        "nauc_ndcg_at_5_max": -0.086696,
        "nauc_ndcg_at_5_std": 0.041217,
        "nauc_ndcg_at_5_diff1": -0.232173,
        "nauc_ndcg_at_10_max": -0.10131,
        "nauc_ndcg_at_10_std": 0.165373,
        "nauc_ndcg_at_10_diff1": -0.18049,
        "nauc_ndcg_at_20_max": 0.006712,
        "nauc_ndcg_at_20_std": 0.1161,
        "nauc_ndcg_at_20_diff1": -0.168296,
        "nauc_ndcg_at_100_max": -0.011997,
        "nauc_ndcg_at_100_std": 0.107613,
        "nauc_ndcg_at_100_diff1": -0.045631,
        "nauc_ndcg_at_1000_max": 0.020199,
        "nauc_ndcg_at_1000_std": 0.05604,
        "nauc_ndcg_at_1000_diff1": 0.023801,
        "nauc_map_at_1_max": -0.318689,
        "nauc_map_at_1_std": -0.575027,
        "nauc_map_at_1_diff1": -0.499832,
        "nauc_map_at_3_max": -0.241445,
        "nauc_map_at_3_std": -0.080242,
        "nauc_map_at_3_diff1": -0.199866,
        "nauc_map_at_5_max": -0.142453,
        "nauc_map_at_5_std": -0.039825,
        "nauc_map_at_5_diff1": -0.260867,
        "nauc_map_at_10_max": -0.139865,
        "nauc_map_at_10_std": 0.057231,
        "nauc_map_at_10_diff1": -0.221121,
        "nauc_map_at_20_max": -0.084895,
        "nauc_map_at_20_std": 0.047381,
        "nauc_map_at_20_diff1": -0.211663,
        "nauc_map_at_100_max": -0.070016,
        "nauc_map_at_100_std": 0.068987,
        "nauc_map_at_100_diff1": -0.158631,
        "nauc_map_at_1000_max": -0.059736,
        "nauc_map_at_1000_std": 0.067105,
        "nauc_map_at_1000_diff1": -0.132998,
        "nauc_recall_at_1_max": -0.318689,
        "nauc_recall_at_1_std": -0.575027,
        "nauc_recall_at_1_diff1": -0.499832,
        "nauc_recall_at_3_max": -0.189949,
        "nauc_recall_at_3_std": 0.249614,
        "nauc_recall_at_3_diff1": 0.000112,
        "nauc_recall_at_5_max": -0.013822,
        "nauc_recall_at_5_std": 0.131751,
        "nauc_recall_at_5_diff1": -0.202011,
        "nauc_recall_at_10_max": -0.064176,
        "nauc_recall_at_10_std": 0.270916,
        "nauc_recall_at_10_diff1": -0.141959,
        "nauc_recall_at_20_max": 0.092968,
        "nauc_recall_at_20_std": 0.154491,
        "nauc_recall_at_20_diff1": -0.134701,
        "nauc_recall_at_100_max": 0.000342,
        "nauc_recall_at_100_std": 0.102052,
        "nauc_recall_at_100_diff1": 0.002023,
        "nauc_recall_at_1000_max": 0.040227,
        "nauc_recall_at_1000_std": 0.033892,
        "nauc_recall_at_1000_diff1": 0.06152,
        "nauc_precision_at_1_max": -0.318689,
        "nauc_precision_at_1_std": -0.575027,
        "nauc_precision_at_1_diff1": -0.499832,
        "nauc_precision_at_3_max": -0.189949,
        "nauc_precision_at_3_std": 0.249614,
        "nauc_precision_at_3_diff1": 0.000112,
        "nauc_precision_at_5_max": -0.013822,
        "nauc_precision_at_5_std": 0.131751,
        "nauc_precision_at_5_diff1": -0.202011,
        "nauc_precision_at_10_max": -0.064176,
        "nauc_precision_at_10_std": 0.270916,
        "nauc_precision_at_10_diff1": -0.141959,
        "nauc_precision_at_20_max": 0.092968,
        "nauc_precision_at_20_std": 0.154491,
        "nauc_precision_at_20_diff1": -0.134701,
        "nauc_precision_at_100_max": 0.000342,
        "nauc_precision_at_100_std": 0.102052,
        "nauc_precision_at_100_diff1": 0.002023,
        "nauc_precision_at_1000_max": 0.040227,
        "nauc_precision_at_1000_std": 0.033892,
        "nauc_precision_at_1000_diff1": 0.06152,
        "nauc_mrr_at_1_max": -0.318689,
        "nauc_mrr_at_1_std": -0.575027,
        "nauc_mrr_at_1_diff1": -0.499832,
        "nauc_mrr_at_3_max": -0.241445,
        "nauc_mrr_at_3_std": -0.080242,
        "nauc_mrr_at_3_diff1": -0.199866,
        "nauc_mrr_at_5_max": -0.142453,
        "nauc_mrr_at_5_std": -0.039825,
        "nauc_mrr_at_5_diff1": -0.260867,
        "nauc_mrr_at_10_max": -0.139865,
        "nauc_mrr_at_10_std": 0.057231,
        "nauc_mrr_at_10_diff1": -0.221121,
        "nauc_mrr_at_20_max": -0.084895,
        "nauc_mrr_at_20_std": 0.047381,
        "nauc_mrr_at_20_diff1": -0.211663,
        "nauc_mrr_at_100_max": -0.070016,
        "nauc_mrr_at_100_std": 0.068987,
        "nauc_mrr_at_100_diff1": -0.158631,
        "nauc_mrr_at_1000_max": -0.059736,
        "nauc_mrr_at_1000_std": 0.067104,
        "nauc_mrr_at_1000_diff1": -0.132997,
        "main_score": 0.00468,
        "hf_subset": "default",
        "languages": [
          "tur-Latn"
        ]
      }
    ]
  },
  "evaluation_time": 152.64582991600037,
  "kg_co2_emissions": null
}