{
  "dataset_revision": "main",
  "task_name": "SciFactTR",
  "mteb_version": "1.31.3",
  "scores": {
    "test": [
      {
        "ndcg_at_1": 0.18,
        "ndcg_at_3": 0.21393,
        "ndcg_at_5": 0.23344,
        "ndcg_at_10": 0.25639,
        "ndcg_at_20": 0.28299,
        "ndcg_at_100": 0.3398,
        "ndcg_at_1000": 0.36964,
        "map_at_1": 0.18,
        "map_at_3": 0.205,
        "map_at_5": 0.216,
        "map_at_10": 0.22565,
        "map_at_20": 0.23277,
        "map_at_100": 0.2397,
        "map_at_1000": 0.24116,
        "recall_at_1": 0.18,
        "recall_at_3": 0.24,
        "recall_at_5": 0.28667,
        "recall_at_10": 0.35667,
        "recall_at_20": 0.46333,
        "recall_at_100": 0.78333,
        "recall_at_1000": 1.0,
        "precision_at_1": 0.18,
        "precision_at_3": 0.08,
        "precision_at_5": 0.05733,
        "precision_at_10": 0.03567,
        "precision_at_20": 0.02317,
        "precision_at_100": 0.00783,
        "precision_at_1000": 0.001,
        "mrr_at_1": 0.18,
        "mrr_at_3": 0.205,
        "mrr_at_5": 0.216,
        "mrr_at_10": 0.225648,
        "mrr_at_20": 0.232767,
        "mrr_at_100": 0.239703,
        "mrr_at_1000": 0.241164,
        "nauc_ndcg_at_1_max": 0.1739,
        "nauc_ndcg_at_1_std": 0.034914,
        "nauc_ndcg_at_1_diff1": 0.413734,
        "nauc_ndcg_at_3_max": 0.149,
        "nauc_ndcg_at_3_std": 0.023889,
        "nauc_ndcg_at_3_diff1": 0.341696,
        "nauc_ndcg_at_5_max": 0.121899,
        "nauc_ndcg_at_5_std": 0.01596,
        "nauc_ndcg_at_5_diff1": 0.31113,
        "nauc_ndcg_at_10_max": 0.134122,
        "nauc_ndcg_at_10_std": -0.016645,
        "nauc_ndcg_at_10_diff1": 0.298814,
        "nauc_ndcg_at_20_max": 0.13407,
        "nauc_ndcg_at_20_std": 0.000504,
        "nauc_ndcg_at_20_diff1": 0.29106,
        "nauc_ndcg_at_100_max": 0.148396,
        "nauc_ndcg_at_100_std": 0.001356,
        "nauc_ndcg_at_100_diff1": 0.285403,
        "nauc_ndcg_at_1000_max": 0.140653,
        "nauc_ndcg_at_1000_std": 0.006836,
        "nauc_ndcg_at_1000_diff1": 0.307465,
        "nauc_map_at_1_max": 0.1739,
        "nauc_map_at_1_std": 0.034914,
        "nauc_map_at_1_diff1": 0.413734,
        "nauc_map_at_3_max": 0.156643,
        "nauc_map_at_3_std": 0.026849,
        "nauc_map_at_3_diff1": 0.358459,
        "nauc_map_at_5_max": 0.140214,
        "nauc_map_at_5_std": 0.021919,
        "nauc_map_at_5_diff1": 0.34061,
        "nauc_map_at_10_max": 0.146179,
        "nauc_map_at_10_std": 0.00762,
        "nauc_map_at_10_diff1": 0.334012,
        "nauc_map_at_20_max": 0.145893,
        "nauc_map_at_20_std": 0.012019,
        "nauc_map_at_20_diff1": 0.331389,
        "nauc_map_at_100_max": 0.146995,
        "nauc_map_at_100_std": 0.012318,
        "nauc_map_at_100_diff1": 0.330006,
        "nauc_map_at_1000_max": 0.146581,
        "nauc_map_at_1000_std": 0.012823,
        "nauc_map_at_1000_diff1": 0.331179,
        "nauc_recall_at_1_max": 0.1739,
        "nauc_recall_at_1_std": 0.034914,
        "nauc_recall_at_1_diff1": 0.413734,
        "nauc_recall_at_3_max": 0.127975,
        "nauc_recall_at_3_std": 0.015866,
        "nauc_recall_at_3_diff1": 0.297068,
        "nauc_recall_at_5_max": 0.072803,
        "nauc_recall_at_5_std": 0.000253,
        "nauc_recall_at_5_diff1": 0.233409,
        "nauc_recall_at_10_max": 0.104517,
        "nauc_recall_at_10_std": -0.086201,
        "nauc_recall_at_10_diff1": 0.208399,
        "nauc_recall_at_20_max": 0.106164,
        "nauc_recall_at_20_std": -0.02393,
        "nauc_recall_at_20_diff1": 0.183786,
        "nauc_recall_at_100_max": 0.216988,
        "nauc_recall_at_100_std": -0.037222,
        "nauc_recall_at_100_diff1": 0.080779,
        "nauc_recall_at_1000_max": NaN,
        "nauc_recall_at_1000_std": NaN,
        "nauc_recall_at_1000_diff1": NaN,
        "nauc_precision_at_1_max": 0.1739,
        "nauc_precision_at_1_std": 0.034914,
        "nauc_precision_at_1_diff1": 0.413734,
        "nauc_precision_at_3_max": 0.127975,
        "nauc_precision_at_3_std": 0.015866,
        "nauc_precision_at_3_diff1": 0.297068,
        "nauc_precision_at_5_max": 0.072803,
        "nauc_precision_at_5_std": 0.000253,
        "nauc_precision_at_5_diff1": 0.233409,
        "nauc_precision_at_10_max": 0.104517,
        "nauc_precision_at_10_std": -0.086201,
        "nauc_precision_at_10_diff1": 0.208399,
        "nauc_precision_at_20_max": 0.106164,
        "nauc_precision_at_20_std": -0.02393,
        "nauc_precision_at_20_diff1": 0.183786,
        "nauc_precision_at_100_max": 0.216988,
        "nauc_precision_at_100_std": -0.037222,
        "nauc_precision_at_100_diff1": 0.080779,
        "nauc_precision_at_1000_max": 1.0,
        "nauc_precision_at_1000_std": 1.0,
        "nauc_precision_at_1000_diff1": 1.0,
        "nauc_mrr_at_1_max": 0.1739,
        "nauc_mrr_at_1_std": 0.034914,
        "nauc_mrr_at_1_diff1": 0.413734,
        "nauc_mrr_at_3_max": 0.156643,
        "nauc_mrr_at_3_std": 0.026849,
        "nauc_mrr_at_3_diff1": 0.358459,
        "nauc_mrr_at_5_max": 0.140214,
        "nauc_mrr_at_5_std": 0.021919,
        "nauc_mrr_at_5_diff1": 0.34061,
        "nauc_mrr_at_10_max": 0.146179,
        "nauc_mrr_at_10_std": 0.00762,
        "nauc_mrr_at_10_diff1": 0.334012,
        "nauc_mrr_at_20_max": 0.145893,
        "nauc_mrr_at_20_std": 0.012019,
        "nauc_mrr_at_20_diff1": 0.331389,
        "nauc_mrr_at_100_max": 0.146995,
        "nauc_mrr_at_100_std": 0.012318,
        "nauc_mrr_at_100_diff1": 0.330006,
        "nauc_mrr_at_1000_max": 0.146581,
        "nauc_mrr_at_1000_std": 0.012823,
        "nauc_mrr_at_1000_diff1": 0.331179,
        "main_score": 0.25639,
        "hf_subset": "default",
        "languages": [
          "tur-Latn"
        ]
      }
    ]
  },
  "evaluation_time": 37.17940402030945,
  "kg_co2_emissions": null
}