{
  "dataset_revision": "main",
  "task_name": "SquadTRRetrieval",
  "mteb_version": "1.31.3",
  "scores": {
    "test": [
      {
        "ndcg_at_1": 0.08576,
        "ndcg_at_3": 0.12533,
        "ndcg_at_5": 0.14265,
        "ndcg_at_10": 0.16533,
        "ndcg_at_20": 0.18656,
        "ndcg_at_100": 0.2326,
        "ndcg_at_1000": 0.28002,
        "map_at_1": 0.08576,
        "map_at_3": 0.11533,
        "map_at_5": 0.1249,
        "map_at_10": 0.13416,
        "map_at_20": 0.13993,
        "map_at_100": 0.14584,
        "map_at_1000": 0.14744,
        "recall_at_1": 0.08576,
        "recall_at_3": 0.15438,
        "recall_at_5": 0.1966,
        "recall_at_10": 0.26728,
        "recall_at_20": 0.35171,
        "recall_at_100": 0.60656,
        "recall_at_1000": 0.98939,
        "precision_at_1": 0.08576,
        "precision_at_3": 0.05146,
        "precision_at_5": 0.03932,
        "precision_at_10": 0.02673,
        "precision_at_20": 0.01759,
        "precision_at_100": 0.00607,
        "precision_at_1000": 0.00099,
        "mrr_at_1": 0.085756,
        "mrr_at_3": 0.115326,
        "mrr_at_5": 0.124896,
        "mrr_at_10": 0.134155,
        "mrr_at_20": 0.139927,
        "mrr_at_100": 0.145841,
        "mrr_at_1000": 0.14744,
        "nauc_ndcg_at_1_max": 0.168767,
        "nauc_ndcg_at_1_std": 0.090169,
        "nauc_ndcg_at_1_diff1": 0.314727,
        "nauc_ndcg_at_3_max": 0.166344,
        "nauc_ndcg_at_3_std": 0.103121,
        "nauc_ndcg_at_3_diff1": 0.225395,
        "nauc_ndcg_at_5_max": 0.162226,
        "nauc_ndcg_at_5_std": 0.108187,
        "nauc_ndcg_at_5_diff1": 0.203176,
        "nauc_ndcg_at_10_max": 0.160431,
        "nauc_ndcg_at_10_std": 0.120208,
        "nauc_ndcg_at_10_diff1": 0.19365,
        "nauc_ndcg_at_20_max": 0.160143,
        "nauc_ndcg_at_20_std": 0.129828,
        "nauc_ndcg_at_20_diff1": 0.186045,
        "nauc_ndcg_at_100_max": 0.165987,
        "nauc_ndcg_at_100_std": 0.143497,
        "nauc_ndcg_at_100_diff1": 0.179812,
        "nauc_ndcg_at_1000_max": 0.164941,
        "nauc_ndcg_at_1000_std": 0.130872,
        "nauc_ndcg_at_1000_diff1": 0.195946,
        "nauc_map_at_1_max": 0.168767,
        "nauc_map_at_1_std": 0.090169,
        "nauc_map_at_1_diff1": 0.314727,
        "nauc_map_at_3_max": 0.167575,
        "nauc_map_at_3_std": 0.099554,
        "nauc_map_at_3_diff1": 0.242206,
        "nauc_map_at_5_max": 0.164922,
        "nauc_map_at_5_std": 0.102733,
        "nauc_map_at_5_diff1": 0.22773,
        "nauc_map_at_10_max": 0.164109,
        "nauc_map_at_10_std": 0.108574,
        "nauc_map_at_10_diff1": 0.222772,
        "nauc_map_at_20_max": 0.163799,
        "nauc_map_at_20_std": 0.111626,
        "nauc_map_at_20_diff1": 0.220077,
        "nauc_map_at_100_max": 0.164736,
        "nauc_map_at_100_std": 0.113666,
        "nauc_map_at_100_diff1": 0.219049,
        "nauc_map_at_1000_max": 0.164713,
        "nauc_map_at_1000_std": 0.113514,
        "nauc_map_at_1000_diff1": 0.219734,
        "nauc_recall_at_1_max": 0.168767,
        "nauc_recall_at_1_std": 0.090169,
        "nauc_recall_at_1_diff1": 0.314727,
        "nauc_recall_at_3_max": 0.16328,
        "nauc_recall_at_3_std": 0.111627,
        "nauc_recall_at_3_diff1": 0.187073,
        "nauc_recall_at_5_max": 0.156238,
        "nauc_recall_at_5_std": 0.120057,
        "nauc_recall_at_5_diff1": 0.151637,
        "nauc_recall_at_10_max": 0.152679,
        "nauc_recall_at_10_std": 0.145042,
        "nauc_recall_at_10_diff1": 0.1365,
        "nauc_recall_at_20_max": 0.153313,
        "nauc_recall_at_20_std": 0.169589,
        "nauc_recall_at_20_diff1": 0.12036,
        "nauc_recall_at_100_max": 0.176195,
        "nauc_recall_at_100_std": 0.230764,
        "nauc_recall_at_100_diff1": 0.08759,
        "nauc_recall_at_1000_max": 0.284805,
        "nauc_recall_at_1000_std": 0.337177,
        "nauc_recall_at_1000_diff1": -0.034561,
        "nauc_precision_at_1_max": 0.168767,
        "nauc_precision_at_1_std": 0.090169,
        "nauc_precision_at_1_diff1": 0.314727,
        "nauc_precision_at_3_max": 0.16328,
        "nauc_precision_at_3_std": 0.111627,
        "nauc_precision_at_3_diff1": 0.187073,
        "nauc_precision_at_5_max": 0.156238,
        "nauc_precision_at_5_std": 0.120057,
        "nauc_precision_at_5_diff1": 0.151637,
        "nauc_precision_at_10_max": 0.152679,
        "nauc_precision_at_10_std": 0.145042,
        "nauc_precision_at_10_diff1": 0.1365,
        "nauc_precision_at_20_max": 0.153313,
        "nauc_precision_at_20_std": 0.169589,
        "nauc_precision_at_20_diff1": 0.12036,
        "nauc_precision_at_100_max": 0.176195,
        "nauc_precision_at_100_std": 0.230764,
        "nauc_precision_at_100_diff1": 0.08759,
        "nauc_precision_at_1000_max": 0.284805,
        "nauc_precision_at_1000_std": 0.337177,
        "nauc_precision_at_1000_diff1": -0.034561,
        "nauc_mrr_at_1_max": 0.168767,
        "nauc_mrr_at_1_std": 0.090169,
        "nauc_mrr_at_1_diff1": 0.314727,
        "nauc_mrr_at_3_max": 0.167575,
        "nauc_mrr_at_3_std": 0.099554,
        "nauc_mrr_at_3_diff1": 0.242206,
        "nauc_mrr_at_5_max": 0.164922,
        "nauc_mrr_at_5_std": 0.102733,
        "nauc_mrr_at_5_diff1": 0.22773,
        "nauc_mrr_at_10_max": 0.164109,
        "nauc_mrr_at_10_std": 0.108574,
        "nauc_mrr_at_10_diff1": 0.222772,
        "nauc_mrr_at_20_max": 0.163799,
        "nauc_mrr_at_20_std": 0.111626,
        "nauc_mrr_at_20_diff1": 0.220077,
        "nauc_mrr_at_100_max": 0.164736,
        "nauc_mrr_at_100_std": 0.113666,
        "nauc_mrr_at_100_diff1": 0.219049,
        "nauc_mrr_at_1000_max": 0.164713,
        "nauc_mrr_at_1000_std": 0.113514,
        "nauc_mrr_at_1000_diff1": 0.219734,
        "main_score": 0.16533,
        "hf_subset": "default",
        "languages": [
          "tur-Latn"
        ]
      }
    ]
  },
  "evaluation_time": 137.66770386695862,
  "kg_co2_emissions": null
}