{
  "dataset_revision": "main",
  "task_name": "TQuadRetrieval",
  "mteb_version": "1.31.3",
  "scores": {
    "test": [
      {
        "ndcg_at_1": 0.2713,
        "ndcg_at_3": 0.36939,
        "ndcg_at_5": 0.39767,
        "ndcg_at_10": 0.43457,
        "ndcg_at_20": 0.46338,
        "ndcg_at_100": 0.50085,
        "ndcg_at_1000": 0.50943,
        "map_at_1": 0.2713,
        "map_at_3": 0.34417,
        "map_at_5": 0.35992,
        "map_at_10": 0.37532,
        "map_at_20": 0.38333,
        "map_at_100": 0.38861,
        "map_at_1000": 0.38904,
        "recall_at_1": 0.2713,
        "recall_at_3": 0.44283,
        "recall_at_5": 0.51121,
        "recall_at_10": 0.62444,
        "recall_at_20": 0.73767,
        "recall_at_100": 0.93834,
        "recall_at_1000": 1.0,
        "precision_at_1": 0.2713,
        "precision_at_3": 0.14761,
        "precision_at_5": 0.10224,
        "precision_at_10": 0.06244,
        "precision_at_20": 0.03688,
        "precision_at_100": 0.00938,
        "precision_at_1000": 0.001,
        "mrr_at_1": 0.2713,
        "mrr_at_3": 0.343797,
        "mrr_at_5": 0.359828,
        "mrr_at_10": 0.375228,
        "mrr_at_20": 0.383233,
        "mrr_at_100": 0.388517,
        "mrr_at_1000": 0.388952,
        "nauc_ndcg_at_1_max": 0.367302,
        "nauc_ndcg_at_1_std": 0.050324,
        "nauc_ndcg_at_1_diff1": 0.35299,
        "nauc_ndcg_at_3_max": 0.390651,
        "nauc_ndcg_at_3_std": 0.078773,
        "nauc_ndcg_at_3_diff1": 0.290705,
        "nauc_ndcg_at_5_max": 0.399853,
        "nauc_ndcg_at_5_std": 0.083784,
        "nauc_ndcg_at_5_diff1": 0.272077,
        "nauc_ndcg_at_10_max": 0.405465,
        "nauc_ndcg_at_10_std": 0.099069,
        "nauc_ndcg_at_10_diff1": 0.259304,
        "nauc_ndcg_at_20_max": 0.408506,
        "nauc_ndcg_at_20_std": 0.106668,
        "nauc_ndcg_at_20_diff1": 0.262921,
        "nauc_ndcg_at_100_max": 0.40416,
        "nauc_ndcg_at_100_std": 0.109338,
        "nauc_ndcg_at_100_diff1": 0.281758,
        "nauc_ndcg_at_1000_max": 0.399717,
        "nauc_ndcg_at_1000_std": 0.095907,
        "nauc_ndcg_at_1000_diff1": 0.284182,
        "nauc_map_at_1_max": 0.367302,
        "nauc_map_at_1_std": 0.050324,
        "nauc_map_at_1_diff1": 0.35299,
        "nauc_map_at_3_max": 0.385629,
        "nauc_map_at_3_std": 0.07144,
        "nauc_map_at_3_diff1": 0.304663,
        "nauc_map_at_5_max": 0.391002,
        "nauc_map_at_5_std": 0.07493,
        "nauc_map_at_5_diff1": 0.294269,
        "nauc_map_at_10_max": 0.393121,
        "nauc_map_at_10_std": 0.081739,
        "nauc_map_at_10_diff1": 0.289807,
        "nauc_map_at_20_max": 0.393839,
        "nauc_map_at_20_std": 0.08379,
        "nauc_map_at_20_diff1": 0.291228,
        "nauc_map_at_100_max": 0.39328,
        "nauc_map_at_100_std": 0.084399,
        "nauc_map_at_100_diff1": 0.294539,
        "nauc_map_at_1000_max": 0.393078,
        "nauc_map_at_1000_std": 0.083827,
        "nauc_map_at_1000_diff1": 0.294655,
        "nauc_recall_at_1_max": 0.367302,
        "nauc_recall_at_1_std": 0.050324,
        "nauc_recall_at_1_diff1": 0.35299,
        "nauc_recall_at_3_max": 0.404415,
        "nauc_recall_at_3_std": 0.099389,
        "nauc_recall_at_3_diff1": 0.252208,
        "nauc_recall_at_5_max": 0.425807,
        "nauc_recall_at_5_std": 0.109021,
        "nauc_recall_at_5_diff1": 0.206714,
        "nauc_recall_at_10_max": 0.448583,
        "nauc_recall_at_10_std": 0.159616,
        "nauc_recall_at_10_diff1": 0.152122,
        "nauc_recall_at_20_max": 0.476464,
        "nauc_recall_at_20_std": 0.214402,
        "nauc_recall_at_20_diff1": 0.138639,
        "nauc_recall_at_100_max": 0.544176,
        "nauc_recall_at_100_std": 0.537477,
        "nauc_recall_at_100_diff1": 0.203922,
        "nauc_recall_at_1000_max": NaN,
        "nauc_recall_at_1000_std": NaN,
        "nauc_recall_at_1000_diff1": NaN,
        "nauc_precision_at_1_max": 0.367302,
        "nauc_precision_at_1_std": 0.050324,
        "nauc_precision_at_1_diff1": 0.35299,
        "nauc_precision_at_3_max": 0.404415,
        "nauc_precision_at_3_std": 0.099389,
        "nauc_precision_at_3_diff1": 0.252208,
        "nauc_precision_at_5_max": 0.425807,
        "nauc_precision_at_5_std": 0.109021,
        "nauc_precision_at_5_diff1": 0.206714,
        "nauc_precision_at_10_max": 0.448583,
        "nauc_precision_at_10_std": 0.159616,
        "nauc_precision_at_10_diff1": 0.152122,
        "nauc_precision_at_20_max": 0.476464,
        "nauc_precision_at_20_std": 0.214402,
        "nauc_precision_at_20_diff1": 0.138639,
        "nauc_precision_at_100_max": 0.544176,
        "nauc_precision_at_100_std": 0.537477,
        "nauc_precision_at_100_diff1": 0.203922,
        "nauc_precision_at_1000_max": NaN,
        "nauc_precision_at_1000_std": NaN,
        "nauc_precision_at_1000_diff1": NaN,
        "nauc_mrr_at_1_max": 0.367302,
        "nauc_mrr_at_1_std": 0.050324,
        "nauc_mrr_at_1_diff1": 0.35299,
        "nauc_mrr_at_3_max": 0.386181,
        "nauc_mrr_at_3_std": 0.072377,
        "nauc_mrr_at_3_diff1": 0.304756,
        "nauc_mrr_at_5_max": 0.391141,
        "nauc_mrr_at_5_std": 0.075166,
        "nauc_mrr_at_5_diff1": 0.294292,
        "nauc_mrr_at_10_max": 0.393262,
        "nauc_mrr_at_10_std": 0.081979,
        "nauc_mrr_at_10_diff1": 0.289831,
        "nauc_mrr_at_20_max": 0.393982,
        "nauc_mrr_at_20_std": 0.084033,
        "nauc_mrr_at_20_diff1": 0.291253,
        "nauc_mrr_at_100_max": 0.393424,
        "nauc_mrr_at_100_std": 0.084645,
        "nauc_mrr_at_100_diff1": 0.294567,
        "nauc_mrr_at_1000_max": 0.393223,
        "nauc_mrr_at_1000_std": 0.084074,
        "nauc_mrr_at_1000_diff1": 0.294683,
        "main_score": 0.43457,
        "hf_subset": "default",
        "languages": [
          "tur-Latn"
        ]
      }
    ]
  },
  "evaluation_time": 22.49867582321167,
  "kg_co2_emissions": null
}