{
  "dataset_revision": "51adfef1c1287aab1d2d91b5bead9bcfb9c68583",
  "task_name": "XQuADRetrieval",
  "mteb_version": "1.31.3",
  "scores": {
    "validation": [
      {
        "ndcg_at_1": 0.22213,
        "ndcg_at_3": 0.30983,
        "ndcg_at_5": 0.33927,
        "ndcg_at_10": 0.37333,
        "ndcg_at_20": 0.40254,
        "ndcg_at_100": 0.44897,
        "ndcg_at_1000": 0.4607,
        "map_at_1": 0.22213,
        "map_at_3": 0.28871,
        "map_at_5": 0.30497,
        "map_at_10": 0.31897,
        "map_at_20": 0.32697,
        "map_at_100": 0.33323,
        "map_at_1000": 0.33384,
        "recall_at_1": 0.22213,
        "recall_at_3": 0.37078,
        "recall_at_5": 0.44257,
        "recall_at_10": 0.54814,
        "recall_at_20": 0.66385,
        "recall_at_100": 0.91639,
        "recall_at_1000": 1.0,
        "precision_at_1": 0.22213,
        "precision_at_3": 0.12359,
        "precision_at_5": 0.08851,
        "precision_at_10": 0.05481,
        "precision_at_20": 0.03319,
        "precision_at_100": 0.00916,
        "precision_at_1000": 0.001,
        "mrr_at_1": 0.222128,
        "mrr_at_3": 0.288711,
        "mrr_at_5": 0.304969,
        "mrr_at_10": 0.318975,
        "mrr_at_20": 0.326969,
        "mrr_at_100": 0.333233,
        "mrr_at_1000": 0.333843,
        "nauc_ndcg_at_1_max": 0.224297,
        "nauc_ndcg_at_1_std": 0.174476,
        "nauc_ndcg_at_1_diff1": 0.454747,
        "nauc_ndcg_at_3_max": 0.193535,
        "nauc_ndcg_at_3_std": 0.193688,
        "nauc_ndcg_at_3_diff1": 0.409823,
        "nauc_ndcg_at_5_max": 0.203013,
        "nauc_ndcg_at_5_std": 0.203823,
        "nauc_ndcg_at_5_diff1": 0.393722,
        "nauc_ndcg_at_10_max": 0.211286,
        "nauc_ndcg_at_10_std": 0.213764,
        "nauc_ndcg_at_10_diff1": 0.389795,
        "nauc_ndcg_at_20_max": 0.20719,
        "nauc_ndcg_at_20_std": 0.214257,
        "nauc_ndcg_at_20_diff1": 0.392977,
        "nauc_ndcg_at_100_max": 0.207389,
        "nauc_ndcg_at_100_std": 0.21649,
        "nauc_ndcg_at_100_diff1": 0.394387,
        "nauc_ndcg_at_1000_max": 0.206518,
        "nauc_ndcg_at_1000_std": 0.205641,
        "nauc_ndcg_at_1000_diff1": 0.399875,
        "nauc_map_at_1_max": 0.224297,
        "nauc_map_at_1_std": 0.174476,
        "nauc_map_at_1_diff1": 0.454747,
        "nauc_map_at_3_max": 0.199815,
        "nauc_map_at_3_std": 0.187854,
        "nauc_map_at_3_diff1": 0.418515,
        "nauc_map_at_5_max": 0.20489,
        "nauc_map_at_5_std": 0.193576,
        "nauc_map_at_5_diff1": 0.409386,
        "nauc_map_at_10_max": 0.208516,
        "nauc_map_at_10_std": 0.197347,
        "nauc_map_at_10_diff1": 0.407068,
        "nauc_map_at_20_max": 0.207429,
        "nauc_map_at_20_std": 0.197424,
        "nauc_map_at_20_diff1": 0.408039,
        "nauc_map_at_100_max": 0.207156,
        "nauc_map_at_100_std": 0.197466,
        "nauc_map_at_100_diff1": 0.408239,
        "nauc_map_at_1000_max": 0.207126,
        "nauc_map_at_1000_std": 0.196965,
        "nauc_map_at_1000_diff1": 0.408497,
        "nauc_recall_at_1_max": 0.224297,
        "nauc_recall_at_1_std": 0.174476,
        "nauc_recall_at_1_diff1": 0.454747,
        "nauc_recall_at_3_max": 0.177099,
        "nauc_recall_at_3_std": 0.209742,
        "nauc_recall_at_3_diff1": 0.387273,
        "nauc_recall_at_5_max": 0.199881,
        "nauc_recall_at_5_std": 0.233014,
        "nauc_recall_at_5_diff1": 0.350454,
        "nauc_recall_at_10_max": 0.223961,
        "nauc_recall_at_10_std": 0.266922,
        "nauc_recall_at_10_diff1": 0.339625,
        "nauc_recall_at_20_max": 0.207689,
        "nauc_recall_at_20_std": 0.278267,
        "nauc_recall_at_20_diff1": 0.344741,
        "nauc_recall_at_100_max": 0.228644,
        "nauc_recall_at_100_std": 0.465987,
        "nauc_recall_at_100_diff1": 0.267444,
        "nauc_recall_at_1000_max": NaN,
        "nauc_recall_at_1000_std": NaN,
        "nauc_recall_at_1000_diff1": NaN,
        "nauc_precision_at_1_max": 0.224297,
        "nauc_precision_at_1_std": 0.174476,
        "nauc_precision_at_1_diff1": 0.454747,
        "nauc_precision_at_3_max": 0.177099,
        "nauc_precision_at_3_std": 0.209742,
        "nauc_precision_at_3_diff1": 0.387273,
        "nauc_precision_at_5_max": 0.199881,
        "nauc_precision_at_5_std": 0.233014,
        "nauc_precision_at_5_diff1": 0.350454,
        "nauc_precision_at_10_max": 0.223961,
        "nauc_precision_at_10_std": 0.266922,
        "nauc_precision_at_10_diff1": 0.339625,
        "nauc_precision_at_20_max": 0.207689,
        "nauc_precision_at_20_std": 0.278267,
        "nauc_precision_at_20_diff1": 0.344741,
        "nauc_precision_at_100_max": 0.228644,
        "nauc_precision_at_100_std": 0.465987,
        "nauc_precision_at_100_diff1": 0.267444,
        "nauc_precision_at_1000_max": 1.0,
        "nauc_precision_at_1000_std": 1.0,
        "nauc_precision_at_1000_diff1": 1.0,
        "nauc_mrr_at_1_max": 0.224297,
        "nauc_mrr_at_1_std": 0.174476,
        "nauc_mrr_at_1_diff1": 0.454747,
        "nauc_mrr_at_3_max": 0.199815,
        "nauc_mrr_at_3_std": 0.187854,
        "nauc_mrr_at_3_diff1": 0.418515,
        "nauc_mrr_at_5_max": 0.20489,
        "nauc_mrr_at_5_std": 0.193576,
        "nauc_mrr_at_5_diff1": 0.409386,
        "nauc_mrr_at_10_max": 0.208516,
        "nauc_mrr_at_10_std": 0.197347,
        "nauc_mrr_at_10_diff1": 0.407068,
        "nauc_mrr_at_20_max": 0.207429,
        "nauc_mrr_at_20_std": 0.197424,
        "nauc_mrr_at_20_diff1": 0.408039,
        "nauc_mrr_at_100_max": 0.207156,
        "nauc_mrr_at_100_std": 0.197466,
        "nauc_mrr_at_100_diff1": 0.408239,
        "nauc_mrr_at_1000_max": 0.207126,
        "nauc_mrr_at_1000_std": 0.196965,
        "nauc_mrr_at_1000_diff1": 0.408497,
        "main_score": 0.37333,
        "hf_subset": "tr",
        "languages": [
          "tur-Latn"
        ]
      }
    ]
  },
  "evaluation_time": 23.8090660572052,
  "kg_co2_emissions": null
}