{
  "dataset_revision": "main",
  "task_name": "ArguAnaTR",
  "mteb_version": "1.31.3",
  "scores": {
    "test": [
      {
        "ndcg_at_1": 0.13656,
        "ndcg_at_3": 0.23717,
        "ndcg_at_5": 0.27555,
        "ndcg_at_10": 0.32873,
        "ndcg_at_20": 0.36613,
        "ndcg_at_100": 0.399,
        "ndcg_at_1000": 0.41092,
        "map_at_1": 0.13656,
        "map_at_3": 0.21159,
        "map_at_5": 0.23272,
        "map_at_10": 0.25457,
        "map_at_20": 0.26492,
        "map_at_100": 0.26969,
        "map_at_1000": 0.27014,
        "recall_at_1": 0.13656,
        "recall_at_3": 0.31152,
        "recall_at_5": 0.40541,
        "recall_at_10": 0.57041,
        "recall_at_20": 0.71764,
        "recall_at_100": 0.89118,
        "recall_at_1000": 0.98435,
        "precision_at_1": 0.13656,
        "precision_at_3": 0.10384,
        "precision_at_5": 0.08108,
        "precision_at_10": 0.05704,
        "precision_at_20": 0.03588,
        "precision_at_100": 0.00891,
        "precision_at_1000": 0.00098,
        "mrr_at_1": 0.136558,
        "mrr_at_3": 0.211356,
        "mrr_at_5": 0.232658,
        "mrr_at_10": 0.254698,
        "mrr_at_20": 0.265109,
        "mrr_at_100": 0.269881,
        "mrr_at_1000": 0.270334,
        "nauc_ndcg_at_1_max": 0.008094,
        "nauc_ndcg_at_1_std": -0.032268,
        "nauc_ndcg_at_1_diff1": 0.127167,
        "nauc_ndcg_at_3_max": 0.011592,
        "nauc_ndcg_at_3_std": -0.038484,
        "nauc_ndcg_at_3_diff1": 0.074733,
        "nauc_ndcg_at_5_max": 0.036395,
        "nauc_ndcg_at_5_std": -0.033315,
        "nauc_ndcg_at_5_diff1": 0.091401,
        "nauc_ndcg_at_10_max": 0.07061,
        "nauc_ndcg_at_10_std": -0.010024,
        "nauc_ndcg_at_10_diff1": 0.097667,
        "nauc_ndcg_at_20_max": 0.08098,
        "nauc_ndcg_at_20_std": 0.005142,
        "nauc_ndcg_at_20_diff1": 0.093122,
        "nauc_ndcg_at_100_max": 0.083795,
        "nauc_ndcg_at_100_std": 0.017058,
        "nauc_ndcg_at_100_diff1": 0.099944,
        "nauc_ndcg_at_1000_max": 0.064623,
        "nauc_ndcg_at_1000_std": 0.002215,
        "nauc_ndcg_at_1000_diff1": 0.095633,
        "nauc_map_at_1_max": 0.008094,
        "nauc_map_at_1_std": -0.032268,
        "nauc_map_at_1_diff1": 0.127167,
        "nauc_map_at_3_max": 0.009693,
        "nauc_map_at_3_std": -0.036029,
        "nauc_map_at_3_diff1": 0.081525,
        "nauc_map_at_5_max": 0.024339,
        "nauc_map_at_5_std": -0.032823,
        "nauc_map_at_5_diff1": 0.090747,
        "nauc_map_at_10_max": 0.039374,
        "nauc_map_at_10_std": -0.022315,
        "nauc_map_at_10_diff1": 0.093616,
        "nauc_map_at_20_max": 0.041374,
        "nauc_map_at_20_std": -0.018788,
        "nauc_map_at_20_diff1": 0.092184,
        "nauc_map_at_100_max": 0.041383,
        "nauc_map_at_100_std": -0.017426,
        "nauc_map_at_100_diff1": 0.092933,
        "nauc_map_at_1000_max": 0.040711,
        "nauc_map_at_1000_std": -0.01783,
        "nauc_map_at_1000_diff1": 0.092789,
        "nauc_recall_at_1_max": 0.008094,
        "nauc_recall_at_1_std": -0.032268,
        "nauc_recall_at_1_diff1": 0.127167,
        "nauc_recall_at_3_max": 0.016343,
        "nauc_recall_at_3_std": -0.044521,
        "nauc_recall_at_3_diff1": 0.060214,
        "nauc_recall_at_5_max": 0.066665,
        "nauc_recall_at_5_std": -0.034349,
        "nauc_recall_at_5_diff1": 0.096415,
        "nauc_recall_at_10_max": 0.16234,
        "nauc_recall_at_10_std": 0.027675,
        "nauc_recall_at_10_diff1": 0.113553,
        "nauc_recall_at_20_max": 0.238192,
        "nauc_recall_at_20_std": 0.108348,
        "nauc_recall_at_20_diff1": 0.099907,
        "nauc_recall_at_100_max": 0.466861,
        "nauc_recall_at_100_std": 0.377371,
        "nauc_recall_at_100_diff1": 0.194144,
        "nauc_recall_at_1000_max": 0.472392,
        "nauc_recall_at_1000_std": 0.646375,
        "nauc_recall_at_1000_diff1": 0.240766,
        "nauc_precision_at_1_max": 0.008094,
        "nauc_precision_at_1_std": -0.032268,
        "nauc_precision_at_1_diff1": 0.127167,
        "nauc_precision_at_3_max": 0.016343,
        "nauc_precision_at_3_std": -0.044521,
        "nauc_precision_at_3_diff1": 0.060214,
        "nauc_precision_at_5_max": 0.066665,
        "nauc_precision_at_5_std": -0.034349,
        "nauc_precision_at_5_diff1": 0.096415,
        "nauc_precision_at_10_max": 0.16234,
        "nauc_precision_at_10_std": 0.027675,
        "nauc_precision_at_10_diff1": 0.113553,
        "nauc_precision_at_20_max": 0.238192,
        "nauc_precision_at_20_std": 0.108348,
        "nauc_precision_at_20_diff1": 0.099907,
        "nauc_precision_at_100_max": 0.466861,
        "nauc_precision_at_100_std": 0.377371,
        "nauc_precision_at_100_diff1": 0.194144,
        "nauc_precision_at_1000_max": 0.472392,
        "nauc_precision_at_1000_std": 0.646375,
        "nauc_precision_at_1000_diff1": 0.240766,
        "nauc_mrr_at_1_max": 0.008094,
        "nauc_mrr_at_1_std": -0.032268,
        "nauc_mrr_at_1_diff1": 0.127167,
        "nauc_mrr_at_3_max": 0.007016,
        "nauc_mrr_at_3_std": -0.036566,
        "nauc_mrr_at_3_diff1": 0.078709,
        "nauc_mrr_at_5_max": 0.021574,
        "nauc_mrr_at_5_std": -0.032361,
        "nauc_mrr_at_5_diff1": 0.087263,
        "nauc_mrr_at_10_max": 0.037792,
        "nauc_mrr_at_10_std": -0.022339,
        "nauc_mrr_at_10_diff1": 0.091754,
        "nauc_mrr_at_20_max": 0.040094,
        "nauc_mrr_at_20_std": -0.018782,
        "nauc_mrr_at_20_diff1": 0.090645,
        "nauc_mrr_at_100_max": 0.040083,
        "nauc_mrr_at_100_std": -0.01742,
        "nauc_mrr_at_100_diff1": 0.091371,
        "nauc_mrr_at_1000_max": 0.039408,
        "nauc_mrr_at_1000_std": -0.017824,
        "nauc_mrr_at_1000_diff1": 0.091224,
        "main_score": 0.32873,
        "hf_subset": "default",
        "languages": [
          "tur-Latn"
        ]
      }
    ]
  },
  "evaluation_time": 460.28190302848816,
  "kg_co2_emissions": null
}