{
  "dataset_revision": "main",
  "task_name": "CQADupstackGamingRetrievalTR",
  "mteb_version": "1.31.3",
  "scores": {
    "test": [
      {
        "ndcg_at_1": 0.29217,
        "ndcg_at_3": 0.3688,
        "ndcg_at_5": 0.39149,
        "ndcg_at_10": 0.41144,
        "ndcg_at_20": 0.42659,
        "ndcg_at_100": 0.45509,
        "ndcg_at_1000": 0.47939,
        "map_at_1": 0.29217,
        "map_at_3": 0.35065,
        "map_at_5": 0.36334,
        "map_at_10": 0.37175,
        "map_at_20": 0.37589,
        "map_at_100": 0.37982,
        "map_at_1000": 0.38063,
        "recall_at_1": 0.29217,
        "recall_at_3": 0.42105,
        "recall_at_5": 0.47571,
        "recall_at_10": 0.53644,
        "recall_at_20": 0.59649,
        "recall_at_100": 0.75034,
        "recall_at_1000": 0.94737,
        "precision_at_1": 0.29217,
        "precision_at_3": 0.14035,
        "precision_at_5": 0.09514,
        "precision_at_10": 0.05364,
        "precision_at_20": 0.02982,
        "precision_at_100": 0.0075,
        "precision_at_1000": 0.00095,
        "mrr_at_1": 0.292173,
        "mrr_at_3": 0.350652,
        "mrr_at_5": 0.363338,
        "mrr_at_10": 0.371749,
        "mrr_at_20": 0.375889,
        "mrr_at_100": 0.37982,
        "mrr_at_1000": 0.380632,
        "nauc_ndcg_at_1_max": 0.310934,
        "nauc_ndcg_at_1_std": -0.135159,
        "nauc_ndcg_at_1_diff1": 0.595316,
        "nauc_ndcg_at_3_max": 0.314455,
        "nauc_ndcg_at_3_std": -0.108958,
        "nauc_ndcg_at_3_diff1": 0.522164,
        "nauc_ndcg_at_5_max": 0.305728,
        "nauc_ndcg_at_5_std": -0.117011,
        "nauc_ndcg_at_5_diff1": 0.510372,
        "nauc_ndcg_at_10_max": 0.306299,
        "nauc_ndcg_at_10_std": -0.110857,
        "nauc_ndcg_at_10_diff1": 0.504575,
        "nauc_ndcg_at_20_max": 0.306801,
        "nauc_ndcg_at_20_std": -0.102704,
        "nauc_ndcg_at_20_diff1": 0.503645,
        "nauc_ndcg_at_100_max": 0.312169,
        "nauc_ndcg_at_100_std": -0.086499,
        "nauc_ndcg_at_100_diff1": 0.500526,
        "nauc_ndcg_at_1000_max": 0.313387,
        "nauc_ndcg_at_1000_std": -0.093029,
        "nauc_ndcg_at_1000_diff1": 0.508965,
        "nauc_map_at_1_max": 0.310934,
        "nauc_map_at_1_std": -0.135159,
        "nauc_map_at_1_diff1": 0.595316,
        "nauc_map_at_3_max": 0.313184,
        "nauc_map_at_3_std": -0.115577,
        "nauc_map_at_3_diff1": 0.538941,
        "nauc_map_at_5_max": 0.307983,
        "nauc_map_at_5_std": -0.12029,
        "nauc_map_at_5_diff1": 0.532311,
        "nauc_map_at_10_max": 0.308226,
        "nauc_map_at_10_std": -0.117647,
        "nauc_map_at_10_diff1": 0.530041,
        "nauc_map_at_20_max": 0.308375,
        "nauc_map_at_20_std": -0.115362,
        "nauc_map_at_20_diff1": 0.530137,
        "nauc_map_at_100_max": 0.309011,
        "nauc_map_at_100_std": -0.113489,
        "nauc_map_at_100_diff1": 0.529824,
        "nauc_map_at_1000_max": 0.309066,
        "nauc_map_at_1000_std": -0.113657,
        "nauc_map_at_1000_diff1": 0.530113,
        "nauc_recall_at_1_max": 0.310934,
        "nauc_recall_at_1_std": -0.135159,
        "nauc_recall_at_1_diff1": 0.595316,
        "nauc_recall_at_3_max": 0.318205,
        "nauc_recall_at_3_std": -0.090173,
        "nauc_recall_at_3_diff1": 0.475187,
        "nauc_recall_at_5_max": 0.298647,
        "nauc_recall_at_5_std": -0.108384,
        "nauc_recall_at_5_diff1": 0.44648,
        "nauc_recall_at_10_max": 0.300148,
        "nauc_recall_at_10_std": -0.089215,
        "nauc_recall_at_10_diff1": 0.425229,
        "nauc_recall_at_20_max": 0.3018,
        "nauc_recall_at_20_std": -0.054029,
        "nauc_recall_at_20_diff1": 0.413988,
        "nauc_recall_at_100_max": 0.344123,
        "nauc_recall_at_100_std": 0.098108,
        "nauc_recall_at_100_diff1": 0.354164,
        "nauc_recall_at_1000_max": 0.498316,
        "nauc_recall_at_1000_std": 0.36317,
        "nauc_recall_at_1000_diff1": 0.284191,
        "nauc_precision_at_1_max": 0.310934,
        "nauc_precision_at_1_std": -0.135159,
        "nauc_precision_at_1_diff1": 0.595316,
        "nauc_precision_at_3_max": 0.318205,
        "nauc_precision_at_3_std": -0.090173,
        "nauc_precision_at_3_diff1": 0.475187,
        "nauc_precision_at_5_max": 0.298647,
        "nauc_precision_at_5_std": -0.108384,
        "nauc_precision_at_5_diff1": 0.44648,
        "nauc_precision_at_10_max": 0.300148,
        "nauc_precision_at_10_std": -0.089215,
        "nauc_precision_at_10_diff1": 0.425229,
        "nauc_precision_at_20_max": 0.3018,
        "nauc_precision_at_20_std": -0.054029,
        "nauc_precision_at_20_diff1": 0.413988,
        "nauc_precision_at_100_max": 0.344123,
        "nauc_precision_at_100_std": 0.098108,
        "nauc_precision_at_100_diff1": 0.354164,
        "nauc_precision_at_1000_max": 0.498316,
        "nauc_precision_at_1000_std": 0.36317,
        "nauc_precision_at_1000_diff1": 0.284191,
        "nauc_mrr_at_1_max": 0.310934,
        "nauc_mrr_at_1_std": -0.135159,
        "nauc_mrr_at_1_diff1": 0.595316,
        "nauc_mrr_at_3_max": 0.313184,
        "nauc_mrr_at_3_std": -0.115577,
        "nauc_mrr_at_3_diff1": 0.538941,
        "nauc_mrr_at_5_max": 0.307983,
        "nauc_mrr_at_5_std": -0.12029,
        "nauc_mrr_at_5_diff1": 0.532311,
        "nauc_mrr_at_10_max": 0.308226,
        "nauc_mrr_at_10_std": -0.117647,
        "nauc_mrr_at_10_diff1": 0.530041,
        "nauc_mrr_at_20_max": 0.308375,
        "nauc_mrr_at_20_std": -0.115362,
        "nauc_mrr_at_20_diff1": 0.530137,
        "nauc_mrr_at_100_max": 0.309011,
        "nauc_mrr_at_100_std": -0.113489,
        "nauc_mrr_at_100_diff1": 0.529824,
        "nauc_mrr_at_1000_max": 0.309066,
        "nauc_mrr_at_1000_std": -0.113657,
        "nauc_mrr_at_1000_diff1": 0.530113,
        "main_score": 0.41144,
        "hf_subset": "default",
        "languages": [
          "tur-Latn"
        ]
      }
    ]
  },
  "evaluation_time": 97.38499999046326,
  "kg_co2_emissions": null
}