{
  "dataset_revision": "main",
  "task_name": "FiQA2018TR",
  "mteb_version": "1.31.3",
  "scores": {
    "test": [
      {
        "ndcg_at_1": 0.16512,
        "ndcg_at_3": 0.24118,
        "ndcg_at_5": 0.26435,
        "ndcg_at_10": 0.29944,
        "ndcg_at_20": 0.31853,
        "ndcg_at_100": 0.35249,
        "ndcg_at_1000": 0.38238,
        "map_at_1": 0.16512,
        "map_at_3": 0.22171,
        "map_at_5": 0.23436,
        "map_at_10": 0.24866,
        "map_at_20": 0.25388,
        "map_at_100": 0.25846,
        "map_at_1000": 0.25949,
        "recall_at_1": 0.16512,
        "recall_at_3": 0.29784,
        "recall_at_5": 0.35494,
        "recall_at_10": 0.46451,
        "recall_at_20": 0.54012,
        "recall_at_100": 0.72531,
        "recall_at_1000": 0.96605,
        "precision_at_1": 0.16512,
        "precision_at_3": 0.09928,
        "precision_at_5": 0.07099,
        "precision_at_10": 0.04645,
        "precision_at_20": 0.02701,
        "precision_at_100": 0.00725,
        "precision_at_1000": 0.00097,
        "mrr_at_1": 0.165123,
        "mrr_at_3": 0.221708,
        "mrr_at_5": 0.234362,
        "mrr_at_10": 0.248655,
        "mrr_at_20": 0.253881,
        "mrr_at_100": 0.258455,
        "mrr_at_1000": 0.259489,
        "nauc_ndcg_at_1_max": 0.15415,
        "nauc_ndcg_at_1_std": -0.105492,
        "nauc_ndcg_at_1_diff1": 0.368819,
        "nauc_ndcg_at_3_max": 0.177965,
        "nauc_ndcg_at_3_std": -0.088779,
        "nauc_ndcg_at_3_diff1": 0.331737,
        "nauc_ndcg_at_5_max": 0.164226,
        "nauc_ndcg_at_5_std": -0.096029,
        "nauc_ndcg_at_5_diff1": 0.327437,
        "nauc_ndcg_at_10_max": 0.190754,
        "nauc_ndcg_at_10_std": -0.084913,
        "nauc_ndcg_at_10_diff1": 0.31042,
        "nauc_ndcg_at_20_max": 0.192884,
        "nauc_ndcg_at_20_std": -0.08827,
        "nauc_ndcg_at_20_diff1": 0.305041,
        "nauc_ndcg_at_100_max": 0.196998,
        "nauc_ndcg_at_100_std": -0.069259,
        "nauc_ndcg_at_100_diff1": 0.303658,
        "nauc_ndcg_at_1000_max": 0.190626,
        "nauc_ndcg_at_1000_std": -0.074961,
        "nauc_ndcg_at_1000_diff1": 0.313279,
        "nauc_map_at_1_max": 0.15415,
        "nauc_map_at_1_std": -0.105492,
        "nauc_map_at_1_diff1": 0.368819,
        "nauc_map_at_3_max": 0.171139,
        "nauc_map_at_3_std": -0.09319,
        "nauc_map_at_3_diff1": 0.337706,
        "nauc_map_at_5_max": 0.163115,
        "nauc_map_at_5_std": -0.097477,
        "nauc_map_at_5_diff1": 0.335794,
        "nauc_map_at_10_max": 0.173721,
        "nauc_map_at_10_std": -0.093485,
        "nauc_map_at_10_diff1": 0.327884,
        "nauc_map_at_20_max": 0.174158,
        "nauc_map_at_20_std": -0.094624,
        "nauc_map_at_20_diff1": 0.326663,
        "nauc_map_at_100_max": 0.175033,
        "nauc_map_at_100_std": -0.092437,
        "nauc_map_at_100_diff1": 0.326583,
        "nauc_map_at_1000_max": 0.175069,
        "nauc_map_at_1000_std": -0.092192,
        "nauc_map_at_1000_diff1": 0.32687,
        "nauc_recall_at_1_max": 0.15415,
        "nauc_recall_at_1_std": -0.105492,
        "nauc_recall_at_1_diff1": 0.368819,
        "nauc_recall_at_3_max": 0.195281,
        "nauc_recall_at_3_std": -0.077684,
        "nauc_recall_at_3_diff1": 0.317764,
        "nauc_recall_at_5_max": 0.165887,
        "nauc_recall_at_5_std": -0.093051,
        "nauc_recall_at_5_diff1": 0.306862,
        "nauc_recall_at_10_max": 0.241528,
        "nauc_recall_at_10_std": -0.059378,
        "nauc_recall_at_10_diff1": 0.263177,
        "nauc_recall_at_20_max": 0.25249,
        "nauc_recall_at_20_std": -0.069208,
        "nauc_recall_at_20_diff1": 0.239721,
        "nauc_recall_at_100_max": 0.293827,
        "nauc_recall_at_100_std": 0.066055,
        "nauc_recall_at_100_diff1": 0.206754,
        "nauc_recall_at_1000_max": 0.336035,
        "nauc_recall_at_1000_std": 0.297886,
        "nauc_recall_at_1000_diff1": 0.234426,
        "nauc_precision_at_1_max": 0.15415,
        "nauc_precision_at_1_std": -0.105492,
        "nauc_precision_at_1_diff1": 0.368819,
        "nauc_precision_at_3_max": 0.195281,
        "nauc_precision_at_3_std": -0.077684,
        "nauc_precision_at_3_diff1": 0.317764,
        "nauc_precision_at_5_max": 0.165887,
        "nauc_precision_at_5_std": -0.093051,
        "nauc_precision_at_5_diff1": 0.306862,
        "nauc_precision_at_10_max": 0.241528,
        "nauc_precision_at_10_std": -0.059378,
        "nauc_precision_at_10_diff1": 0.263177,
        "nauc_precision_at_20_max": 0.25249,
        "nauc_precision_at_20_std": -0.069208,
        "nauc_precision_at_20_diff1": 0.239721,
        "nauc_precision_at_100_max": 0.293827,
        "nauc_precision_at_100_std": 0.066055,
        "nauc_precision_at_100_diff1": 0.206754,
        "nauc_precision_at_1000_max": 0.336035,
        "nauc_precision_at_1000_std": 0.297886,
        "nauc_precision_at_1000_diff1": 0.234426,
        "nauc_mrr_at_1_max": 0.15415,
        "nauc_mrr_at_1_std": -0.105492,
        "nauc_mrr_at_1_diff1": 0.368819,
        "nauc_mrr_at_3_max": 0.171139,
        "nauc_mrr_at_3_std": -0.09319,
        "nauc_mrr_at_3_diff1": 0.337706,
        "nauc_mrr_at_5_max": 0.163115,
        "nauc_mrr_at_5_std": -0.097477,
        "nauc_mrr_at_5_diff1": 0.335794,
        "nauc_mrr_at_10_max": 0.173721,
        "nauc_mrr_at_10_std": -0.093485,
        "nauc_mrr_at_10_diff1": 0.327884,
        "nauc_mrr_at_20_max": 0.174158,
        "nauc_mrr_at_20_std": -0.094624,
        "nauc_mrr_at_20_diff1": 0.326663,
        "nauc_mrr_at_100_max": 0.175033,
        "nauc_mrr_at_100_std": -0.092437,
        "nauc_mrr_at_100_diff1": 0.326583,
        "nauc_mrr_at_1000_max": 0.175069,
        "nauc_mrr_at_1000_std": -0.092192,
        "nauc_mrr_at_1000_diff1": 0.32687,
        "main_score": 0.29944,
        "hf_subset": "default",
        "languages": [
          "tur-Latn"
        ]
      }
    ]
  },
  "evaluation_time": 80.76310801506042,
  "kg_co2_emissions": null
}