{
  "dataset_revision": "main",
  "task_name": "MSMarcoTRRetrieval",
  "mteb_version": "1.31.3",
  "scores": {
    "test": [
      {
        "ndcg_at_1": 0.43814,
        "ndcg_at_3": 0.47421,
        "ndcg_at_5": 0.48528,
        "ndcg_at_10": 0.49096,
        "ndcg_at_20": 0.49461,
        "ndcg_at_100": 0.50026,
        "ndcg_at_1000": 0.50181,
        "map_at_1": 0.43814,
        "map_at_3": 0.46553,
        "map_at_5": 0.47166,
        "map_at_10": 0.47409,
        "map_at_20": 0.47513,
        "map_at_100": 0.47592,
        "map_at_1000": 0.47597,
        "recall_at_1": 0.43814,
        "recall_at_3": 0.49927,
        "recall_at_5": 0.52616,
        "recall_at_10": 0.54328,
        "recall_at_20": 0.55746,
        "recall_at_100": 0.58778,
        "recall_at_1000": 0.6,
        "precision_at_1": 0.43814,
        "precision_at_3": 0.16642,
        "precision_at_5": 0.10523,
        "precision_at_10": 0.05433,
        "precision_at_20": 0.02787,
        "precision_at_100": 0.00588,
        "precision_at_1000": 0.0006,
        "mrr_at_1": 0.438142,
        "mrr_at_3": 0.465526,
        "mrr_at_5": 0.471663,
        "mrr_at_10": 0.474088,
        "mrr_at_20": 0.475129,
        "mrr_at_100": 0.475915,
        "mrr_at_1000": 0.475971,
        "nauc_ndcg_at_1_max": 0.705032,
        "nauc_ndcg_at_1_std": -0.013406,
        "nauc_ndcg_at_1_diff1": 0.782299,
        "nauc_ndcg_at_3_max": 0.709924,
        "nauc_ndcg_at_3_std": 0.01598,
        "nauc_ndcg_at_3_diff1": 0.738869,
        "nauc_ndcg_at_5_max": 0.708414,
        "nauc_ndcg_at_5_std": 0.021127,
        "nauc_ndcg_at_5_diff1": 0.727492,
        "nauc_ndcg_at_10_max": 0.70559,
        "nauc_ndcg_at_10_std": 0.019947,
        "nauc_ndcg_at_10_diff1": 0.722825,
        "nauc_ndcg_at_20_max": 0.701838,
        "nauc_ndcg_at_20_std": 0.020904,
        "nauc_ndcg_at_20_diff1": 0.719403,
        "nauc_ndcg_at_100_max": 0.697012,
        "nauc_ndcg_at_100_std": 0.028829,
        "nauc_ndcg_at_100_diff1": 0.713816,
        "nauc_ndcg_at_1000_max": 0.695079,
        "nauc_ndcg_at_1000_std": 0.028594,
        "nauc_ndcg_at_1000_diff1": 0.712255,
        "nauc_map_at_1_max": 0.705032,
        "nauc_map_at_1_std": -0.013406,
        "nauc_map_at_1_diff1": 0.782299,
        "nauc_map_at_3_max": 0.708865,
        "nauc_map_at_3_std": 0.008897,
        "nauc_map_at_3_diff1": 0.749368,
        "nauc_map_at_5_max": 0.708083,
        "nauc_map_at_5_std": 0.011719,
        "nauc_map_at_5_diff1": 0.743152,
        "nauc_map_at_10_max": 0.7069,
        "nauc_map_at_10_std": 0.011095,
        "nauc_map_at_10_diff1": 0.741298,
        "nauc_map_at_20_max": 0.705838,
        "nauc_map_at_20_std": 0.011408,
        "nauc_map_at_20_diff1": 0.740325,
        "nauc_map_at_100_max": 0.705167,
        "nauc_map_at_100_std": 0.012496,
        "nauc_map_at_100_diff1": 0.73955,
        "nauc_map_at_1000_max": 0.705099,
        "nauc_map_at_1000_std": 0.012495,
        "nauc_map_at_1000_diff1": 0.739492,
        "nauc_recall_at_1_max": 0.705032,
        "nauc_recall_at_1_std": -0.013406,
        "nauc_recall_at_1_diff1": 0.782299,
        "nauc_recall_at_3_max": 0.712958,
        "nauc_recall_at_3_std": 0.036631,
        "nauc_recall_at_3_diff1": 0.708244,
        "nauc_recall_at_5_max": 0.709049,
        "nauc_recall_at_5_std": 0.049878,
        "nauc_recall_at_5_diff1": 0.679154,
        "nauc_recall_at_10_max": 0.70019,
        "nauc_recall_at_10_std": 0.047301,
        "nauc_recall_at_10_diff1": 0.663226,
        "nauc_recall_at_20_max": 0.6849,
        "nauc_recall_at_20_std": 0.051186,
        "nauc_recall_at_20_diff1": 0.648625,
        "nauc_recall_at_100_max": 0.656554,
        "nauc_recall_at_100_std": 0.097835,
        "nauc_recall_at_100_diff1": 0.614353,
        "nauc_recall_at_1000_max": 0.639369,
        "nauc_recall_at_1000_std": 0.096325,
        "nauc_recall_at_1000_diff1": 0.599763,
        "nauc_precision_at_1_max": 0.705032,
        "nauc_precision_at_1_std": -0.013406,
        "nauc_precision_at_1_diff1": 0.782299,
        "nauc_precision_at_3_max": 0.712958,
        "nauc_precision_at_3_std": 0.036631,
        "nauc_precision_at_3_diff1": 0.708244,
        "nauc_precision_at_5_max": 0.709049,
        "nauc_precision_at_5_std": 0.049878,
        "nauc_precision_at_5_diff1": 0.679154,
        "nauc_precision_at_10_max": 0.70019,
        "nauc_precision_at_10_std": 0.047301,
        "nauc_precision_at_10_diff1": 0.663226,
        "nauc_precision_at_20_max": 0.6849,
        "nauc_precision_at_20_std": 0.051186,
        "nauc_precision_at_20_diff1": 0.648625,
        "nauc_precision_at_100_max": 0.656554,
        "nauc_precision_at_100_std": 0.097835,
        "nauc_precision_at_100_diff1": 0.614353,
        "nauc_precision_at_1000_max": 0.639369,
        "nauc_precision_at_1000_std": 0.096325,
        "nauc_precision_at_1000_diff1": 0.599763,
        "nauc_mrr_at_1_max": 0.705032,
        "nauc_mrr_at_1_std": -0.013406,
        "nauc_mrr_at_1_diff1": 0.782299,
        "nauc_mrr_at_3_max": 0.708865,
        "nauc_mrr_at_3_std": 0.008897,
        "nauc_mrr_at_3_diff1": 0.749368,
        "nauc_mrr_at_5_max": 0.708083,
        "nauc_mrr_at_5_std": 0.011719,
        "nauc_mrr_at_5_diff1": 0.743152,
        "nauc_mrr_at_10_max": 0.7069,
        "nauc_mrr_at_10_std": 0.011095,
        "nauc_mrr_at_10_diff1": 0.741298,
        "nauc_mrr_at_20_max": 0.705838,
        "nauc_mrr_at_20_std": 0.011408,
        "nauc_mrr_at_20_diff1": 0.740325,
        "nauc_mrr_at_100_max": 0.705167,
        "nauc_mrr_at_100_std": 0.012496,
        "nauc_mrr_at_100_diff1": 0.73955,
        "nauc_mrr_at_1000_max": 0.705099,
        "nauc_mrr_at_1000_std": 0.012495,
        "nauc_mrr_at_1000_diff1": 0.739492,
        "main_score": 0.49096,
        "hf_subset": "default",
        "languages": [
          "tur-Latn"
        ]
      }
    ]
  },
  "evaluation_time": 42.39219093322754,
  "kg_co2_emissions": null
}