{
  "dataset_revision": "main",
  "task_name": "NFCorpusTR",
  "mteb_version": "1.31.3",
  "scores": {
    "test": [
      {
        "ndcg_at_1": 0.03937,
        "ndcg_at_3": 0.05273,
        "ndcg_at_5": 0.05764,
        "ndcg_at_10": 0.07278,
        "ndcg_at_20": 0.08339,
        "ndcg_at_100": 0.1101,
        "ndcg_at_1000": 0.17547,
        "map_at_1": 0.03937,
        "map_at_3": 0.04921,
        "map_at_5": 0.05197,
        "map_at_10": 0.05813,
        "map_at_20": 0.06087,
        "map_at_100": 0.06442,
        "map_at_1000": 0.06602,
        "recall_at_1": 0.03937,
        "recall_at_3": 0.06299,
        "recall_at_5": 0.0748,
        "recall_at_10": 0.12205,
        "recall_at_20": 0.16535,
        "recall_at_100": 0.31102,
        "recall_at_1000": 0.87795,
        "precision_at_1": 0.03937,
        "precision_at_3": 0.021,
        "precision_at_5": 0.01496,
        "precision_at_10": 0.0122,
        "precision_at_20": 0.00827,
        "precision_at_100": 0.00311,
        "precision_at_1000": 0.00088,
        "mrr_at_1": 0.03937,
        "mrr_at_3": 0.049213,
        "mrr_at_5": 0.051969,
        "mrr_at_10": 0.058133,
        "mrr_at_20": 0.060871,
        "mrr_at_100": 0.064416,
        "mrr_at_1000": 0.066019,
        "nauc_ndcg_at_1_max": 0.087139,
        "nauc_ndcg_at_1_std": 0.023337,
        "nauc_ndcg_at_1_diff1": 0.704094,
        "nauc_ndcg_at_3_max": 0.192952,
        "nauc_ndcg_at_3_std": 0.100011,
        "nauc_ndcg_at_3_diff1": 0.521737,
        "nauc_ndcg_at_5_max": 0.223006,
        "nauc_ndcg_at_5_std": 0.121227,
        "nauc_ndcg_at_5_diff1": 0.494795,
        "nauc_ndcg_at_10_max": 0.220835,
        "nauc_ndcg_at_10_std": 0.11125,
        "nauc_ndcg_at_10_diff1": 0.404225,
        "nauc_ndcg_at_20_max": 0.2039,
        "nauc_ndcg_at_20_std": 0.107816,
        "nauc_ndcg_at_20_diff1": 0.365858,
        "nauc_ndcg_at_100_max": 0.220991,
        "nauc_ndcg_at_100_std": 0.170183,
        "nauc_ndcg_at_100_diff1": 0.31044,
        "nauc_ndcg_at_1000_max": 0.220586,
        "nauc_ndcg_at_1000_std": 0.155546,
        "nauc_ndcg_at_1000_diff1": 0.340563,
        "nauc_map_at_1_max": 0.087139,
        "nauc_map_at_1_std": 0.023337,
        "nauc_map_at_1_diff1": 0.704094,
        "nauc_map_at_3_max": 0.172459,
        "nauc_map_at_3_std": 0.083328,
        "nauc_map_at_3_diff1": 0.557834,
        "nauc_map_at_5_max": 0.191395,
        "nauc_map_at_5_std": 0.096835,
        "nauc_map_at_5_diff1": 0.53832,
        "nauc_map_at_10_max": 0.193491,
        "nauc_map_at_10_std": 0.093419,
        "nauc_map_at_10_diff1": 0.490531,
        "nauc_map_at_20_max": 0.189448,
        "nauc_map_at_20_std": 0.093226,
        "nauc_map_at_20_diff1": 0.474226,
        "nauc_map_at_100_max": 0.193508,
        "nauc_map_at_100_std": 0.105653,
        "nauc_map_at_100_diff1": 0.46016,
        "nauc_map_at_1000_max": 0.193791,
        "nauc_map_at_1000_std": 0.105476,
        "nauc_map_at_1000_diff1": 0.460559,
        "nauc_recall_at_1_max": 0.087139,
        "nauc_recall_at_1_std": 0.023337,
        "nauc_recall_at_1_diff1": 0.704094,
        "nauc_recall_at_3_max": 0.239179,
        "nauc_recall_at_3_std": 0.138231,
        "nauc_recall_at_3_diff1": 0.44006,
        "nauc_recall_at_5_max": 0.289975,
        "nauc_recall_at_5_std": 0.173146,
        "nauc_recall_at_5_diff1": 0.405482,
        "nauc_recall_at_10_max": 0.261987,
        "nauc_recall_at_10_std": 0.13779,
        "nauc_recall_at_10_diff1": 0.257553,
        "nauc_recall_at_20_max": 0.213579,
        "nauc_recall_at_20_std": 0.123529,
        "nauc_recall_at_20_diff1": 0.204091,
        "nauc_recall_at_100_max": 0.249828,
        "nauc_recall_at_100_std": 0.268453,
        "nauc_recall_at_100_diff1": 0.118015,
        "nauc_recall_at_1000_max": 0.284925,
        "nauc_recall_at_1000_std": 0.300707,
        "nauc_recall_at_1000_diff1": 0.079246,
        "nauc_precision_at_1_max": 0.087139,
        "nauc_precision_at_1_std": 0.023337,
        "nauc_precision_at_1_diff1": 0.704094,
        "nauc_precision_at_3_max": 0.239179,
        "nauc_precision_at_3_std": 0.138231,
        "nauc_precision_at_3_diff1": 0.44006,
        "nauc_precision_at_5_max": 0.289975,
        "nauc_precision_at_5_std": 0.173146,
        "nauc_precision_at_5_diff1": 0.405482,
        "nauc_precision_at_10_max": 0.261987,
        "nauc_precision_at_10_std": 0.13779,
        "nauc_precision_at_10_diff1": 0.257553,
        "nauc_precision_at_20_max": 0.213579,
        "nauc_precision_at_20_std": 0.123529,
        "nauc_precision_at_20_diff1": 0.204091,
        "nauc_precision_at_100_max": 0.249828,
        "nauc_precision_at_100_std": 0.268453,
        "nauc_precision_at_100_diff1": 0.118015,
        "nauc_precision_at_1000_max": 0.284925,
        "nauc_precision_at_1000_std": 0.300707,
        "nauc_precision_at_1000_diff1": 0.079246,
        "nauc_mrr_at_1_max": 0.087139,
        "nauc_mrr_at_1_std": 0.023337,
        "nauc_mrr_at_1_diff1": 0.704094,
        "nauc_mrr_at_3_max": 0.172459,
        "nauc_mrr_at_3_std": 0.083328,
        "nauc_mrr_at_3_diff1": 0.557834,
        "nauc_mrr_at_5_max": 0.191395,
        "nauc_mrr_at_5_std": 0.096835,
        "nauc_mrr_at_5_diff1": 0.53832,
        "nauc_mrr_at_10_max": 0.193491,
        "nauc_mrr_at_10_std": 0.093419,
        "nauc_mrr_at_10_diff1": 0.490531,
        "nauc_mrr_at_20_max": 0.189448,
        "nauc_mrr_at_20_std": 0.093226,
        "nauc_mrr_at_20_diff1": 0.474226,
        "nauc_mrr_at_100_max": 0.193508,
        "nauc_mrr_at_100_std": 0.105653,
        "nauc_mrr_at_100_diff1": 0.46016,
        "nauc_mrr_at_1000_max": 0.193791,
        "nauc_mrr_at_1000_std": 0.105476,
        "nauc_mrr_at_1000_diff1": 0.460559,
        "main_score": 0.07278,
        "hf_subset": "default",
        "languages": [
          "tur-Latn"
        ]
      }
    ]
  },
  "evaluation_time": 105.86795115470886,
  "kg_co2_emissions": null
}