{
  "dataset_revision": "main",
  "task_name": "QuoraRetrievalTR",
  "mteb_version": "1.31.3",
  "scores": {
    "test": [
      {
        "ndcg_at_1": 0.79693,
        "ndcg_at_3": 0.85761,
        "ndcg_at_5": 0.86876,
        "ndcg_at_10": 0.87738,
        "ndcg_at_20": 0.88234,
        "ndcg_at_100": 0.88576,
        "ndcg_at_1000": 0.88701,
        "map_at_1": 0.79693,
        "map_at_3": 0.8434,
        "map_at_5": 0.84962,
        "map_at_10": 0.85324,
        "map_at_20": 0.85465,
        "map_at_100": 0.85511,
        "map_at_1000": 0.85516,
        "recall_at_1": 0.79693,
        "recall_at_3": 0.89846,
        "recall_at_5": 0.92536,
        "recall_at_10": 0.9517,
        "recall_at_20": 0.97091,
        "recall_at_100": 0.98957,
        "recall_at_1000": 0.99945,
        "precision_at_1": 0.79693,
        "precision_at_3": 0.29949,
        "precision_at_5": 0.18507,
        "precision_at_10": 0.09517,
        "precision_at_20": 0.04855,
        "precision_at_100": 0.0099,
        "precision_at_1000": 0.001,
        "mrr_at_1": 0.796378,
        "mrr_at_3": 0.843121,
        "mrr_at_5": 0.849351,
        "mrr_at_10": 0.852966,
        "mrr_at_20": 0.854378,
        "mrr_at_100": 0.854838,
        "mrr_at_1000": 0.854886,
        "nauc_ndcg_at_1_max": 0.568391,
        "nauc_ndcg_at_1_std": -0.33661,
        "nauc_ndcg_at_1_diff1": 0.840812,
        "nauc_ndcg_at_3_max": 0.611174,
        "nauc_ndcg_at_3_std": -0.364765,
        "nauc_ndcg_at_3_diff1": 0.828768,
        "nauc_ndcg_at_5_max": 0.609275,
        "nauc_ndcg_at_5_std": -0.364526,
        "nauc_ndcg_at_5_diff1": 0.827845,
        "nauc_ndcg_at_10_max": 0.609811,
        "nauc_ndcg_at_10_std": -0.353563,
        "nauc_ndcg_at_10_diff1": 0.830583,
        "nauc_ndcg_at_20_max": 0.608246,
        "nauc_ndcg_at_20_std": -0.346962,
        "nauc_ndcg_at_20_diff1": 0.831972,
        "nauc_ndcg_at_100_max": 0.605831,
        "nauc_ndcg_at_100_std": -0.348278,
        "nauc_ndcg_at_100_diff1": 0.833127,
        "nauc_ndcg_at_1000_max": 0.602505,
        "nauc_ndcg_at_1000_std": -0.350817,
        "nauc_ndcg_at_1000_diff1": 0.832607,
        "nauc_map_at_1_max": 0.568391,
        "nauc_map_at_1_std": -0.33661,
        "nauc_map_at_1_diff1": 0.840812,
        "nauc_map_at_3_max": 0.598531,
        "nauc_map_at_3_std": -0.357665,
        "nauc_map_at_3_diff1": 0.83206,
        "nauc_map_at_5_max": 0.597211,
        "nauc_map_at_5_std": -0.357478,
        "nauc_map_at_5_diff1": 0.831706,
        "nauc_map_at_10_max": 0.597404,
        "nauc_map_at_10_std": -0.3529,
        "nauc_map_at_10_diff1": 0.832868,
        "nauc_map_at_20_max": 0.59686,
        "nauc_map_at_20_std": -0.35144,
        "nauc_map_at_20_diff1": 0.833263,
        "nauc_map_at_100_max": 0.596461,
        "nauc_map_at_100_std": -0.351682,
        "nauc_map_at_100_diff1": 0.833351,
        "nauc_map_at_1000_max": 0.596356,
        "nauc_map_at_1000_std": -0.351782,
        "nauc_map_at_1000_diff1": 0.833335,
        "nauc_recall_at_1_max": 0.568391,
        "nauc_recall_at_1_std": -0.33661,
        "nauc_recall_at_1_diff1": 0.840812,
        "nauc_recall_at_3_max": 0.664529,
        "nauc_recall_at_3_std": -0.393961,
        "nauc_recall_at_3_diff1": 0.81504,
        "nauc_recall_at_5_max": 0.674627,
        "nauc_recall_at_5_std": -0.40154,
        "nauc_recall_at_5_diff1": 0.80673,
        "nauc_recall_at_10_max": 0.709365,
        "nauc_recall_at_10_std": -0.348691,
        "nauc_recall_at_10_diff1": 0.813984,
        "nauc_recall_at_20_max": 0.75365,
        "nauc_recall_at_20_std": -0.24433,
        "nauc_recall_at_20_diff1": 0.82201,
        "nauc_recall_at_100_max": 0.895704,
        "nauc_recall_at_100_std": -0.118042,
        "nauc_recall_at_100_diff1": 0.877651,
        "nauc_recall_at_1000_max": 1.0,
        "nauc_recall_at_1000_std": 0.358044,
        "nauc_recall_at_1000_diff1": 0.869297,
        "nauc_precision_at_1_max": 0.568391,
        "nauc_precision_at_1_std": -0.33661,
        "nauc_precision_at_1_diff1": 0.840812,
        "nauc_precision_at_3_max": 0.664529,
        "nauc_precision_at_3_std": -0.393961,
        "nauc_precision_at_3_diff1": 0.81504,
        "nauc_precision_at_5_max": 0.674627,
        "nauc_precision_at_5_std": -0.40154,
        "nauc_precision_at_5_diff1": 0.80673,
        "nauc_precision_at_10_max": 0.709365,
        "nauc_precision_at_10_std": -0.348691,
        "nauc_precision_at_10_diff1": 0.813984,
        "nauc_precision_at_20_max": 0.75365,
        "nauc_precision_at_20_std": -0.24433,
        "nauc_precision_at_20_diff1": 0.82201,
        "nauc_precision_at_100_max": 0.895704,
        "nauc_precision_at_100_std": -0.118042,
        "nauc_precision_at_100_diff1": 0.877651,
        "nauc_precision_at_1000_max": 1.0,
        "nauc_precision_at_1000_std": 0.358044,
        "nauc_precision_at_1000_diff1": 0.869297,
        "nauc_mrr_at_1_max": 0.565571,
        "nauc_mrr_at_1_std": -0.336402,
        "nauc_mrr_at_1_diff1": 0.841949,
        "nauc_mrr_at_3_max": 0.5967,
        "nauc_mrr_at_3_std": -0.357505,
        "nauc_mrr_at_3_diff1": 0.832794,
        "nauc_mrr_at_5_max": 0.595302,
        "nauc_mrr_at_5_std": -0.357312,
        "nauc_mrr_at_5_diff1": 0.832472,
        "nauc_mrr_at_10_max": 0.595445,
        "nauc_mrr_at_10_std": -0.352735,
        "nauc_mrr_at_10_diff1": 0.833653,
        "nauc_mrr_at_20_max": 0.594882,
        "nauc_mrr_at_20_std": -0.351276,
        "nauc_mrr_at_20_diff1": 0.834055,
        "nauc_mrr_at_100_max": 0.594477,
        "nauc_mrr_at_100_std": -0.351517,
        "nauc_mrr_at_100_diff1": 0.834145,
        "nauc_mrr_at_1000_max": 0.594372,
        "nauc_mrr_at_1000_std": -0.351617,
        "nauc_mrr_at_1000_diff1": 0.83413,
        "main_score": 0.87738,
        "hf_subset": "default",
        "languages": [
          "tur-Latn"
        ]
      }
    ]
  },
  "evaluation_time": 29.400214910507202,
  "kg_co2_emissions": null
}