{
  "dataset_revision": "main",
  "task_name": "SCIDOCSTR",
  "mteb_version": "1.31.3",
  "scores": {
    "test": [
      {
        "ndcg_at_1": 0.00892,
        "ndcg_at_3": 0.01452,
        "ndcg_at_5": 0.01725,
        "ndcg_at_10": 0.02015,
        "ndcg_at_20": 0.02364,
        "ndcg_at_100": 0.03498,
        "ndcg_at_1000": 0.0851,
        "map_at_1": 0.00892,
        "map_at_3": 0.01301,
        "map_at_5": 0.01451,
        "map_at_10": 0.01571,
        "map_at_20": 0.01673,
        "map_at_100": 0.01806,
        "map_at_1000": 0.01924,
        "recall_at_1": 0.00892,
        "recall_at_3": 0.01895,
        "recall_at_5": 0.02564,
        "recall_at_10": 0.03456,
        "recall_at_20": 0.04794,
        "recall_at_100": 0.1126,
        "recall_at_1000": 0.55072,
        "precision_at_1": 0.00892,
        "precision_at_3": 0.00632,
        "precision_at_5": 0.00513,
        "precision_at_10": 0.00346,
        "precision_at_20": 0.0024,
        "precision_at_100": 0.00113,
        "precision_at_1000": 0.00055,
        "mrr_at_1": 0.008919,
        "mrr_at_3": 0.013006,
        "mrr_at_5": 0.014511,
        "mrr_at_10": 0.015711,
        "mrr_at_20": 0.016726,
        "mrr_at_100": 0.018059,
        "mrr_at_1000": 0.019237,
        "nauc_ndcg_at_1_max": 0.113943,
        "nauc_ndcg_at_1_std": 0.048463,
        "nauc_ndcg_at_1_diff1": 0.385671,
        "nauc_ndcg_at_3_max": 0.041771,
        "nauc_ndcg_at_3_std": 0.077483,
        "nauc_ndcg_at_3_diff1": 0.22353,
        "nauc_ndcg_at_5_max": 0.055068,
        "nauc_ndcg_at_5_std": 0.09779,
        "nauc_ndcg_at_5_diff1": 0.22821,
        "nauc_ndcg_at_10_max": 0.043858,
        "nauc_ndcg_at_10_std": 0.07478,
        "nauc_ndcg_at_10_diff1": 0.244664,
        "nauc_ndcg_at_20_max": 0.043349,
        "nauc_ndcg_at_20_std": 0.068555,
        "nauc_ndcg_at_20_diff1": 0.18899,
        "nauc_ndcg_at_100_max": 0.010997,
        "nauc_ndcg_at_100_std": 0.022828,
        "nauc_ndcg_at_100_diff1": 0.134056,
        "nauc_ndcg_at_1000_max": 0.010434,
        "nauc_ndcg_at_1000_std": 0.027398,
        "nauc_ndcg_at_1000_diff1": 0.117923,
        "nauc_map_at_1_max": 0.113943,
        "nauc_map_at_1_std": 0.048463,
        "nauc_map_at_1_diff1": 0.385671,
        "nauc_map_at_3_max": 0.05697,
        "nauc_map_at_3_std": 0.074947,
        "nauc_map_at_3_diff1": 0.255887,
        "nauc_map_at_5_max": 0.064942,
        "nauc_map_at_5_std": 0.088935,
        "nauc_map_at_5_diff1": 0.258172,
        "nauc_map_at_10_max": 0.059206,
        "nauc_map_at_10_std": 0.077493,
        "nauc_map_at_10_diff1": 0.267264,
        "nauc_map_at_20_max": 0.05806,
        "nauc_map_at_20_std": 0.075707,
        "nauc_map_at_20_diff1": 0.242296,
        "nauc_map_at_100_max": 0.048084,
        "nauc_map_at_100_std": 0.067084,
        "nauc_map_at_100_diff1": 0.225585,
        "nauc_map_at_1000_max": 0.048727,
        "nauc_map_at_1000_std": 0.066659,
        "nauc_map_at_1000_diff1": 0.223513,
        "nauc_recall_at_1_max": 0.113943,
        "nauc_recall_at_1_std": 0.048463,
        "nauc_recall_at_1_diff1": 0.385671,
        "nauc_recall_at_3_max": 0.010743,
        "nauc_recall_at_3_std": 0.081865,
        "nauc_recall_at_3_diff1": 0.15788,
        "nauc_recall_at_5_max": 0.038743,
        "nauc_recall_at_5_std": 0.113129,
        "nauc_recall_at_5_diff1": 0.176663,
        "nauc_recall_at_10_max": 0.020443,
        "nauc_recall_at_10_std": 0.067484,
        "nauc_recall_at_10_diff1": 0.21324,
        "nauc_recall_at_20_max": 0.026163,
        "nauc_recall_at_20_std": 0.055466,
        "nauc_recall_at_20_diff1": 0.118693,
        "nauc_recall_at_100_max": -0.018016,
        "nauc_recall_at_100_std": -0.025214,
        "nauc_recall_at_100_diff1": 0.060637,
        "nauc_recall_at_1000_max": -0.016595,
        "nauc_recall_at_1000_std": 0.002076,
        "nauc_recall_at_1000_diff1": 0.053809,
        "nauc_precision_at_1_max": 0.113943,
        "nauc_precision_at_1_std": 0.048463,
        "nauc_precision_at_1_diff1": 0.385671,
        "nauc_precision_at_3_max": 0.010743,
        "nauc_precision_at_3_std": 0.081865,
        "nauc_precision_at_3_diff1": 0.15788,
        "nauc_precision_at_5_max": 0.038743,
        "nauc_precision_at_5_std": 0.113129,
        "nauc_precision_at_5_diff1": 0.176663,
        "nauc_precision_at_10_max": 0.020443,
        "nauc_precision_at_10_std": 0.067484,
        "nauc_precision_at_10_diff1": 0.21324,
        "nauc_precision_at_20_max": 0.026163,
        "nauc_precision_at_20_std": 0.055466,
        "nauc_precision_at_20_diff1": 0.118693,
        "nauc_precision_at_100_max": -0.018016,
        "nauc_precision_at_100_std": -0.025214,
        "nauc_precision_at_100_diff1": 0.060637,
        "nauc_precision_at_1000_max": -0.016595,
        "nauc_precision_at_1000_std": 0.002076,
        "nauc_precision_at_1000_diff1": 0.053809,
        "nauc_mrr_at_1_max": 0.113943,
        "nauc_mrr_at_1_std": 0.048463,
        "nauc_mrr_at_1_diff1": 0.385671,
        "nauc_mrr_at_3_max": 0.05697,
        "nauc_mrr_at_3_std": 0.074947,
        "nauc_mrr_at_3_diff1": 0.255887,
        "nauc_mrr_at_5_max": 0.064942,
        "nauc_mrr_at_5_std": 0.088935,
        "nauc_mrr_at_5_diff1": 0.258172,
        "nauc_mrr_at_10_max": 0.059206,
        "nauc_mrr_at_10_std": 0.077493,
        "nauc_mrr_at_10_diff1": 0.267264,
        "nauc_mrr_at_20_max": 0.05806,
        "nauc_mrr_at_20_std": 0.075707,
        "nauc_mrr_at_20_diff1": 0.242296,
        "nauc_mrr_at_100_max": 0.048084,
        "nauc_mrr_at_100_std": 0.067084,
        "nauc_mrr_at_100_diff1": 0.225585,
        "nauc_mrr_at_1000_max": 0.048732,
        "nauc_mrr_at_1000_std": 0.066657,
        "nauc_mrr_at_1000_diff1": 0.223524,
        "main_score": 0.02015,
        "hf_subset": "default",
        "languages": [
          "tur-Latn"
        ]
      }
    ]
  },
  "evaluation_time": 102.02505803108215,
  "kg_co2_emissions": null
}