{
  "dataset_revision": "main",
  "task_name": "SciFactTR",
  "mteb_version": "1.31.3",
  "scores": {
    "test": [
      {
        "ndcg_at_1": 0.59333,
        "ndcg_at_3": 0.70246,
        "ndcg_at_5": 0.72039,
        "ndcg_at_10": 0.73579,
        "ndcg_at_20": 0.74397,
        "ndcg_at_100": 0.75854,
        "ndcg_at_1000": 0.76185,
        "map_at_1": 0.59333,
        "map_at_3": 0.67667,
        "map_at_5": 0.68667,
        "map_at_10": 0.6932,
        "map_at_20": 0.69532,
        "map_at_100": 0.69748,
        "map_at_1000": 0.69767,
        "recall_at_1": 0.59333,
        "recall_at_3": 0.77667,
        "recall_at_5": 0.82,
        "recall_at_10": 0.86667,
        "recall_at_20": 0.9,
        "recall_at_100": 0.97667,
        "recall_at_1000": 1.0,
        "precision_at_1": 0.59333,
        "precision_at_3": 0.25889,
        "precision_at_5": 0.164,
        "precision_at_10": 0.08667,
        "precision_at_20": 0.045,
        "precision_at_100": 0.00977,
        "precision_at_1000": 0.001,
        "mrr_at_1": 0.593333,
        "mrr_at_3": 0.676667,
        "mrr_at_5": 0.686667,
        "mrr_at_10": 0.693204,
        "mrr_at_20": 0.695321,
        "mrr_at_100": 0.697484,
        "mrr_at_1000": 0.697666,
        "nauc_ndcg_at_1_max": 0.352917,
        "nauc_ndcg_at_1_std": -0.038503,
        "nauc_ndcg_at_1_diff1": 0.63227,
        "nauc_ndcg_at_3_max": 0.440401,
        "nauc_ndcg_at_3_std": -0.014857,
        "nauc_ndcg_at_3_diff1": 0.612534,
        "nauc_ndcg_at_5_max": 0.43746,
        "nauc_ndcg_at_5_std": 0.001177,
        "nauc_ndcg_at_5_diff1": 0.606019,
        "nauc_ndcg_at_10_max": 0.448493,
        "nauc_ndcg_at_10_std": 0.005966,
        "nauc_ndcg_at_10_diff1": 0.617864,
        "nauc_ndcg_at_20_max": 0.432513,
        "nauc_ndcg_at_20_std": -0.001256,
        "nauc_ndcg_at_20_diff1": 0.609665,
        "nauc_ndcg_at_100_max": 0.431351,
        "nauc_ndcg_at_100_std": 0.002041,
        "nauc_ndcg_at_100_diff1": 0.616273,
        "nauc_ndcg_at_1000_max": 0.425981,
        "nauc_ndcg_at_1000_std": -0.004096,
        "nauc_ndcg_at_1000_diff1": 0.617089,
        "nauc_map_at_1_max": 0.352917,
        "nauc_map_at_1_std": -0.038503,
        "nauc_map_at_1_diff1": 0.63227,
        "nauc_map_at_3_max": 0.416627,
        "nauc_map_at_3_std": -0.021883,
        "nauc_map_at_3_diff1": 0.61934,
        "nauc_map_at_5_max": 0.414839,
        "nauc_map_at_5_std": -0.01339,
        "nauc_map_at_5_diff1": 0.6164,
        "nauc_map_at_10_max": 0.418185,
        "nauc_map_at_10_std": -0.012395,
        "nauc_map_at_10_diff1": 0.621276,
        "nauc_map_at_20_max": 0.414389,
        "nauc_map_at_20_std": -0.013778,
        "nauc_map_at_20_diff1": 0.619493,
        "nauc_map_at_100_max": 0.414624,
        "nauc_map_at_100_std": -0.012643,
        "nauc_map_at_100_diff1": 0.620444,
        "nauc_map_at_1000_max": 0.41438,
        "nauc_map_at_1000_std": -0.012908,
        "nauc_map_at_1000_diff1": 0.620433,
        "nauc_recall_at_1_max": 0.352917,
        "nauc_recall_at_1_std": -0.038503,
        "nauc_recall_at_1_diff1": 0.63227,
        "nauc_recall_at_3_max": 0.529366,
        "nauc_recall_at_3_std": 0.011776,
        "nauc_recall_at_3_diff1": 0.586243,
        "nauc_recall_at_5_max": 0.534714,
        "nauc_recall_at_5_std": 0.06773,
        "nauc_recall_at_5_diff1": 0.557918,
        "nauc_recall_at_10_max": 0.625808,
        "nauc_recall_at_10_std": 0.118738,
        "nauc_recall_at_10_diff1": 0.602522,
        "nauc_recall_at_20_max": 0.537302,
        "nauc_recall_at_20_std": 0.081264,
        "nauc_recall_at_20_diff1": 0.525786,
        "nauc_recall_at_100_max": 0.752901,
        "nauc_recall_at_100_std": 0.37435,
        "nauc_recall_at_100_diff1": 0.548219,
        "nauc_recall_at_1000_max": NaN,
        "nauc_recall_at_1000_std": NaN,
        "nauc_recall_at_1000_diff1": NaN,
        "nauc_precision_at_1_max": 0.352917,
        "nauc_precision_at_1_std": -0.038503,
        "nauc_precision_at_1_diff1": 0.63227,
        "nauc_precision_at_3_max": 0.529366,
        "nauc_precision_at_3_std": 0.011776,
        "nauc_precision_at_3_diff1": 0.586243,
        "nauc_precision_at_5_max": 0.534714,
        "nauc_precision_at_5_std": 0.06773,
        "nauc_precision_at_5_diff1": 0.557918,
        "nauc_precision_at_10_max": 0.625808,
        "nauc_precision_at_10_std": 0.118738,
        "nauc_precision_at_10_diff1": 0.602522,
        "nauc_precision_at_20_max": 0.537302,
        "nauc_precision_at_20_std": 0.081264,
        "nauc_precision_at_20_diff1": 0.525786,
        "nauc_precision_at_100_max": 0.752901,
        "nauc_precision_at_100_std": 0.37435,
        "nauc_precision_at_100_diff1": 0.548219,
        "nauc_precision_at_1000_max": 1.0,
        "nauc_precision_at_1000_std": 1.0,
        "nauc_precision_at_1000_diff1": 1.0,
        "nauc_mrr_at_1_max": 0.352917,
        "nauc_mrr_at_1_std": -0.038503,
        "nauc_mrr_at_1_diff1": 0.63227,
        "nauc_mrr_at_3_max": 0.416627,
        "nauc_mrr_at_3_std": -0.021883,
        "nauc_mrr_at_3_diff1": 0.61934,
        "nauc_mrr_at_5_max": 0.414839,
        "nauc_mrr_at_5_std": -0.01339,
        "nauc_mrr_at_5_diff1": 0.6164,
        "nauc_mrr_at_10_max": 0.418185,
        "nauc_mrr_at_10_std": -0.012395,
        "nauc_mrr_at_10_diff1": 0.621276,
        "nauc_mrr_at_20_max": 0.414389,
        "nauc_mrr_at_20_std": -0.013778,
        "nauc_mrr_at_20_diff1": 0.619493,
        "nauc_mrr_at_100_max": 0.414624,
        "nauc_mrr_at_100_std": -0.012643,
        "nauc_mrr_at_100_diff1": 0.620444,
        "nauc_mrr_at_1000_max": 0.41438,
        "nauc_mrr_at_1000_std": -0.012908,
        "nauc_mrr_at_1000_diff1": 0.620433,
        "main_score": 0.73579,
        "hf_subset": "default",
        "languages": [
          "tur-Latn"
        ]
      }
    ]
  },
  "evaluation_time": 23.110753059387207,
  "kg_co2_emissions": null
}