{
  "dataset_revision": "main",
  "task_name": "SquadTRRetrieval",
  "mteb_version": "1.31.3",
  "scores": {
    "test": [
      {
        "ndcg_at_1": 0.41479,
        "ndcg_at_3": 0.52118,
        "ndcg_at_5": 0.55236,
        "ndcg_at_10": 0.58214,
        "ndcg_at_20": 0.60069,
        "ndcg_at_100": 0.61973,
        "ndcg_at_1000": 0.62746,
        "map_at_1": 0.41479,
        "map_at_3": 0.49497,
        "map_at_5": 0.51227,
        "map_at_10": 0.52461,
        "map_at_20": 0.52977,
        "map_at_100": 0.5325,
        "map_at_1000": 0.5328,
        "recall_at_1": 0.41479,
        "recall_at_3": 0.59703,
        "recall_at_5": 0.67278,
        "recall_at_10": 0.76456,
        "recall_at_20": 0.83741,
        "recall_at_100": 0.93861,
        "recall_at_1000": 0.99916,
        "precision_at_1": 0.41479,
        "precision_at_3": 0.19901,
        "precision_at_5": 0.13456,
        "precision_at_10": 0.07646,
        "precision_at_20": 0.04187,
        "precision_at_100": 0.00939,
        "precision_at_1000": 0.001,
        "mrr_at_1": 0.414787,
        "mrr_at_3": 0.494974,
        "mrr_at_5": 0.51227,
        "mrr_at_10": 0.524609,
        "mrr_at_20": 0.529766,
        "mrr_at_100": 0.532502,
        "mrr_at_1000": 0.532796,
        "nauc_ndcg_at_1_max": 0.319258,
        "nauc_ndcg_at_1_std": -0.006094,
        "nauc_ndcg_at_1_diff1": 0.575225,
        "nauc_ndcg_at_3_max": 0.344086,
        "nauc_ndcg_at_3_std": 0.015512,
        "nauc_ndcg_at_3_diff1": 0.51116,
        "nauc_ndcg_at_5_max": 0.361189,
        "nauc_ndcg_at_5_std": 0.03213,
        "nauc_ndcg_at_5_diff1": 0.508703,
        "nauc_ndcg_at_10_max": 0.373941,
        "nauc_ndcg_at_10_std": 0.045376,
        "nauc_ndcg_at_10_diff1": 0.507164,
        "nauc_ndcg_at_20_max": 0.384811,
        "nauc_ndcg_at_20_std": 0.05671,
        "nauc_ndcg_at_20_diff1": 0.509937,
        "nauc_ndcg_at_100_max": 0.376953,
        "nauc_ndcg_at_100_std": 0.053151,
        "nauc_ndcg_at_100_diff1": 0.516152,
        "nauc_ndcg_at_1000_max": 0.365869,
        "nauc_ndcg_at_1000_std": 0.039823,
        "nauc_ndcg_at_1000_diff1": 0.519191,
        "nauc_map_at_1_max": 0.319258,
        "nauc_map_at_1_std": -0.006094,
        "nauc_map_at_1_diff1": 0.575225,
        "nauc_map_at_3_max": 0.337218,
        "nauc_map_at_3_std": 0.009503,
        "nauc_map_at_3_diff1": 0.526733,
        "nauc_map_at_5_max": 0.346221,
        "nauc_map_at_5_std": 0.018186,
        "nauc_map_at_5_diff1": 0.525938,
        "nauc_map_at_10_max": 0.350606,
        "nauc_map_at_10_std": 0.022868,
        "nauc_map_at_10_diff1": 0.525778,
        "nauc_map_at_20_max": 0.352952,
        "nauc_map_at_20_std": 0.025402,
        "nauc_map_at_20_diff1": 0.526624,
        "nauc_map_at_100_max": 0.352033,
        "nauc_map_at_100_std": 0.025093,
        "nauc_map_at_100_diff1": 0.527432,
        "nauc_map_at_1000_max": 0.351679,
        "nauc_map_at_1000_std": 0.024684,
        "nauc_map_at_1000_diff1": 0.527538,
        "nauc_recall_at_1_max": 0.319258,
        "nauc_recall_at_1_std": -0.006094,
        "nauc_recall_at_1_diff1": 0.575225,
        "nauc_recall_at_3_max": 0.365821,
        "nauc_recall_at_3_std": 0.034543,
        "nauc_recall_at_3_diff1": 0.462766,
        "nauc_recall_at_5_max": 0.416715,
        "nauc_recall_at_5_std": 0.0841,
        "nauc_recall_at_5_diff1": 0.448191,
        "nauc_recall_at_10_max": 0.488892,
        "nauc_recall_at_10_std": 0.156693,
        "nauc_recall_at_10_diff1": 0.424072,
        "nauc_recall_at_20_max": 0.611118,
        "nauc_recall_at_20_std": 0.279958,
        "nauc_recall_at_20_diff1": 0.413933,
        "nauc_recall_at_100_max": 0.75287,
        "nauc_recall_at_100_std": 0.509437,
        "nauc_recall_at_100_diff1": 0.416992,
        "nauc_recall_at_1000_max": 0.898962,
        "nauc_recall_at_1000_std": 0.718291,
        "nauc_recall_at_1000_diff1": 0.542624,
        "nauc_precision_at_1_max": 0.319258,
        "nauc_precision_at_1_std": -0.006094,
        "nauc_precision_at_1_diff1": 0.575225,
        "nauc_precision_at_3_max": 0.365821,
        "nauc_precision_at_3_std": 0.034543,
        "nauc_precision_at_3_diff1": 0.462766,
        "nauc_precision_at_5_max": 0.416715,
        "nauc_precision_at_5_std": 0.0841,
        "nauc_precision_at_5_diff1": 0.448191,
        "nauc_precision_at_10_max": 0.488892,
        "nauc_precision_at_10_std": 0.156693,
        "nauc_precision_at_10_diff1": 0.424072,
        "nauc_precision_at_20_max": 0.611118,
        "nauc_precision_at_20_std": 0.279958,
        "nauc_precision_at_20_diff1": 0.413933,
        "nauc_precision_at_100_max": 0.75287,
        "nauc_precision_at_100_std": 0.509437,
        "nauc_precision_at_100_diff1": 0.416992,
        "nauc_precision_at_1000_max": 0.898962,
        "nauc_precision_at_1000_std": 0.718291,
        "nauc_precision_at_1000_diff1": 0.542624,
        "nauc_mrr_at_1_max": 0.319258,
        "nauc_mrr_at_1_std": -0.006094,
        "nauc_mrr_at_1_diff1": 0.575225,
        "nauc_mrr_at_3_max": 0.337218,
        "nauc_mrr_at_3_std": 0.009503,
        "nauc_mrr_at_3_diff1": 0.526733,
        "nauc_mrr_at_5_max": 0.346221,
        "nauc_mrr_at_5_std": 0.018186,
        "nauc_mrr_at_5_diff1": 0.525938,
        "nauc_mrr_at_10_max": 0.350606,
        "nauc_mrr_at_10_std": 0.022868,
        "nauc_mrr_at_10_diff1": 0.525778,
        "nauc_mrr_at_20_max": 0.352952,
        "nauc_mrr_at_20_std": 0.025402,
        "nauc_mrr_at_20_diff1": 0.526624,
        "nauc_mrr_at_100_max": 0.352033,
        "nauc_mrr_at_100_std": 0.025093,
        "nauc_mrr_at_100_diff1": 0.527432,
        "nauc_mrr_at_1000_max": 0.351679,
        "nauc_mrr_at_1000_std": 0.024684,
        "nauc_mrr_at_1000_diff1": 0.527538,
        "main_score": 0.58214,
        "hf_subset": "default",
        "languages": [
          "tur-Latn"
        ]
      }
    ]
  },
  "evaluation_time": 113.44824695587158,
  "kg_co2_emissions": null
}