{
  "dataset_revision": "main",
  "task_name": "TQuadRetrieval",
  "mteb_version": "1.31.3",
  "scores": {
    "test": [
      {
        "ndcg_at_1": 0.62444,
        "ndcg_at_3": 0.75232,
        "ndcg_at_5": 0.78069,
        "ndcg_at_10": 0.8046,
        "ndcg_at_20": 0.80632,
        "ndcg_at_100": 0.80801,
        "ndcg_at_1000": 0.80846,
        "map_at_1": 0.62444,
        "map_at_3": 0.72197,
        "map_at_5": 0.73784,
        "map_at_10": 0.74791,
        "map_at_20": 0.74839,
        "map_at_100": 0.74863,
        "map_at_1000": 0.74865,
        "recall_at_1": 0.62444,
        "recall_at_3": 0.83969,
        "recall_at_5": 0.90807,
        "recall_at_10": 0.98094,
        "recall_at_20": 0.98767,
        "recall_at_100": 0.99664,
        "recall_at_1000": 1.0,
        "precision_at_1": 0.62444,
        "precision_at_3": 0.2799,
        "precision_at_5": 0.18161,
        "precision_at_10": 0.09809,
        "precision_at_20": 0.04938,
        "precision_at_100": 0.00997,
        "precision_at_1000": 0.001,
        "mrr_at_1": 0.622197,
        "mrr_at_3": 0.721226,
        "mrr_at_5": 0.736809,
        "mrr_at_10": 0.746881,
        "mrr_at_20": 0.747366,
        "mrr_at_100": 0.747598,
        "mrr_at_1000": 0.747619,
        "nauc_ndcg_at_1_max": 0.154756,
        "nauc_ndcg_at_1_std": -0.160363,
        "nauc_ndcg_at_1_diff1": 0.627774,
        "nauc_ndcg_at_3_max": 0.168277,
        "nauc_ndcg_at_3_std": -0.215185,
        "nauc_ndcg_at_3_diff1": 0.61819,
        "nauc_ndcg_at_5_max": 0.174138,
        "nauc_ndcg_at_5_std": -0.205025,
        "nauc_ndcg_at_5_diff1": 0.609725,
        "nauc_ndcg_at_10_max": 0.196691,
        "nauc_ndcg_at_10_std": -0.157546,
        "nauc_ndcg_at_10_diff1": 0.61776,
        "nauc_ndcg_at_20_max": 0.189538,
        "nauc_ndcg_at_20_std": -0.163163,
        "nauc_ndcg_at_20_diff1": 0.617461,
        "nauc_ndcg_at_100_max": 0.181776,
        "nauc_ndcg_at_100_std": -0.172412,
        "nauc_ndcg_at_100_diff1": 0.618691,
        "nauc_ndcg_at_1000_max": 0.179462,
        "nauc_ndcg_at_1000_std": -0.175727,
        "nauc_ndcg_at_1000_diff1": 0.6186,
        "nauc_map_at_1_max": 0.154756,
        "nauc_map_at_1_std": -0.160363,
        "nauc_map_at_1_diff1": 0.627774,
        "nauc_map_at_3_max": 0.165876,
        "nauc_map_at_3_std": -0.199018,
        "nauc_map_at_3_diff1": 0.620281,
        "nauc_map_at_5_max": 0.168783,
        "nauc_map_at_5_std": -0.193131,
        "nauc_map_at_5_diff1": 0.616186,
        "nauc_map_at_10_max": 0.176298,
        "nauc_map_at_10_std": -0.176559,
        "nauc_map_at_10_diff1": 0.619432,
        "nauc_map_at_20_max": 0.174682,
        "nauc_map_at_20_std": -0.177874,
        "nauc_map_at_20_diff1": 0.619359,
        "nauc_map_at_100_max": 0.173841,
        "nauc_map_at_100_std": -0.17888,
        "nauc_map_at_100_diff1": 0.619516,
        "nauc_map_at_1000_max": 0.17376,
        "nauc_map_at_1000_std": -0.178996,
        "nauc_map_at_1000_diff1": 0.619512,
        "nauc_recall_at_1_max": 0.154756,
        "nauc_recall_at_1_std": -0.160363,
        "nauc_recall_at_1_diff1": 0.627774,
        "nauc_recall_at_3_max": 0.177829,
        "nauc_recall_at_3_std": -0.286618,
        "nauc_recall_at_3_diff1": 0.60944,
        "nauc_recall_at_5_max": 0.210511,
        "nauc_recall_at_5_std": -0.283477,
        "nauc_recall_at_5_diff1": 0.563669,
        "nauc_recall_at_10_max": 0.923799,
        "nauc_recall_at_10_std": 0.644918,
        "nauc_recall_at_10_diff1": 0.582045,
        "nauc_recall_at_20_max": 0.952478,
        "nauc_recall_at_20_std": 0.798211,
        "nauc_recall_at_20_diff1": 0.548153,
        "nauc_recall_at_100_max": 1.0,
        "nauc_recall_at_100_std": 1.0,
        "nauc_recall_at_100_diff1": 0.649887,
        "nauc_recall_at_1000_max": NaN,
        "nauc_recall_at_1000_std": NaN,
        "nauc_recall_at_1000_diff1": NaN,
        "nauc_precision_at_1_max": 0.154756,
        "nauc_precision_at_1_std": -0.160363,
        "nauc_precision_at_1_diff1": 0.627774,
        "nauc_precision_at_3_max": 0.177829,
        "nauc_precision_at_3_std": -0.286618,
        "nauc_precision_at_3_diff1": 0.60944,
        "nauc_precision_at_5_max": 0.210511,
        "nauc_precision_at_5_std": -0.283477,
        "nauc_precision_at_5_diff1": 0.563669,
        "nauc_precision_at_10_max": 0.923799,
        "nauc_precision_at_10_std": 0.644918,
        "nauc_precision_at_10_diff1": 0.582045,
        "nauc_precision_at_20_max": 0.952478,
        "nauc_precision_at_20_std": 0.798211,
        "nauc_precision_at_20_diff1": 0.548153,
        "nauc_precision_at_100_max": 1.0,
        "nauc_precision_at_100_std": 1.0,
        "nauc_precision_at_100_diff1": 0.649887,
        "nauc_precision_at_1000_max": NaN,
        "nauc_precision_at_1000_std": NaN,
        "nauc_precision_at_1000_diff1": NaN,
        "nauc_mrr_at_1_max": 0.147024,
        "nauc_mrr_at_1_std": -0.155697,
        "nauc_mrr_at_1_diff1": 0.632611,
        "nauc_mrr_at_3_max": 0.159961,
        "nauc_mrr_at_3_std": -0.196389,
        "nauc_mrr_at_3_diff1": 0.623385,
        "nauc_mrr_at_5_max": 0.163225,
        "nauc_mrr_at_5_std": -0.189978,
        "nauc_mrr_at_5_diff1": 0.619511,
        "nauc_mrr_at_10_max": 0.170457,
        "nauc_mrr_at_10_std": -0.173299,
        "nauc_mrr_at_10_diff1": 0.622907,
        "nauc_mrr_at_20_max": 0.168831,
        "nauc_mrr_at_20_std": -0.174602,
        "nauc_mrr_at_20_diff1": 0.622843,
        "nauc_mrr_at_100_max": 0.167986,
        "nauc_mrr_at_100_std": -0.175602,
        "nauc_mrr_at_100_diff1": 0.623003,
        "nauc_mrr_at_1000_max": 0.167904,
        "nauc_mrr_at_1000_std": -0.175717,
        "nauc_mrr_at_1000_diff1": 0.623,
        "main_score": 0.8046,
        "hf_subset": "default",
        "languages": [
          "tur-Latn"
        ]
      }
    ]
  },
  "evaluation_time": 21.805952072143555,
  "kg_co2_emissions": null
}