{
  "dataset_revision": "51adfef1c1287aab1d2d91b5bead9bcfb9c68583",
  "task_name": "XQuADRetrieval",
  "mteb_version": "1.31.3",
  "scores": {
    "validation": [
      {
        "ndcg_at_1": 0.73395,
        "ndcg_at_3": 0.82133,
        "ndcg_at_5": 0.83514,
        "ndcg_at_10": 0.84656,
        "ndcg_at_20": 0.85266,
        "ndcg_at_100": 0.85653,
        "ndcg_at_1000": 0.85736,
        "map_at_1": 0.73395,
        "map_at_3": 0.80011,
        "map_at_5": 0.80793,
        "map_at_10": 0.81276,
        "map_at_20": 0.8145,
        "map_at_100": 0.81507,
        "map_at_1000": 0.81512,
        "recall_at_1": 0.73395,
        "recall_at_3": 0.8826,
        "recall_at_5": 0.91554,
        "recall_at_10": 0.95017,
        "recall_at_20": 0.97382,
        "recall_at_100": 0.99409,
        "recall_at_1000": 1.0,
        "precision_at_1": 0.73395,
        "precision_at_3": 0.2942,
        "precision_at_5": 0.18311,
        "precision_at_10": 0.09502,
        "precision_at_20": 0.04869,
        "precision_at_100": 0.00994,
        "precision_at_1000": 0.001,
        "mrr_at_1": 0.733953,
        "mrr_at_3": 0.800113,
        "mrr_at_5": 0.807925,
        "mrr_at_10": 0.812763,
        "mrr_at_20": 0.814504,
        "mrr_at_100": 0.815072,
        "mrr_at_1000": 0.815117,
        "nauc_ndcg_at_1_max": 0.522263,
        "nauc_ndcg_at_1_std": 0.06022,
        "nauc_ndcg_at_1_diff1": 0.775457,
        "nauc_ndcg_at_3_max": 0.60772,
        "nauc_ndcg_at_3_std": 0.161291,
        "nauc_ndcg_at_3_diff1": 0.745945,
        "nauc_ndcg_at_5_max": 0.623395,
        "nauc_ndcg_at_5_std": 0.181332,
        "nauc_ndcg_at_5_diff1": 0.751025,
        "nauc_ndcg_at_10_max": 0.607908,
        "nauc_ndcg_at_10_std": 0.155289,
        "nauc_ndcg_at_10_diff1": 0.751756,
        "nauc_ndcg_at_20_max": 0.596392,
        "nauc_ndcg_at_20_std": 0.147697,
        "nauc_ndcg_at_20_diff1": 0.754919,
        "nauc_ndcg_at_100_max": 0.588266,
        "nauc_ndcg_at_100_std": 0.136777,
        "nauc_ndcg_at_100_diff1": 0.756494,
        "nauc_ndcg_at_1000_max": 0.585863,
        "nauc_ndcg_at_1000_std": 0.13434,
        "nauc_ndcg_at_1000_diff1": 0.756227,
        "nauc_map_at_1_max": 0.522263,
        "nauc_map_at_1_std": 0.06022,
        "nauc_map_at_1_diff1": 0.775457,
        "nauc_map_at_3_max": 0.579652,
        "nauc_map_at_3_std": 0.127397,
        "nauc_map_at_3_diff1": 0.754023,
        "nauc_map_at_5_max": 0.586137,
        "nauc_map_at_5_std": 0.135886,
        "nauc_map_at_5_diff1": 0.756947,
        "nauc_map_at_10_max": 0.579569,
        "nauc_map_at_10_std": 0.125587,
        "nauc_map_at_10_diff1": 0.757076,
        "nauc_map_at_20_max": 0.576592,
        "nauc_map_at_20_std": 0.123505,
        "nauc_map_at_20_diff1": 0.757869,
        "nauc_map_at_100_max": 0.575658,
        "nauc_map_at_100_std": 0.122288,
        "nauc_map_at_100_diff1": 0.758104,
        "nauc_map_at_1000_max": 0.575556,
        "nauc_map_at_1000_std": 0.122175,
        "nauc_map_at_1000_diff1": 0.7581,
        "nauc_recall_at_1_max": 0.522263,
        "nauc_recall_at_1_std": 0.06022,
        "nauc_recall_at_1_diff1": 0.775457,
        "nauc_recall_at_3_max": 0.736755,
        "nauc_recall_at_3_std": 0.317542,
        "nauc_recall_at_3_diff1": 0.709808,
        "nauc_recall_at_5_max": 0.851305,
        "nauc_recall_at_5_std": 0.459845,
        "nauc_recall_at_5_diff1": 0.717718,
        "nauc_recall_at_10_max": 0.878713,
        "nauc_recall_at_10_std": 0.428396,
        "nauc_recall_at_10_diff1": 0.706282,
        "nauc_recall_at_20_max": 0.896776,
        "nauc_recall_at_20_std": 0.52584,
        "nauc_recall_at_20_diff1": 0.72741,
        "nauc_recall_at_100_max": 0.962666,
        "nauc_recall_at_100_std": 0.509954,
        "nauc_recall_at_100_diff1": 0.804925,
        "nauc_recall_at_1000_max": NaN,
        "nauc_recall_at_1000_std": NaN,
        "nauc_recall_at_1000_diff1": NaN,
        "nauc_precision_at_1_max": 0.522263,
        "nauc_precision_at_1_std": 0.06022,
        "nauc_precision_at_1_diff1": 0.775457,
        "nauc_precision_at_3_max": 0.736755,
        "nauc_precision_at_3_std": 0.317542,
        "nauc_precision_at_3_diff1": 0.709808,
        "nauc_precision_at_5_max": 0.851305,
        "nauc_precision_at_5_std": 0.459845,
        "nauc_precision_at_5_diff1": 0.717718,
        "nauc_precision_at_10_max": 0.878713,
        "nauc_precision_at_10_std": 0.428396,
        "nauc_precision_at_10_diff1": 0.706282,
        "nauc_precision_at_20_max": 0.896776,
        "nauc_precision_at_20_std": 0.52584,
        "nauc_precision_at_20_diff1": 0.72741,
        "nauc_precision_at_100_max": 0.962666,
        "nauc_precision_at_100_std": 0.509954,
        "nauc_precision_at_100_diff1": 0.804925,
        "nauc_precision_at_1000_max": 1.0,
        "nauc_precision_at_1000_std": 1.0,
        "nauc_precision_at_1000_diff1": 1.0,
        "nauc_mrr_at_1_max": 0.522263,
        "nauc_mrr_at_1_std": 0.06022,
        "nauc_mrr_at_1_diff1": 0.775457,
        "nauc_mrr_at_3_max": 0.579652,
        "nauc_mrr_at_3_std": 0.127397,
        "nauc_mrr_at_3_diff1": 0.754023,
        "nauc_mrr_at_5_max": 0.586137,
        "nauc_mrr_at_5_std": 0.135886,
        "nauc_mrr_at_5_diff1": 0.756947,
        "nauc_mrr_at_10_max": 0.579569,
        "nauc_mrr_at_10_std": 0.125587,
        "nauc_mrr_at_10_diff1": 0.757076,
        "nauc_mrr_at_20_max": 0.576592,
        "nauc_mrr_at_20_std": 0.123505,
        "nauc_mrr_at_20_diff1": 0.757869,
        "nauc_mrr_at_100_max": 0.575658,
        "nauc_mrr_at_100_std": 0.122288,
        "nauc_mrr_at_100_diff1": 0.758104,
        "nauc_mrr_at_1000_max": 0.575556,
        "nauc_mrr_at_1000_std": 0.122175,
        "nauc_mrr_at_1000_diff1": 0.7581,
        "main_score": 0.84656,
        "hf_subset": "tr",
        "languages": [
          "tur-Latn"
        ]
      }
    ]
  },
  "evaluation_time": 19.068541765213013,
  "kg_co2_emissions": null
}