{
  "dataset_revision": "main",
  "task_name": "ArguAnaTR",
  "mteb_version": "1.31.3",
  "scores": {
    "test": [
      {
        "ndcg_at_1": 0.21693,
        "ndcg_at_3": 0.35027,
        "ndcg_at_5": 0.396,
        "ndcg_at_10": 0.44861,
        "ndcg_at_20": 0.47935,
        "ndcg_at_100": 0.50047,
        "ndcg_at_1000": 0.50535,
        "map_at_1": 0.21693,
        "map_at_3": 0.31638,
        "map_at_5": 0.34177,
        "map_at_10": 0.36345,
        "map_at_20": 0.37198,
        "map_at_100": 0.37504,
        "map_at_1000": 0.37524,
        "recall_at_1": 0.21693,
        "recall_at_3": 0.44879,
        "recall_at_5": 0.55974,
        "recall_at_10": 0.72262,
        "recall_at_20": 0.84353,
        "recall_at_100": 0.95519,
        "recall_at_1000": 0.99289,
        "precision_at_1": 0.21693,
        "precision_at_3": 0.1496,
        "precision_at_5": 0.11195,
        "precision_at_10": 0.07226,
        "precision_at_20": 0.04218,
        "precision_at_100": 0.00955,
        "precision_at_1000": 0.00099,
        "mrr_at_1": 0.21835,
        "mrr_at_3": 0.316738,
        "mrr_at_5": 0.342236,
        "mrr_at_10": 0.363658,
        "mrr_at_20": 0.372319,
        "mrr_at_100": 0.375378,
        "mrr_at_1000": 0.37557,
        "nauc_ndcg_at_1_max": -0.04257,
        "nauc_ndcg_at_1_std": -0.064234,
        "nauc_ndcg_at_1_diff1": 0.099543,
        "nauc_ndcg_at_3_max": -0.011146,
        "nauc_ndcg_at_3_std": -0.048329,
        "nauc_ndcg_at_3_diff1": 0.046795,
        "nauc_ndcg_at_5_max": 0.009026,
        "nauc_ndcg_at_5_std": -0.04739,
        "nauc_ndcg_at_5_diff1": 0.047493,
        "nauc_ndcg_at_10_max": 0.026568,
        "nauc_ndcg_at_10_std": -0.037631,
        "nauc_ndcg_at_10_diff1": 0.063012,
        "nauc_ndcg_at_20_max": 0.034179,
        "nauc_ndcg_at_20_std": -0.024982,
        "nauc_ndcg_at_20_diff1": 0.065728,
        "nauc_ndcg_at_100_max": 0.022614,
        "nauc_ndcg_at_100_std": -0.029541,
        "nauc_ndcg_at_100_diff1": 0.069025,
        "nauc_ndcg_at_1000_max": 0.015076,
        "nauc_ndcg_at_1000_std": -0.036485,
        "nauc_ndcg_at_1000_diff1": 0.066273,
        "nauc_map_at_1_max": -0.04257,
        "nauc_map_at_1_std": -0.064234,
        "nauc_map_at_1_diff1": 0.099543,
        "nauc_map_at_3_max": -0.016566,
        "nauc_map_at_3_std": -0.050717,
        "nauc_map_at_3_diff1": 0.05694,
        "nauc_map_at_5_max": -0.005414,
        "nauc_map_at_5_std": -0.050221,
        "nauc_map_at_5_diff1": 0.05765,
        "nauc_map_at_10_max": 0.000888,
        "nauc_map_at_10_std": -0.047215,
        "nauc_map_at_10_diff1": 0.064286,
        "nauc_map_at_20_max": 0.00201,
        "nauc_map_at_20_std": -0.044499,
        "nauc_map_at_20_diff1": 0.064969,
        "nauc_map_at_100_max": 0.000506,
        "nauc_map_at_100_std": -0.045433,
        "nauc_map_at_100_diff1": 0.065493,
        "nauc_map_at_1000_max": 0.000253,
        "nauc_map_at_1000_std": -0.045658,
        "nauc_map_at_1000_diff1": 0.065409,
        "nauc_recall_at_1_max": -0.04257,
        "nauc_recall_at_1_std": -0.064234,
        "nauc_recall_at_1_diff1": 0.099543,
        "nauc_recall_at_3_max": 0.002639,
        "nauc_recall_at_3_std": -0.042429,
        "nauc_recall_at_3_diff1": 0.020485,
        "nauc_recall_at_5_max": 0.052113,
        "nauc_recall_at_5_std": -0.039751,
        "nauc_recall_at_5_diff1": 0.019425,
        "nauc_recall_at_10_max": 0.134383,
        "nauc_recall_at_10_std": 0.00494,
        "nauc_recall_at_10_diff1": 0.067189,
        "nauc_recall_at_20_max": 0.260156,
        "nauc_recall_at_20_std": 0.126117,
        "nauc_recall_at_20_diff1": 0.08971,
        "nauc_recall_at_100_max": 0.421341,
        "nauc_recall_at_100_std": 0.357196,
        "nauc_recall_at_100_diff1": 0.230963,
        "nauc_recall_at_1000_max": 0.484334,
        "nauc_recall_at_1000_std": 0.517577,
        "nauc_recall_at_1000_diff1": 0.317699,
        "nauc_precision_at_1_max": -0.04257,
        "nauc_precision_at_1_std": -0.064234,
        "nauc_precision_at_1_diff1": 0.099543,
        "nauc_precision_at_3_max": 0.002639,
        "nauc_precision_at_3_std": -0.042429,
        "nauc_precision_at_3_diff1": 0.020485,
        "nauc_precision_at_5_max": 0.052113,
        "nauc_precision_at_5_std": -0.039751,
        "nauc_precision_at_5_diff1": 0.019425,
        "nauc_precision_at_10_max": 0.134383,
        "nauc_precision_at_10_std": 0.00494,
        "nauc_precision_at_10_diff1": 0.067189,
        "nauc_precision_at_20_max": 0.260156,
        "nauc_precision_at_20_std": 0.126117,
        "nauc_precision_at_20_diff1": 0.08971,
        "nauc_precision_at_100_max": 0.421341,
        "nauc_precision_at_100_std": 0.357196,
        "nauc_precision_at_100_diff1": 0.230963,
        "nauc_precision_at_1000_max": 0.484334,
        "nauc_precision_at_1000_std": 0.517577,
        "nauc_precision_at_1000_diff1": 0.317699,
        "nauc_mrr_at_1_max": -0.035591,
        "nauc_mrr_at_1_std": -0.060783,
        "nauc_mrr_at_1_diff1": 0.094527,
        "nauc_mrr_at_3_max": -0.017397,
        "nauc_mrr_at_3_std": -0.050035,
        "nauc_mrr_at_3_diff1": 0.050485,
        "nauc_mrr_at_5_max": -0.005344,
        "nauc_mrr_at_5_std": -0.048174,
        "nauc_mrr_at_5_diff1": 0.051996,
        "nauc_mrr_at_10_max": 0.000228,
        "nauc_mrr_at_10_std": -0.046106,
        "nauc_mrr_at_10_diff1": 0.057554,
        "nauc_mrr_at_20_max": 0.002006,
        "nauc_mrr_at_20_std": -0.042913,
        "nauc_mrr_at_20_diff1": 0.058751,
        "nauc_mrr_at_100_max": 0.000496,
        "nauc_mrr_at_100_std": -0.043831,
        "nauc_mrr_at_100_diff1": 0.059215,
        "nauc_mrr_at_1000_max": 0.000244,
        "nauc_mrr_at_1000_std": -0.044054,
        "nauc_mrr_at_1000_diff1": 0.059128,
        "main_score": 0.44861,
        "hf_subset": "default",
        "languages": [
          "tur-Latn"
        ]
      }
    ]
  },
  "evaluation_time": 669.3911700248718,
  "kg_co2_emissions": null
}