{
  "dataset_revision": "main",
  "task_name": "CQADupstackGamingRetrievalTR",
  "mteb_version": "1.31.3",
  "scores": {
    "test": [
      {
        "ndcg_at_1": 0.40351,
        "ndcg_at_3": 0.47661,
        "ndcg_at_5": 0.50077,
        "ndcg_at_10": 0.52353,
        "ndcg_at_20": 0.53959,
        "ndcg_at_100": 0.56256,
        "ndcg_at_1000": 0.57895,
        "map_at_1": 0.40351,
        "map_at_3": 0.45873,
        "map_at_5": 0.47212,
        "map_at_10": 0.48156,
        "map_at_20": 0.48589,
        "map_at_100": 0.4889,
        "map_at_1000": 0.48948,
        "recall_at_1": 0.40351,
        "recall_at_3": 0.52834,
        "recall_at_5": 0.58704,
        "recall_at_10": 0.65722,
        "recall_at_20": 0.72132,
        "recall_at_100": 0.8475,
        "recall_at_1000": 0.97841,
        "precision_at_1": 0.40351,
        "precision_at_3": 0.17611,
        "precision_at_5": 0.11741,
        "precision_at_10": 0.06572,
        "precision_at_20": 0.03607,
        "precision_at_100": 0.00848,
        "precision_at_1000": 0.00098,
        "mrr_at_1": 0.403509,
        "mrr_at_3": 0.458727,
        "mrr_at_5": 0.472121,
        "mrr_at_10": 0.481558,
        "mrr_at_20": 0.485891,
        "mrr_at_100": 0.488898,
        "mrr_at_1000": 0.489478,
        "nauc_ndcg_at_1_max": 0.392452,
        "nauc_ndcg_at_1_std": -0.122946,
        "nauc_ndcg_at_1_diff1": 0.694492,
        "nauc_ndcg_at_3_max": 0.404638,
        "nauc_ndcg_at_3_std": -0.120311,
        "nauc_ndcg_at_3_diff1": 0.643672,
        "nauc_ndcg_at_5_max": 0.40653,
        "nauc_ndcg_at_5_std": -0.11551,
        "nauc_ndcg_at_5_diff1": 0.635097,
        "nauc_ndcg_at_10_max": 0.39955,
        "nauc_ndcg_at_10_std": -0.12156,
        "nauc_ndcg_at_10_diff1": 0.628859,
        "nauc_ndcg_at_20_max": 0.400736,
        "nauc_ndcg_at_20_std": -0.117079,
        "nauc_ndcg_at_20_diff1": 0.625792,
        "nauc_ndcg_at_100_max": 0.402756,
        "nauc_ndcg_at_100_std": -0.110389,
        "nauc_ndcg_at_100_diff1": 0.630295,
        "nauc_ndcg_at_1000_max": 0.403207,
        "nauc_ndcg_at_1000_std": -0.110068,
        "nauc_ndcg_at_1000_diff1": 0.635386,
        "nauc_map_at_1_max": 0.392452,
        "nauc_map_at_1_std": -0.122946,
        "nauc_map_at_1_diff1": 0.694492,
        "nauc_map_at_3_max": 0.402478,
        "nauc_map_at_3_std": -0.12104,
        "nauc_map_at_3_diff1": 0.65565,
        "nauc_map_at_5_max": 0.4034,
        "nauc_map_at_5_std": -0.118496,
        "nauc_map_at_5_diff1": 0.651098,
        "nauc_map_at_10_max": 0.400852,
        "nauc_map_at_10_std": -0.120478,
        "nauc_map_at_10_diff1": 0.648655,
        "nauc_map_at_20_max": 0.401087,
        "nauc_map_at_20_std": -0.11936,
        "nauc_map_at_20_diff1": 0.648062,
        "nauc_map_at_100_max": 0.401185,
        "nauc_map_at_100_std": -0.118692,
        "nauc_map_at_100_diff1": 0.648541,
        "nauc_map_at_1000_max": 0.401253,
        "nauc_map_at_1000_std": -0.118529,
        "nauc_map_at_1000_diff1": 0.64869,
        "nauc_recall_at_1_max": 0.392452,
        "nauc_recall_at_1_std": -0.122946,
        "nauc_recall_at_1_diff1": 0.694492,
        "nauc_recall_at_3_max": 0.410743,
        "nauc_recall_at_3_std": -0.118092,
        "nauc_recall_at_3_diff1": 0.60804,
        "nauc_recall_at_5_max": 0.416402,
        "nauc_recall_at_5_std": -0.105236,
        "nauc_recall_at_5_diff1": 0.583692,
        "nauc_recall_at_10_max": 0.390897,
        "nauc_recall_at_10_std": -0.128606,
        "nauc_recall_at_10_diff1": 0.555864,
        "nauc_recall_at_20_max": 0.396525,
        "nauc_recall_at_20_std": -0.105963,
        "nauc_recall_at_20_diff1": 0.52765,
        "nauc_recall_at_100_max": 0.421401,
        "nauc_recall_at_100_std": -0.019783,
        "nauc_recall_at_100_diff1": 0.520039,
        "nauc_recall_at_1000_max": 0.521317,
        "nauc_recall_at_1000_std": 0.387559,
        "nauc_recall_at_1000_diff1": 0.45027,
        "nauc_precision_at_1_max": 0.392452,
        "nauc_precision_at_1_std": -0.122946,
        "nauc_precision_at_1_diff1": 0.694492,
        "nauc_precision_at_3_max": 0.410743,
        "nauc_precision_at_3_std": -0.118092,
        "nauc_precision_at_3_diff1": 0.60804,
        "nauc_precision_at_5_max": 0.416402,
        "nauc_precision_at_5_std": -0.105236,
        "nauc_precision_at_5_diff1": 0.583692,
        "nauc_precision_at_10_max": 0.390897,
        "nauc_precision_at_10_std": -0.128606,
        "nauc_precision_at_10_diff1": 0.555864,
        "nauc_precision_at_20_max": 0.396525,
        "nauc_precision_at_20_std": -0.105963,
        "nauc_precision_at_20_diff1": 0.52765,
        "nauc_precision_at_100_max": 0.421401,
        "nauc_precision_at_100_std": -0.019783,
        "nauc_precision_at_100_diff1": 0.520039,
        "nauc_precision_at_1000_max": 0.521317,
        "nauc_precision_at_1000_std": 0.387559,
        "nauc_precision_at_1000_diff1": 0.45027,
        "nauc_mrr_at_1_max": 0.392452,
        "nauc_mrr_at_1_std": -0.122946,
        "nauc_mrr_at_1_diff1": 0.694492,
        "nauc_mrr_at_3_max": 0.402478,
        "nauc_mrr_at_3_std": -0.12104,
        "nauc_mrr_at_3_diff1": 0.65565,
        "nauc_mrr_at_5_max": 0.4034,
        "nauc_mrr_at_5_std": -0.118496,
        "nauc_mrr_at_5_diff1": 0.651098,
        "nauc_mrr_at_10_max": 0.400852,
        "nauc_mrr_at_10_std": -0.120478,
        "nauc_mrr_at_10_diff1": 0.648655,
        "nauc_mrr_at_20_max": 0.401087,
        "nauc_mrr_at_20_std": -0.11936,
        "nauc_mrr_at_20_diff1": 0.648062,
        "nauc_mrr_at_100_max": 0.401185,
        "nauc_mrr_at_100_std": -0.118692,
        "nauc_mrr_at_100_diff1": 0.648541,
        "nauc_mrr_at_1000_max": 0.401253,
        "nauc_mrr_at_1000_std": -0.118529,
        "nauc_mrr_at_1000_diff1": 0.64869,
        "main_score": 0.52353,
        "hf_subset": "default",
        "languages": [
          "tur-Latn"
        ]
      }
    ]
  },
  "evaluation_time": 81.7812762260437,
  "kg_co2_emissions": null
}