{
  "dataset_revision": "main",
  "task_name": "FiQA2018TR",
  "mteb_version": "1.31.3",
  "scores": {
    "test": [
      {
        "ndcg_at_1": 0.22222,
        "ndcg_at_3": 0.31544,
        "ndcg_at_5": 0.34452,
        "ndcg_at_10": 0.37134,
        "ndcg_at_20": 0.39225,
        "ndcg_at_100": 0.42519,
        "ndcg_at_1000": 0.44804,
        "map_at_1": 0.22222,
        "map_at_3": 0.2927,
        "map_at_5": 0.30874,
        "map_at_10": 0.32002,
        "map_at_20": 0.32568,
        "map_at_100": 0.33016,
        "map_at_1000": 0.33097,
        "recall_at_1": 0.22222,
        "recall_at_3": 0.38117,
        "recall_at_5": 0.45216,
        "recall_at_10": 0.53395,
        "recall_at_20": 0.61728,
        "recall_at_100": 0.7963,
        "recall_at_1000": 0.97994,
        "precision_at_1": 0.22222,
        "precision_at_3": 0.12706,
        "precision_at_5": 0.09043,
        "precision_at_10": 0.0534,
        "precision_at_20": 0.03086,
        "precision_at_100": 0.00796,
        "precision_at_1000": 0.00098,
        "mrr_at_1": 0.222222,
        "mrr_at_3": 0.292695,
        "mrr_at_5": 0.308745,
        "mrr_at_10": 0.320017,
        "mrr_at_20": 0.325682,
        "mrr_at_100": 0.330165,
        "mrr_at_1000": 0.330966,
        "nauc_ndcg_at_1_max": 0.174297,
        "nauc_ndcg_at_1_std": -0.126032,
        "nauc_ndcg_at_1_diff1": 0.445325,
        "nauc_ndcg_at_3_max": 0.175653,
        "nauc_ndcg_at_3_std": -0.130197,
        "nauc_ndcg_at_3_diff1": 0.353977,
        "nauc_ndcg_at_5_max": 0.172549,
        "nauc_ndcg_at_5_std": -0.129034,
        "nauc_ndcg_at_5_diff1": 0.330349,
        "nauc_ndcg_at_10_max": 0.175524,
        "nauc_ndcg_at_10_std": -0.115303,
        "nauc_ndcg_at_10_diff1": 0.32888,
        "nauc_ndcg_at_20_max": 0.174783,
        "nauc_ndcg_at_20_std": -0.114263,
        "nauc_ndcg_at_20_diff1": 0.330907,
        "nauc_ndcg_at_100_max": 0.179539,
        "nauc_ndcg_at_100_std": -0.104868,
        "nauc_ndcg_at_100_diff1": 0.330539,
        "nauc_ndcg_at_1000_max": 0.179509,
        "nauc_ndcg_at_1000_std": -0.107314,
        "nauc_ndcg_at_1000_diff1": 0.342049,
        "nauc_map_at_1_max": 0.174297,
        "nauc_map_at_1_std": -0.126032,
        "nauc_map_at_1_diff1": 0.445325,
        "nauc_map_at_3_max": 0.17519,
        "nauc_map_at_3_std": -0.128684,
        "nauc_map_at_3_diff1": 0.373447,
        "nauc_map_at_5_max": 0.173213,
        "nauc_map_at_5_std": -0.128304,
        "nauc_map_at_5_diff1": 0.359941,
        "nauc_map_at_10_max": 0.173973,
        "nauc_map_at_10_std": -0.122828,
        "nauc_map_at_10_diff1": 0.359251,
        "nauc_map_at_20_max": 0.173574,
        "nauc_map_at_20_std": -0.122752,
        "nauc_map_at_20_diff1": 0.360284,
        "nauc_map_at_100_max": 0.174509,
        "nauc_map_at_100_std": -0.121505,
        "nauc_map_at_100_diff1": 0.360202,
        "nauc_map_at_1000_max": 0.17455,
        "nauc_map_at_1000_std": -0.121453,
        "nauc_map_at_1000_diff1": 0.360638,
        "nauc_recall_at_1_max": 0.174297,
        "nauc_recall_at_1_std": -0.126032,
        "nauc_recall_at_1_diff1": 0.445325,
        "nauc_recall_at_3_max": 0.176937,
        "nauc_recall_at_3_std": -0.134416,
        "nauc_recall_at_3_diff1": 0.30281,
        "nauc_recall_at_5_max": 0.170669,
        "nauc_recall_at_5_std": -0.130716,
        "nauc_recall_at_5_diff1": 0.248803,
        "nauc_recall_at_10_max": 0.182122,
        "nauc_recall_at_10_std": -0.08791,
        "nauc_recall_at_10_diff1": 0.241476,
        "nauc_recall_at_20_max": 0.181298,
        "nauc_recall_at_20_std": -0.079417,
        "nauc_recall_at_20_diff1": 0.23817,
        "nauc_recall_at_100_max": 0.218382,
        "nauc_recall_at_100_std": 0.021396,
        "nauc_recall_at_100_diff1": 0.184859,
        "nauc_recall_at_1000_max": 0.498929,
        "nauc_recall_at_1000_std": 0.649613,
        "nauc_recall_at_1000_diff1": 0.227975,
        "nauc_precision_at_1_max": 0.174297,
        "nauc_precision_at_1_std": -0.126032,
        "nauc_precision_at_1_diff1": 0.445325,
        "nauc_precision_at_3_max": 0.176937,
        "nauc_precision_at_3_std": -0.134416,
        "nauc_precision_at_3_diff1": 0.30281,
        "nauc_precision_at_5_max": 0.170669,
        "nauc_precision_at_5_std": -0.130716,
        "nauc_precision_at_5_diff1": 0.248803,
        "nauc_precision_at_10_max": 0.182122,
        "nauc_precision_at_10_std": -0.08791,
        "nauc_precision_at_10_diff1": 0.241476,
        "nauc_precision_at_20_max": 0.181298,
        "nauc_precision_at_20_std": -0.079417,
        "nauc_precision_at_20_diff1": 0.23817,
        "nauc_precision_at_100_max": 0.218382,
        "nauc_precision_at_100_std": 0.021396,
        "nauc_precision_at_100_diff1": 0.184859,
        "nauc_precision_at_1000_max": 0.498929,
        "nauc_precision_at_1000_std": 0.649613,
        "nauc_precision_at_1000_diff1": 0.227975,
        "nauc_mrr_at_1_max": 0.174297,
        "nauc_mrr_at_1_std": -0.126032,
        "nauc_mrr_at_1_diff1": 0.445325,
        "nauc_mrr_at_3_max": 0.17519,
        "nauc_mrr_at_3_std": -0.128684,
        "nauc_mrr_at_3_diff1": 0.373447,
        "nauc_mrr_at_5_max": 0.173213,
        "nauc_mrr_at_5_std": -0.128304,
        "nauc_mrr_at_5_diff1": 0.359941,
        "nauc_mrr_at_10_max": 0.173973,
        "nauc_mrr_at_10_std": -0.122828,
        "nauc_mrr_at_10_diff1": 0.359251,
        "nauc_mrr_at_20_max": 0.173574,
        "nauc_mrr_at_20_std": -0.122752,
        "nauc_mrr_at_20_diff1": 0.360284,
        "nauc_mrr_at_100_max": 0.174509,
        "nauc_mrr_at_100_std": -0.121505,
        "nauc_mrr_at_100_diff1": 0.360202,
        "nauc_mrr_at_1000_max": 0.17455,
        "nauc_mrr_at_1000_std": -0.121453,
        "nauc_mrr_at_1000_diff1": 0.360638,
        "main_score": 0.37134,
        "hf_subset": "default",
        "languages": [
          "tur-Latn"
        ]
      }
    ]
  },
  "evaluation_time": 116.53244996070862,
  "kg_co2_emissions": null
}