{
  "dataset_revision": "main",
  "task_name": "MSMarcoTRRetrieval",
  "mteb_version": "1.31.3",
  "scores": {
    "test": [
      {
        "ndcg_at_1": 0.5022,
        "ndcg_at_3": 0.52911,
        "ndcg_at_5": 0.53597,
        "ndcg_at_10": 0.53965,
        "ndcg_at_20": 0.54239,
        "ndcg_at_100": 0.54461,
        "ndcg_at_1000": 0.545,
        "map_at_1": 0.5022,
        "map_at_3": 0.52282,
        "map_at_5": 0.52663,
        "map_at_10": 0.52817,
        "map_at_20": 0.52894,
        "map_at_100": 0.52923,
        "map_at_1000": 0.52924,
        "recall_at_1": 0.5022,
        "recall_at_3": 0.54719,
        "recall_at_5": 0.56381,
        "recall_at_10": 0.57506,
        "recall_at_20": 0.58582,
        "recall_at_100": 0.59804,
        "recall_at_1000": 0.60098,
        "precision_at_1": 0.5022,
        "precision_at_3": 0.1824,
        "precision_at_5": 0.11276,
        "precision_at_10": 0.05751,
        "precision_at_20": 0.02929,
        "precision_at_100": 0.00598,
        "precision_at_1000": 0.0006,
        "mrr_at_1": 0.5022,
        "mrr_at_3": 0.52282,
        "mrr_at_5": 0.526634,
        "mrr_at_10": 0.52817,
        "mrr_at_20": 0.528939,
        "mrr_at_100": 0.529227,
        "mrr_at_1000": 0.529243,
        "nauc_ndcg_at_1_max": 0.770812,
        "nauc_ndcg_at_1_std": 0.162172,
        "nauc_ndcg_at_1_diff1": 0.830829,
        "nauc_ndcg_at_3_max": 0.773878,
        "nauc_ndcg_at_3_std": 0.168461,
        "nauc_ndcg_at_3_diff1": 0.805121,
        "nauc_ndcg_at_5_max": 0.770741,
        "nauc_ndcg_at_5_std": 0.17173,
        "nauc_ndcg_at_5_diff1": 0.797754,
        "nauc_ndcg_at_10_max": 0.766242,
        "nauc_ndcg_at_10_std": 0.16833,
        "nauc_ndcg_at_10_diff1": 0.795463,
        "nauc_ndcg_at_20_max": 0.762334,
        "nauc_ndcg_at_20_std": 0.165776,
        "nauc_ndcg_at_20_diff1": 0.792291,
        "nauc_ndcg_at_100_max": 0.759722,
        "nauc_ndcg_at_100_std": 0.16512,
        "nauc_ndcg_at_100_diff1": 0.790115,
        "nauc_ndcg_at_1000_max": 0.759249,
        "nauc_ndcg_at_1000_std": 0.164492,
        "nauc_ndcg_at_1000_diff1": 0.789766,
        "nauc_map_at_1_max": 0.770812,
        "nauc_map_at_1_std": 0.162172,
        "nauc_map_at_1_diff1": 0.830829,
        "nauc_map_at_3_max": 0.773526,
        "nauc_map_at_3_std": 0.167149,
        "nauc_map_at_3_diff1": 0.811452,
        "nauc_map_at_5_max": 0.7718,
        "nauc_map_at_5_std": 0.168858,
        "nauc_map_at_5_diff1": 0.807415,
        "nauc_map_at_10_max": 0.769997,
        "nauc_map_at_10_std": 0.167488,
        "nauc_map_at_10_diff1": 0.806486,
        "nauc_map_at_20_max": 0.768895,
        "nauc_map_at_20_std": 0.166767,
        "nauc_map_at_20_diff1": 0.805585,
        "nauc_map_at_100_max": 0.768621,
        "nauc_map_at_100_std": 0.166768,
        "nauc_map_at_100_diff1": 0.805391,
        "nauc_map_at_1000_max": 0.7686,
        "nauc_map_at_1000_std": 0.166736,
        "nauc_map_at_1000_diff1": 0.805374,
        "nauc_recall_at_1_max": 0.770812,
        "nauc_recall_at_1_std": 0.162172,
        "nauc_recall_at_1_diff1": 0.830829,
        "nauc_recall_at_3_max": 0.774751,
        "nauc_recall_at_3_std": 0.172248,
        "nauc_recall_at_3_diff1": 0.786375,
        "nauc_recall_at_5_max": 0.76692,
        "nauc_recall_at_5_std": 0.180844,
        "nauc_recall_at_5_diff1": 0.767666,
        "nauc_recall_at_10_max": 0.752267,
        "nauc_recall_at_10_std": 0.169913,
        "nauc_recall_at_10_diff1": 0.75999,
        "nauc_recall_at_20_max": 0.736279,
        "nauc_recall_at_20_std": 0.159581,
        "nauc_recall_at_20_diff1": 0.746826,
        "nauc_recall_at_100_max": 0.719751,
        "nauc_recall_at_100_std": 0.154323,
        "nauc_recall_at_100_diff1": 0.732265,
        "nauc_recall_at_1000_max": 0.715847,
        "nauc_recall_at_1000_std": 0.149442,
        "nauc_recall_at_1000_diff1": 0.729334,
        "nauc_precision_at_1_max": 0.770812,
        "nauc_precision_at_1_std": 0.162172,
        "nauc_precision_at_1_diff1": 0.830829,
        "nauc_precision_at_3_max": 0.774751,
        "nauc_precision_at_3_std": 0.172248,
        "nauc_precision_at_3_diff1": 0.786375,
        "nauc_precision_at_5_max": 0.76692,
        "nauc_precision_at_5_std": 0.180844,
        "nauc_precision_at_5_diff1": 0.767666,
        "nauc_precision_at_10_max": 0.752267,
        "nauc_precision_at_10_std": 0.169913,
        "nauc_precision_at_10_diff1": 0.75999,
        "nauc_precision_at_20_max": 0.736279,
        "nauc_precision_at_20_std": 0.159581,
        "nauc_precision_at_20_diff1": 0.746826,
        "nauc_precision_at_100_max": 0.719751,
        "nauc_precision_at_100_std": 0.154323,
        "nauc_precision_at_100_diff1": 0.732265,
        "nauc_precision_at_1000_max": 0.715847,
        "nauc_precision_at_1000_std": 0.149442,
        "nauc_precision_at_1000_diff1": 0.729334,
        "nauc_mrr_at_1_max": 0.770812,
        "nauc_mrr_at_1_std": 0.162172,
        "nauc_mrr_at_1_diff1": 0.830829,
        "nauc_mrr_at_3_max": 0.773526,
        "nauc_mrr_at_3_std": 0.167149,
        "nauc_mrr_at_3_diff1": 0.811452,
        "nauc_mrr_at_5_max": 0.7718,
        "nauc_mrr_at_5_std": 0.168858,
        "nauc_mrr_at_5_diff1": 0.807415,
        "nauc_mrr_at_10_max": 0.769997,
        "nauc_mrr_at_10_std": 0.167488,
        "nauc_mrr_at_10_diff1": 0.806486,
        "nauc_mrr_at_20_max": 0.768895,
        "nauc_mrr_at_20_std": 0.166767,
        "nauc_mrr_at_20_diff1": 0.805585,
        "nauc_mrr_at_100_max": 0.768621,
        "nauc_mrr_at_100_std": 0.166768,
        "nauc_mrr_at_100_diff1": 0.805391,
        "nauc_mrr_at_1000_max": 0.7686,
        "nauc_mrr_at_1000_std": 0.166736,
        "nauc_mrr_at_1000_diff1": 0.805374,
        "main_score": 0.53965,
        "hf_subset": "default",
        "languages": [
          "tur-Latn"
        ]
      }
    ]
  },
  "evaluation_time": 49.36049818992615,
  "kg_co2_emissions": null
}