{
  "dataset_revision": "main",
  "task_name": "NFCorpusTR",
  "mteb_version": "1.31.3",
  "scores": {
    "test": [
      {
        "ndcg_at_1": 0.03937,
        "ndcg_at_3": 0.06463,
        "ndcg_at_5": 0.07276,
        "ndcg_at_10": 0.07897,
        "ndcg_at_20": 0.08993,
        "ndcg_at_100": 0.11763,
        "ndcg_at_1000": 0.18368,
        "map_at_1": 0.03937,
        "map_at_3": 0.0584,
        "map_at_5": 0.06293,
        "map_at_10": 0.0654,
        "map_at_20": 0.06841,
        "map_at_100": 0.07193,
        "map_at_1000": 0.07358,
        "recall_at_1": 0.03937,
        "recall_at_3": 0.08268,
        "recall_at_5": 0.10236,
        "recall_at_10": 0.12205,
        "recall_at_20": 0.16535,
        "recall_at_100": 0.3189,
        "recall_at_1000": 0.88976,
        "precision_at_1": 0.03937,
        "precision_at_3": 0.02756,
        "precision_at_5": 0.02047,
        "precision_at_10": 0.0122,
        "precision_at_20": 0.00827,
        "precision_at_100": 0.00319,
        "precision_at_1000": 0.00089,
        "mrr_at_1": 0.03937,
        "mrr_at_3": 0.058399,
        "mrr_at_5": 0.062927,
        "mrr_at_10": 0.065398,
        "mrr_at_20": 0.068411,
        "mrr_at_100": 0.071933,
        "mrr_at_1000": 0.07358,
        "nauc_ndcg_at_1_max": 0.352368,
        "nauc_ndcg_at_1_std": 0.167261,
        "nauc_ndcg_at_1_diff1": 0.292565,
        "nauc_ndcg_at_3_max": 0.308168,
        "nauc_ndcg_at_3_std": 0.188317,
        "nauc_ndcg_at_3_diff1": 0.223337,
        "nauc_ndcg_at_5_max": 0.267711,
        "nauc_ndcg_at_5_std": 0.161946,
        "nauc_ndcg_at_5_diff1": 0.200345,
        "nauc_ndcg_at_10_max": 0.259612,
        "nauc_ndcg_at_10_std": 0.163545,
        "nauc_ndcg_at_10_diff1": 0.181656,
        "nauc_ndcg_at_20_max": 0.279507,
        "nauc_ndcg_at_20_std": 0.204543,
        "nauc_ndcg_at_20_diff1": 0.185636,
        "nauc_ndcg_at_100_max": 0.25394,
        "nauc_ndcg_at_100_std": 0.215237,
        "nauc_ndcg_at_100_diff1": 0.159562,
        "nauc_ndcg_at_1000_max": 0.272167,
        "nauc_ndcg_at_1000_std": 0.216415,
        "nauc_ndcg_at_1000_diff1": 0.162281,
        "nauc_map_at_1_max": 0.352368,
        "nauc_map_at_1_std": 0.167261,
        "nauc_map_at_1_diff1": 0.292565,
        "nauc_map_at_3_max": 0.314922,
        "nauc_map_at_3_std": 0.189789,
        "nauc_map_at_3_diff1": 0.227043,
        "nauc_map_at_5_max": 0.287784,
        "nauc_map_at_5_std": 0.172737,
        "nauc_map_at_5_diff1": 0.211674,
        "nauc_map_at_10_max": 0.282001,
        "nauc_map_at_10_std": 0.171616,
        "nauc_map_at_10_diff1": 0.20257,
        "nauc_map_at_20_max": 0.287122,
        "nauc_map_at_20_std": 0.18496,
        "nauc_map_at_20_diff1": 0.204125,
        "nauc_map_at_100_max": 0.282238,
        "nauc_map_at_100_std": 0.188102,
        "nauc_map_at_100_diff1": 0.197805,
        "nauc_map_at_1000_max": 0.28296,
        "nauc_map_at_1000_std": 0.188137,
        "nauc_map_at_1000_diff1": 0.198101,
        "nauc_recall_at_1_max": 0.352368,
        "nauc_recall_at_1_std": 0.167261,
        "nauc_recall_at_1_diff1": 0.292565,
        "nauc_recall_at_3_max": 0.294528,
        "nauc_recall_at_3_std": 0.183888,
        "nauc_recall_at_3_diff1": 0.217984,
        "nauc_recall_at_5_max": 0.228797,
        "nauc_recall_at_5_std": 0.139106,
        "nauc_recall_at_5_diff1": 0.180082,
        "nauc_recall_at_10_max": 0.220381,
        "nauc_recall_at_10_std": 0.149994,
        "nauc_recall_at_10_diff1": 0.142577,
        "nauc_recall_at_20_max": 0.278481,
        "nauc_recall_at_20_std": 0.250206,
        "nauc_recall_at_20_diff1": 0.156445,
        "nauc_recall_at_100_max": 0.211353,
        "nauc_recall_at_100_std": 0.259524,
        "nauc_recall_at_100_diff1": 0.102888,
        "nauc_recall_at_1000_max": 0.314116,
        "nauc_recall_at_1000_std": 0.375078,
        "nauc_recall_at_1000_diff1": -0.010006,
        "nauc_precision_at_1_max": 0.352368,
        "nauc_precision_at_1_std": 0.167261,
        "nauc_precision_at_1_diff1": 0.292565,
        "nauc_precision_at_3_max": 0.294528,
        "nauc_precision_at_3_std": 0.183888,
        "nauc_precision_at_3_diff1": 0.217984,
        "nauc_precision_at_5_max": 0.228797,
        "nauc_precision_at_5_std": 0.139106,
        "nauc_precision_at_5_diff1": 0.180082,
        "nauc_precision_at_10_max": 0.220381,
        "nauc_precision_at_10_std": 0.149994,
        "nauc_precision_at_10_diff1": 0.142577,
        "nauc_precision_at_20_max": 0.278481,
        "nauc_precision_at_20_std": 0.250206,
        "nauc_precision_at_20_diff1": 0.156445,
        "nauc_precision_at_100_max": 0.211353,
        "nauc_precision_at_100_std": 0.259524,
        "nauc_precision_at_100_diff1": 0.102888,
        "nauc_precision_at_1000_max": 0.314116,
        "nauc_precision_at_1000_std": 0.375078,
        "nauc_precision_at_1000_diff1": -0.010006,
        "nauc_mrr_at_1_max": 0.352368,
        "nauc_mrr_at_1_std": 0.167261,
        "nauc_mrr_at_1_diff1": 0.292565,
        "nauc_mrr_at_3_max": 0.314922,
        "nauc_mrr_at_3_std": 0.189789,
        "nauc_mrr_at_3_diff1": 0.227043,
        "nauc_mrr_at_5_max": 0.287784,
        "nauc_mrr_at_5_std": 0.172737,
        "nauc_mrr_at_5_diff1": 0.211674,
        "nauc_mrr_at_10_max": 0.282001,
        "nauc_mrr_at_10_std": 0.171616,
        "nauc_mrr_at_10_diff1": 0.20257,
        "nauc_mrr_at_20_max": 0.287122,
        "nauc_mrr_at_20_std": 0.18496,
        "nauc_mrr_at_20_diff1": 0.204125,
        "nauc_mrr_at_100_max": 0.282238,
        "nauc_mrr_at_100_std": 0.188102,
        "nauc_mrr_at_100_diff1": 0.197805,
        "nauc_mrr_at_1000_max": 0.28296,
        "nauc_mrr_at_1000_std": 0.188137,
        "nauc_mrr_at_1000_diff1": 0.198101,
        "main_score": 0.07897,
        "hf_subset": "default",
        "languages": [
          "tur-Latn"
        ]
      }
    ]
  },
  "evaluation_time": 160.48306608200073,
  "kg_co2_emissions": null
}