{
  "dataset_revision": "main",
  "task_name": "QuoraRetrievalTR",
  "mteb_version": "1.31.3",
  "scores": {
    "test": [
      {
        "ndcg_at_1": 0.87486,
        "ndcg_at_3": 0.92174,
        "ndcg_at_5": 0.92788,
        "ndcg_at_10": 0.93269,
        "ndcg_at_20": 0.93395,
        "ndcg_at_100": 0.93612,
        "ndcg_at_1000": 0.93633,
        "map_at_1": 0.87486,
        "map_at_3": 0.9109,
        "map_at_5": 0.91433,
        "map_at_10": 0.91633,
        "map_at_20": 0.91668,
        "map_at_100": 0.91703,
        "map_at_1000": 0.91704,
        "recall_at_1": 0.87486,
        "recall_at_3": 0.9528,
        "recall_at_5": 0.96762,
        "recall_at_10": 0.98244,
        "recall_at_20": 0.98738,
        "recall_at_100": 0.99835,
        "recall_at_1000": 1.0,
        "precision_at_1": 0.87486,
        "precision_at_3": 0.3176,
        "precision_at_5": 0.19352,
        "precision_at_10": 0.09824,
        "precision_at_20": 0.04937,
        "precision_at_100": 0.00998,
        "precision_at_1000": 0.001,
        "mrr_at_1": 0.874314,
        "mrr_at_3": 0.910629,
        "mrr_at_5": 0.91406,
        "mrr_at_10": 0.916055,
        "mrr_at_20": 0.916408,
        "mrr_at_100": 0.916758,
        "mrr_at_1000": 0.916765,
        "nauc_ndcg_at_1_max": 0.475768,
        "nauc_ndcg_at_1_std": -0.401632,
        "nauc_ndcg_at_1_diff1": 0.879782,
        "nauc_ndcg_at_3_max": 0.551473,
        "nauc_ndcg_at_3_std": -0.473561,
        "nauc_ndcg_at_3_diff1": 0.881467,
        "nauc_ndcg_at_5_max": 0.555034,
        "nauc_ndcg_at_5_std": -0.46415,
        "nauc_ndcg_at_5_diff1": 0.883699,
        "nauc_ndcg_at_10_max": 0.54216,
        "nauc_ndcg_at_10_std": -0.46156,
        "nauc_ndcg_at_10_diff1": 0.883293,
        "nauc_ndcg_at_20_max": 0.54124,
        "nauc_ndcg_at_20_std": -0.453205,
        "nauc_ndcg_at_20_diff1": 0.882395,
        "nauc_ndcg_at_100_max": 0.530093,
        "nauc_ndcg_at_100_std": -0.447063,
        "nauc_ndcg_at_100_diff1": 0.881711,
        "nauc_ndcg_at_1000_max": 0.528696,
        "nauc_ndcg_at_1000_std": -0.446571,
        "nauc_ndcg_at_1000_diff1": 0.881323,
        "nauc_map_at_1_max": 0.475768,
        "nauc_map_at_1_std": -0.401632,
        "nauc_map_at_1_diff1": 0.879782,
        "nauc_map_at_3_max": 0.527021,
        "nauc_map_at_3_std": -0.448826,
        "nauc_map_at_3_diff1": 0.879932,
        "nauc_map_at_5_max": 0.527532,
        "nauc_map_at_5_std": -0.444272,
        "nauc_map_at_5_diff1": 0.881048,
        "nauc_map_at_10_max": 0.522607,
        "nauc_map_at_10_std": -0.442236,
        "nauc_map_at_10_diff1": 0.880757,
        "nauc_map_at_20_max": 0.522226,
        "nauc_map_at_20_std": -0.440534,
        "nauc_map_at_20_diff1": 0.880516,
        "nauc_map_at_100_max": 0.520653,
        "nauc_map_at_100_std": -0.43996,
        "nauc_map_at_100_diff1": 0.88047,
        "nauc_map_at_1000_max": 0.520614,
        "nauc_map_at_1000_std": -0.439929,
        "nauc_map_at_1000_diff1": 0.88046,
        "nauc_recall_at_1_max": 0.475768,
        "nauc_recall_at_1_std": -0.401632,
        "nauc_recall_at_1_diff1": 0.879782,
        "nauc_recall_at_3_max": 0.681447,
        "nauc_recall_at_3_std": -0.606242,
        "nauc_recall_at_3_diff1": 0.890418,
        "nauc_recall_at_5_max": 0.761561,
        "nauc_recall_at_5_std": -0.607643,
        "nauc_recall_at_5_diff1": 0.904945,
        "nauc_recall_at_10_max": 0.785444,
        "nauc_recall_at_10_std": -0.716335,
        "nauc_recall_at_10_diff1": 0.920567,
        "nauc_recall_at_20_max": 0.866547,
        "nauc_recall_at_20_std": -0.636781,
        "nauc_recall_at_20_diff1": 0.918608,
        "nauc_recall_at_100_max": 0.956432,
        "nauc_recall_at_100_std": -0.527266,
        "nauc_recall_at_100_diff1": 1.0,
        "nauc_recall_at_1000_max": NaN,
        "nauc_recall_at_1000_std": NaN,
        "nauc_recall_at_1000_diff1": NaN,
        "nauc_precision_at_1_max": 0.475768,
        "nauc_precision_at_1_std": -0.401632,
        "nauc_precision_at_1_diff1": 0.879782,
        "nauc_precision_at_3_max": 0.681447,
        "nauc_precision_at_3_std": -0.606242,
        "nauc_precision_at_3_diff1": 0.890418,
        "nauc_precision_at_5_max": 0.761561,
        "nauc_precision_at_5_std": -0.607643,
        "nauc_precision_at_5_diff1": 0.904945,
        "nauc_precision_at_10_max": 0.785444,
        "nauc_precision_at_10_std": -0.716335,
        "nauc_precision_at_10_diff1": 0.920567,
        "nauc_precision_at_20_max": 0.866547,
        "nauc_precision_at_20_std": -0.636781,
        "nauc_precision_at_20_diff1": 0.918608,
        "nauc_precision_at_100_max": 0.956432,
        "nauc_precision_at_100_std": -0.527266,
        "nauc_precision_at_100_diff1": 1.0,
        "nauc_precision_at_1000_max": 1.0,
        "nauc_precision_at_1000_std": 1.0,
        "nauc_precision_at_1000_diff1": 1.0,
        "nauc_mrr_at_1_max": 0.479796,
        "nauc_mrr_at_1_std": -0.400834,
        "nauc_mrr_at_1_diff1": 0.880837,
        "nauc_mrr_at_3_max": 0.529691,
        "nauc_mrr_at_3_std": -0.448141,
        "nauc_mrr_at_3_diff1": 0.880667,
        "nauc_mrr_at_5_max": 0.530309,
        "nauc_mrr_at_5_std": -0.443572,
        "nauc_mrr_at_5_diff1": 0.88181,
        "nauc_mrr_at_10_max": 0.525466,
        "nauc_mrr_at_10_std": -0.441525,
        "nauc_mrr_at_10_diff1": 0.881539,
        "nauc_mrr_at_20_max": 0.525098,
        "nauc_mrr_at_20_std": -0.439825,
        "nauc_mrr_at_20_diff1": 0.881301,
        "nauc_mrr_at_100_max": 0.523542,
        "nauc_mrr_at_100_std": -0.43925,
        "nauc_mrr_at_100_diff1": 0.88126,
        "nauc_mrr_at_1000_max": 0.523504,
        "nauc_mrr_at_1000_std": -0.439219,
        "nauc_mrr_at_1000_diff1": 0.881249,
        "main_score": 0.93269,
        "hf_subset": "default",
        "languages": [
          "tur-Latn"
        ]
      }
    ]
  },
  "evaluation_time": 32.274128913879395,
  "kg_co2_emissions": null
}