{
  "dataset_revision": "main",
  "task_name": "SCIDOCSTR",
  "mteb_version": "1.31.3",
  "scores": {
    "test": [
      {
        "ndcg_at_1": 0.01672,
        "ndcg_at_3": 0.02332,
        "ndcg_at_5": 0.02701,
        "ndcg_at_10": 0.03412,
        "ndcg_at_20": 0.03814,
        "ndcg_at_100": 0.04763,
        "ndcg_at_1000": 0.09618,
        "map_at_1": 0.01672,
        "map_at_3": 0.02174,
        "map_at_5": 0.0238,
        "map_at_10": 0.02689,
        "map_at_20": 0.02803,
        "map_at_100": 0.02926,
        "map_at_1000": 0.03047,
        "recall_at_1": 0.01672,
        "recall_at_3": 0.02787,
        "recall_at_5": 0.03679,
        "recall_at_10": 0.05797,
        "recall_at_20": 0.07358,
        "recall_at_100": 0.12598,
        "recall_at_1000": 0.54627,
        "precision_at_1": 0.01672,
        "precision_at_3": 0.00929,
        "precision_at_5": 0.00736,
        "precision_at_10": 0.0058,
        "precision_at_20": 0.00368,
        "precision_at_100": 0.00126,
        "precision_at_1000": 0.00055,
        "mrr_at_1": 0.016722,
        "mrr_at_3": 0.021739,
        "mrr_at_5": 0.023802,
        "mrr_at_10": 0.02689,
        "mrr_at_20": 0.028033,
        "mrr_at_100": 0.029259,
        "mrr_at_1000": 0.03047,
        "nauc_ndcg_at_1_max": 0.180924,
        "nauc_ndcg_at_1_std": 0.080521,
        "nauc_ndcg_at_1_diff1": 0.224464,
        "nauc_ndcg_at_3_max": 0.165056,
        "nauc_ndcg_at_3_std": 0.085281,
        "nauc_ndcg_at_3_diff1": 0.219699,
        "nauc_ndcg_at_5_max": 0.170214,
        "nauc_ndcg_at_5_std": 0.084862,
        "nauc_ndcg_at_5_diff1": 0.211285,
        "nauc_ndcg_at_10_max": 0.175561,
        "nauc_ndcg_at_10_std": 0.121011,
        "nauc_ndcg_at_10_diff1": 0.153296,
        "nauc_ndcg_at_20_max": 0.14288,
        "nauc_ndcg_at_20_std": 0.090976,
        "nauc_ndcg_at_20_diff1": 0.122437,
        "nauc_ndcg_at_100_max": 0.113986,
        "nauc_ndcg_at_100_std": 0.076929,
        "nauc_ndcg_at_100_diff1": 0.117764,
        "nauc_ndcg_at_1000_max": 0.088041,
        "nauc_ndcg_at_1000_std": 0.058776,
        "nauc_ndcg_at_1000_diff1": 0.089892,
        "nauc_map_at_1_max": 0.180924,
        "nauc_map_at_1_std": 0.080521,
        "nauc_map_at_1_diff1": 0.224464,
        "nauc_map_at_3_max": 0.166983,
        "nauc_map_at_3_std": 0.082827,
        "nauc_map_at_3_diff1": 0.22298,
        "nauc_map_at_5_max": 0.170193,
        "nauc_map_at_5_std": 0.082641,
        "nauc_map_at_5_diff1": 0.217891,
        "nauc_map_at_10_max": 0.174906,
        "nauc_map_at_10_std": 0.103101,
        "nauc_map_at_10_diff1": 0.185539,
        "nauc_map_at_20_max": 0.162617,
        "nauc_map_at_20_std": 0.09209,
        "nauc_map_at_20_diff1": 0.171784,
        "nauc_map_at_100_max": 0.155442,
        "nauc_map_at_100_std": 0.086983,
        "nauc_map_at_100_diff1": 0.169488,
        "nauc_map_at_1000_max": 0.153532,
        "nauc_map_at_1000_std": 0.085359,
        "nauc_map_at_1000_diff1": 0.166895,
        "nauc_recall_at_1_max": 0.180924,
        "nauc_recall_at_1_std": 0.080521,
        "nauc_recall_at_1_diff1": 0.224464,
        "nauc_recall_at_3_max": 0.161046,
        "nauc_recall_at_3_std": 0.091309,
        "nauc_recall_at_3_diff1": 0.211542,
        "nauc_recall_at_5_max": 0.17087,
        "nauc_recall_at_5_std": 0.089463,
        "nauc_recall_at_5_diff1": 0.197194,
        "nauc_recall_at_10_max": 0.175651,
        "nauc_recall_at_10_std": 0.150602,
        "nauc_recall_at_10_diff1": 0.099578,
        "nauc_recall_at_20_max": 0.108741,
        "nauc_recall_at_20_std": 0.084138,
        "nauc_recall_at_20_diff1": 0.050316,
        "nauc_recall_at_100_max": 0.060655,
        "nauc_recall_at_100_std": 0.064582,
        "nauc_recall_at_100_diff1": 0.06544,
        "nauc_recall_at_1000_max": 0.016124,
        "nauc_recall_at_1000_std": 0.030252,
        "nauc_recall_at_1000_diff1": 0.01817,
        "nauc_precision_at_1_max": 0.180924,
        "nauc_precision_at_1_std": 0.080521,
        "nauc_precision_at_1_diff1": 0.224464,
        "nauc_precision_at_3_max": 0.161046,
        "nauc_precision_at_3_std": 0.091309,
        "nauc_precision_at_3_diff1": 0.211542,
        "nauc_precision_at_5_max": 0.17087,
        "nauc_precision_at_5_std": 0.089463,
        "nauc_precision_at_5_diff1": 0.197194,
        "nauc_precision_at_10_max": 0.175651,
        "nauc_precision_at_10_std": 0.150602,
        "nauc_precision_at_10_diff1": 0.099578,
        "nauc_precision_at_20_max": 0.108741,
        "nauc_precision_at_20_std": 0.084138,
        "nauc_precision_at_20_diff1": 0.050316,
        "nauc_precision_at_100_max": 0.060655,
        "nauc_precision_at_100_std": 0.064582,
        "nauc_precision_at_100_diff1": 0.06544,
        "nauc_precision_at_1000_max": 0.016124,
        "nauc_precision_at_1000_std": 0.030252,
        "nauc_precision_at_1000_diff1": 0.01817,
        "nauc_mrr_at_1_max": 0.180924,
        "nauc_mrr_at_1_std": 0.080521,
        "nauc_mrr_at_1_diff1": 0.224464,
        "nauc_mrr_at_3_max": 0.166983,
        "nauc_mrr_at_3_std": 0.082827,
        "nauc_mrr_at_3_diff1": 0.22298,
        "nauc_mrr_at_5_max": 0.170193,
        "nauc_mrr_at_5_std": 0.082641,
        "nauc_mrr_at_5_diff1": 0.217891,
        "nauc_mrr_at_10_max": 0.174906,
        "nauc_mrr_at_10_std": 0.103101,
        "nauc_mrr_at_10_diff1": 0.185539,
        "nauc_mrr_at_20_max": 0.162617,
        "nauc_mrr_at_20_std": 0.09209,
        "nauc_mrr_at_20_diff1": 0.171784,
        "nauc_mrr_at_100_max": 0.155442,
        "nauc_mrr_at_100_std": 0.086983,
        "nauc_mrr_at_100_diff1": 0.169488,
        "nauc_mrr_at_1000_max": 0.153532,
        "nauc_mrr_at_1000_std": 0.085359,
        "nauc_mrr_at_1000_diff1": 0.166895,
        "main_score": 0.03412,
        "hf_subset": "default",
        "languages": [
          "tur-Latn"
        ]
      }
    ]
  },
  "evaluation_time": 153.0274429321289,
  "kg_co2_emissions": null
}