{
  "dataset_revision": "main",
  "task_name": "SciFactTR",
  "mteb_version": "1.31.3",
  "scores": {
    "test": [
      {
        "ndcg_at_1": 0.68667,
        "ndcg_at_3": 0.75635,
        "ndcg_at_5": 0.77557,
        "ndcg_at_10": 0.79592,
        "ndcg_at_20": 0.80551,
        "ndcg_at_100": 0.81385,
        "ndcg_at_1000": 0.8148,
        "map_at_1": 0.68667,
        "map_at_3": 0.74,
        "map_at_5": 0.75067,
        "map_at_10": 0.75899,
        "map_at_20": 0.76179,
        "map_at_100": 0.76307,
        "map_at_1000": 0.76312,
        "recall_at_1": 0.68667,
        "recall_at_3": 0.80333,
        "recall_at_5": 0.85,
        "recall_at_10": 0.91333,
        "recall_at_20": 0.95,
        "recall_at_100": 0.99333,
        "recall_at_1000": 1.0,
        "precision_at_1": 0.68667,
        "precision_at_3": 0.26778,
        "precision_at_5": 0.17,
        "precision_at_10": 0.09133,
        "precision_at_20": 0.0475,
        "precision_at_100": 0.00993,
        "precision_at_1000": 0.001,
        "mrr_at_1": 0.686667,
        "mrr_at_3": 0.74,
        "mrr_at_5": 0.750667,
        "mrr_at_10": 0.758992,
        "mrr_at_20": 0.76179,
        "mrr_at_100": 0.763072,
        "mrr_at_1000": 0.763124,
        "nauc_ndcg_at_1_max": 0.492877,
        "nauc_ndcg_at_1_std": -0.034791,
        "nauc_ndcg_at_1_diff1": 0.787101,
        "nauc_ndcg_at_3_max": 0.536239,
        "nauc_ndcg_at_3_std": -0.031478,
        "nauc_ndcg_at_3_diff1": 0.784398,
        "nauc_ndcg_at_5_max": 0.554387,
        "nauc_ndcg_at_5_std": -0.006305,
        "nauc_ndcg_at_5_diff1": 0.780823,
        "nauc_ndcg_at_10_max": 0.560381,
        "nauc_ndcg_at_10_std": 0.058207,
        "nauc_ndcg_at_10_diff1": 0.768908,
        "nauc_ndcg_at_20_max": 0.552062,
        "nauc_ndcg_at_20_std": 0.025374,
        "nauc_ndcg_at_20_diff1": 0.77205,
        "nauc_ndcg_at_100_max": 0.541283,
        "nauc_ndcg_at_100_std": 0.003654,
        "nauc_ndcg_at_100_diff1": 0.779285,
        "nauc_ndcg_at_1000_max": 0.539426,
        "nauc_ndcg_at_1000_std": 0.000413,
        "nauc_ndcg_at_1000_diff1": 0.778812,
        "nauc_map_at_1_max": 0.492877,
        "nauc_map_at_1_std": -0.034791,
        "nauc_map_at_1_diff1": 0.787101,
        "nauc_map_at_3_max": 0.52534,
        "nauc_map_at_3_std": -0.033458,
        "nauc_map_at_3_diff1": 0.784959,
        "nauc_map_at_5_max": 0.533908,
        "nauc_map_at_5_std": -0.021291,
        "nauc_map_at_5_diff1": 0.783241,
        "nauc_map_at_10_max": 0.535324,
        "nauc_map_at_10_std": 0.000463,
        "nauc_map_at_10_diff1": 0.778906,
        "nauc_map_at_20_max": 0.533171,
        "nauc_map_at_20_std": -0.007951,
        "nauc_map_at_20_diff1": 0.779921,
        "nauc_map_at_100_max": 0.531646,
        "nauc_map_at_100_std": -0.011011,
        "nauc_map_at_100_diff1": 0.780944,
        "nauc_map_at_1000_max": 0.531564,
        "nauc_map_at_1000_std": -0.011154,
        "nauc_map_at_1000_diff1": 0.780925,
        "nauc_recall_at_1_max": 0.492877,
        "nauc_recall_at_1_std": -0.034791,
        "nauc_recall_at_1_diff1": 0.787101,
        "nauc_recall_at_3_max": 0.574718,
        "nauc_recall_at_3_std": -0.023829,
        "nauc_recall_at_3_diff1": 0.782484,
        "nauc_recall_at_5_max": 0.648313,
        "nauc_recall_at_5_std": 0.067046,
        "nauc_recall_at_5_diff1": 0.769357,
        "nauc_recall_at_10_max": 0.748653,
        "nauc_recall_at_10_std": 0.542843,
        "nauc_recall_at_10_diff1": 0.686795,
        "nauc_recall_at_20_max": 0.770962,
        "nauc_recall_at_20_std": 0.455929,
        "nauc_recall_at_20_diff1": 0.664239,
        "nauc_recall_at_100_max": 0.861111,
        "nauc_recall_at_100_std": 0.561391,
        "nauc_recall_at_100_diff1": 0.861111,
        "nauc_recall_at_1000_max": NaN,
        "nauc_recall_at_1000_std": NaN,
        "nauc_recall_at_1000_diff1": NaN,
        "nauc_precision_at_1_max": 0.492877,
        "nauc_precision_at_1_std": -0.034791,
        "nauc_precision_at_1_diff1": 0.787101,
        "nauc_precision_at_3_max": 0.574718,
        "nauc_precision_at_3_std": -0.023829,
        "nauc_precision_at_3_diff1": 0.782484,
        "nauc_precision_at_5_max": 0.648313,
        "nauc_precision_at_5_std": 0.067046,
        "nauc_precision_at_5_diff1": 0.769357,
        "nauc_precision_at_10_max": 0.748653,
        "nauc_precision_at_10_std": 0.542843,
        "nauc_precision_at_10_diff1": 0.686795,
        "nauc_precision_at_20_max": 0.770962,
        "nauc_precision_at_20_std": 0.455929,
        "nauc_precision_at_20_diff1": 0.664239,
        "nauc_precision_at_100_max": 0.861111,
        "nauc_precision_at_100_std": 0.561391,
        "nauc_precision_at_100_diff1": 0.861111,
        "nauc_precision_at_1000_max": 1.0,
        "nauc_precision_at_1000_std": 1.0,
        "nauc_precision_at_1000_diff1": 1.0,
        "nauc_mrr_at_1_max": 0.492877,
        "nauc_mrr_at_1_std": -0.034791,
        "nauc_mrr_at_1_diff1": 0.787101,
        "nauc_mrr_at_3_max": 0.52534,
        "nauc_mrr_at_3_std": -0.033458,
        "nauc_mrr_at_3_diff1": 0.784959,
        "nauc_mrr_at_5_max": 0.533908,
        "nauc_mrr_at_5_std": -0.021291,
        "nauc_mrr_at_5_diff1": 0.783241,
        "nauc_mrr_at_10_max": 0.535324,
        "nauc_mrr_at_10_std": 0.000463,
        "nauc_mrr_at_10_diff1": 0.778906,
        "nauc_mrr_at_20_max": 0.533171,
        "nauc_mrr_at_20_std": -0.007951,
        "nauc_mrr_at_20_diff1": 0.779921,
        "nauc_mrr_at_100_max": 0.531646,
        "nauc_mrr_at_100_std": -0.011011,
        "nauc_mrr_at_100_diff1": 0.780944,
        "nauc_mrr_at_1000_max": 0.531564,
        "nauc_mrr_at_1000_std": -0.011154,
        "nauc_mrr_at_1000_diff1": 0.780925,
        "main_score": 0.79592,
        "hf_subset": "default",
        "languages": [
          "tur-Latn"
        ]
      }
    ]
  },
  "evaluation_time": 36.911186933517456,
  "kg_co2_emissions": null
}