{
  "dataset_revision": "main",
  "task_name": "SquadTRRetrieval",
  "mteb_version": "1.31.3",
  "scores": {
    "test": [
      {
        "ndcg_at_1": 0.54022,
        "ndcg_at_3": 0.64958,
        "ndcg_at_5": 0.67624,
        "ndcg_at_10": 0.69836,
        "ndcg_at_20": 0.71122,
        "ndcg_at_100": 0.72327,
        "ndcg_at_1000": 0.7269,
        "map_at_1": 0.54022,
        "map_at_3": 0.62309,
        "map_at_5": 0.63793,
        "map_at_10": 0.6472,
        "map_at_20": 0.65082,
        "map_at_100": 0.6526,
        "map_at_1000": 0.65274,
        "recall_at_1": 0.54022,
        "recall_at_3": 0.72609,
        "recall_at_5": 0.79062,
        "recall_at_10": 0.85828,
        "recall_at_20": 0.90845,
        "recall_at_100": 0.9719,
        "recall_at_1000": 0.99988,
        "precision_at_1": 0.54022,
        "precision_at_3": 0.24203,
        "precision_at_5": 0.15812,
        "precision_at_10": 0.08583,
        "precision_at_20": 0.04542,
        "precision_at_100": 0.00972,
        "precision_at_1000": 0.001,
        "mrr_at_1": 0.540224,
        "mrr_at_3": 0.623085,
        "mrr_at_5": 0.637933,
        "mrr_at_10": 0.647197,
        "mrr_at_20": 0.650818,
        "mrr_at_100": 0.652596,
        "mrr_at_1000": 0.652743,
        "nauc_ndcg_at_1_max": 0.390877,
        "nauc_ndcg_at_1_std": 0.03974,
        "nauc_ndcg_at_1_diff1": 0.663328,
        "nauc_ndcg_at_3_max": 0.432691,
        "nauc_ndcg_at_3_std": 0.074232,
        "nauc_ndcg_at_3_diff1": 0.6207,
        "nauc_ndcg_at_5_max": 0.446464,
        "nauc_ndcg_at_5_std": 0.089853,
        "nauc_ndcg_at_5_diff1": 0.615976,
        "nauc_ndcg_at_10_max": 0.458526,
        "nauc_ndcg_at_10_std": 0.106756,
        "nauc_ndcg_at_10_diff1": 0.618448,
        "nauc_ndcg_at_20_max": 0.457782,
        "nauc_ndcg_at_20_std": 0.109303,
        "nauc_ndcg_at_20_diff1": 0.620545,
        "nauc_ndcg_at_100_max": 0.448436,
        "nauc_ndcg_at_100_std": 0.099311,
        "nauc_ndcg_at_100_diff1": 0.626429,
        "nauc_ndcg_at_1000_max": 0.441598,
        "nauc_ndcg_at_1000_std": 0.090304,
        "nauc_ndcg_at_1000_diff1": 0.627006,
        "nauc_map_at_1_max": 0.390877,
        "nauc_map_at_1_std": 0.03974,
        "nauc_map_at_1_diff1": 0.663328,
        "nauc_map_at_3_max": 0.420694,
        "nauc_map_at_3_std": 0.064065,
        "nauc_map_at_3_diff1": 0.631325,
        "nauc_map_at_5_max": 0.42734,
        "nauc_map_at_5_std": 0.071651,
        "nauc_map_at_5_diff1": 0.629235,
        "nauc_map_at_10_max": 0.431194,
        "nauc_map_at_10_std": 0.077327,
        "nauc_map_at_10_diff1": 0.630464,
        "nauc_map_at_20_max": 0.430725,
        "nauc_map_at_20_std": 0.077623,
        "nauc_map_at_20_diff1": 0.631059,
        "nauc_map_at_100_max": 0.429721,
        "nauc_map_at_100_std": 0.076632,
        "nauc_map_at_100_diff1": 0.631843,
        "nauc_map_at_1000_max": 0.429488,
        "nauc_map_at_1000_std": 0.076335,
        "nauc_map_at_1000_diff1": 0.63186,
        "nauc_recall_at_1_max": 0.390877,
        "nauc_recall_at_1_std": 0.03974,
        "nauc_recall_at_1_diff1": 0.663328,
        "nauc_recall_at_3_max": 0.47536,
        "nauc_recall_at_3_std": 0.11052,
        "nauc_recall_at_3_diff1": 0.583689,
        "nauc_recall_at_5_max": 0.530369,
        "nauc_recall_at_5_std": 0.170498,
        "nauc_recall_at_5_diff1": 0.559783,
        "nauc_recall_at_10_max": 0.631909,
        "nauc_recall_at_10_std": 0.296913,
        "nauc_recall_at_10_diff1": 0.550184,
        "nauc_recall_at_20_max": 0.708701,
        "nauc_recall_at_20_std": 0.414317,
        "nauc_recall_at_20_diff1": 0.538561,
        "nauc_recall_at_100_max": 0.853159,
        "nauc_recall_at_100_std": 0.637752,
        "nauc_recall_at_100_diff1": 0.592183,
        "nauc_recall_at_1000_max": 0.869283,
        "nauc_recall_at_1000_std": 0.722228,
        "nauc_recall_at_1000_diff1": 0.869283,
        "nauc_precision_at_1_max": 0.390877,
        "nauc_precision_at_1_std": 0.03974,
        "nauc_precision_at_1_diff1": 0.663328,
        "nauc_precision_at_3_max": 0.47536,
        "nauc_precision_at_3_std": 0.11052,
        "nauc_precision_at_3_diff1": 0.583689,
        "nauc_precision_at_5_max": 0.530369,
        "nauc_precision_at_5_std": 0.170498,
        "nauc_precision_at_5_diff1": 0.559783,
        "nauc_precision_at_10_max": 0.631909,
        "nauc_precision_at_10_std": 0.296913,
        "nauc_precision_at_10_diff1": 0.550184,
        "nauc_precision_at_20_max": 0.708701,
        "nauc_precision_at_20_std": 0.414317,
        "nauc_precision_at_20_diff1": 0.538561,
        "nauc_precision_at_100_max": 0.853159,
        "nauc_precision_at_100_std": 0.637752,
        "nauc_precision_at_100_diff1": 0.592183,
        "nauc_precision_at_1000_max": 0.869283,
        "nauc_precision_at_1000_std": 0.722228,
        "nauc_precision_at_1000_diff1": 0.869283,
        "nauc_mrr_at_1_max": 0.390877,
        "nauc_mrr_at_1_std": 0.03974,
        "nauc_mrr_at_1_diff1": 0.663328,
        "nauc_mrr_at_3_max": 0.420694,
        "nauc_mrr_at_3_std": 0.064065,
        "nauc_mrr_at_3_diff1": 0.631325,
        "nauc_mrr_at_5_max": 0.42734,
        "nauc_mrr_at_5_std": 0.071651,
        "nauc_mrr_at_5_diff1": 0.629235,
        "nauc_mrr_at_10_max": 0.431194,
        "nauc_mrr_at_10_std": 0.077327,
        "nauc_mrr_at_10_diff1": 0.630464,
        "nauc_mrr_at_20_max": 0.430725,
        "nauc_mrr_at_20_std": 0.077623,
        "nauc_mrr_at_20_diff1": 0.631059,
        "nauc_mrr_at_100_max": 0.429721,
        "nauc_mrr_at_100_std": 0.076632,
        "nauc_mrr_at_100_diff1": 0.631843,
        "nauc_mrr_at_1000_max": 0.429488,
        "nauc_mrr_at_1000_std": 0.076335,
        "nauc_mrr_at_1000_diff1": 0.63186,
        "main_score": 0.69836,
        "hf_subset": "default",
        "languages": [
          "tur-Latn"
        ]
      }
    ]
  },
  "evaluation_time": 137.4345600605011,
  "kg_co2_emissions": null
}