{
  "dataset_revision": "main",
  "task_name": "TQuadRetrieval",
  "mteb_version": "1.31.3",
  "scores": {
    "test": [
      {
        "ndcg_at_1": 0.6491,
        "ndcg_at_3": 0.77403,
        "ndcg_at_5": 0.80664,
        "ndcg_at_10": 0.82424,
        "ndcg_at_20": 0.82509,
        "ndcg_at_100": 0.8259,
        "ndcg_at_1000": 0.8259,
        "map_at_1": 0.6491,
        "map_at_3": 0.74458,
        "map_at_5": 0.76257,
        "map_at_10": 0.76995,
        "map_at_20": 0.77019,
        "map_at_100": 0.77029,
        "map_at_1000": 0.77029,
        "recall_at_1": 0.6491,
        "recall_at_3": 0.85874,
        "recall_at_5": 0.93834,
        "recall_at_10": 0.99215,
        "recall_at_20": 0.99552,
        "recall_at_100": 1.0,
        "recall_at_1000": 1.0,
        "precision_at_1": 0.6491,
        "precision_at_3": 0.28625,
        "precision_at_5": 0.18767,
        "precision_at_10": 0.09922,
        "precision_at_20": 0.04978,
        "precision_at_100": 0.01,
        "precision_at_1000": 0.001,
        "mrr_at_1": 0.649103,
        "mrr_at_3": 0.744581,
        "mrr_at_5": 0.762575,
        "mrr_at_10": 0.769955,
        "mrr_at_20": 0.770187,
        "mrr_at_100": 0.770288,
        "mrr_at_1000": 0.770288,
        "nauc_ndcg_at_1_max": 0.197304,
        "nauc_ndcg_at_1_std": -0.194206,
        "nauc_ndcg_at_1_diff1": 0.600768,
        "nauc_ndcg_at_3_max": 0.242491,
        "nauc_ndcg_at_3_std": -0.243553,
        "nauc_ndcg_at_3_diff1": 0.590662,
        "nauc_ndcg_at_5_max": 0.236878,
        "nauc_ndcg_at_5_std": -0.245143,
        "nauc_ndcg_at_5_diff1": 0.590249,
        "nauc_ndcg_at_10_max": 0.235583,
        "nauc_ndcg_at_10_std": -0.209576,
        "nauc_ndcg_at_10_diff1": 0.594333,
        "nauc_ndcg_at_20_max": 0.231517,
        "nauc_ndcg_at_20_std": -0.212895,
        "nauc_ndcg_at_20_diff1": 0.592303,
        "nauc_ndcg_at_100_max": 0.227503,
        "nauc_ndcg_at_100_std": -0.217919,
        "nauc_ndcg_at_100_diff1": 0.591643,
        "nauc_ndcg_at_1000_max": 0.227503,
        "nauc_ndcg_at_1000_std": -0.217919,
        "nauc_ndcg_at_1000_diff1": 0.591643,
        "nauc_map_at_1_max": 0.197304,
        "nauc_map_at_1_std": -0.194206,
        "nauc_map_at_1_diff1": 0.600768,
        "nauc_map_at_3_max": 0.229689,
        "nauc_map_at_3_std": -0.228463,
        "nauc_map_at_3_diff1": 0.591143,
        "nauc_map_at_5_max": 0.226288,
        "nauc_map_at_5_std": -0.228079,
        "nauc_map_at_5_diff1": 0.59077,
        "nauc_map_at_10_max": 0.22505,
        "nauc_map_at_10_std": -0.216042,
        "nauc_map_at_10_diff1": 0.592196,
        "nauc_map_at_20_max": 0.224195,
        "nauc_map_at_20_std": -0.216695,
        "nauc_map_at_20_diff1": 0.591779,
        "nauc_map_at_100_max": 0.223814,
        "nauc_map_at_100_std": -0.217172,
        "nauc_map_at_100_diff1": 0.591707,
        "nauc_map_at_1000_max": 0.223814,
        "nauc_map_at_1000_std": -0.217172,
        "nauc_map_at_1000_diff1": 0.591707,
        "nauc_recall_at_1_max": 0.197304,
        "nauc_recall_at_1_std": -0.194206,
        "nauc_recall_at_1_diff1": 0.600768,
        "nauc_recall_at_3_max": 0.301281,
        "nauc_recall_at_3_std": -0.313675,
        "nauc_recall_at_3_diff1": 0.590227,
        "nauc_recall_at_5_max": 0.331865,
        "nauc_recall_at_5_std": -0.406865,
        "nauc_recall_at_5_diff1": 0.590005,
        "nauc_recall_at_10_max": 0.962661,
        "nauc_recall_at_10_std": 0.573648,
        "nauc_recall_at_10_diff1": 0.814282,
        "nauc_recall_at_20_max": 0.967328,
        "nauc_recall_at_20_std": 0.707191,
        "nauc_recall_at_20_diff1": 0.707665,
        "nauc_recall_at_100_max": NaN,
        "nauc_recall_at_100_std": NaN,
        "nauc_recall_at_100_diff1": NaN,
        "nauc_recall_at_1000_max": NaN,
        "nauc_recall_at_1000_std": NaN,
        "nauc_recall_at_1000_diff1": NaN,
        "nauc_precision_at_1_max": 0.197304,
        "nauc_precision_at_1_std": -0.194206,
        "nauc_precision_at_1_diff1": 0.600768,
        "nauc_precision_at_3_max": 0.301281,
        "nauc_precision_at_3_std": -0.313675,
        "nauc_precision_at_3_diff1": 0.590227,
        "nauc_precision_at_5_max": 0.331865,
        "nauc_precision_at_5_std": -0.406865,
        "nauc_precision_at_5_diff1": 0.590005,
        "nauc_precision_at_10_max": 0.962661,
        "nauc_precision_at_10_std": 0.573648,
        "nauc_precision_at_10_diff1": 0.814282,
        "nauc_precision_at_20_max": 0.967328,
        "nauc_precision_at_20_std": 0.707191,
        "nauc_precision_at_20_diff1": 0.707665,
        "nauc_precision_at_100_max": NaN,
        "nauc_precision_at_100_std": NaN,
        "nauc_precision_at_100_diff1": NaN,
        "nauc_precision_at_1000_max": NaN,
        "nauc_precision_at_1000_std": NaN,
        "nauc_precision_at_1000_diff1": NaN,
        "nauc_mrr_at_1_max": 0.198832,
        "nauc_mrr_at_1_std": -0.196506,
        "nauc_mrr_at_1_diff1": 0.600768,
        "nauc_mrr_at_3_max": 0.230688,
        "nauc_mrr_at_3_std": -0.229967,
        "nauc_mrr_at_3_diff1": 0.591143,
        "nauc_mrr_at_5_max": 0.227369,
        "nauc_mrr_at_5_std": -0.229706,
        "nauc_mrr_at_5_diff1": 0.59077,
        "nauc_mrr_at_10_max": 0.226171,
        "nauc_mrr_at_10_std": -0.217731,
        "nauc_mrr_at_10_diff1": 0.592196,
        "nauc_mrr_at_20_max": 0.225318,
        "nauc_mrr_at_20_std": -0.218386,
        "nauc_mrr_at_20_diff1": 0.591779,
        "nauc_mrr_at_100_max": 0.224938,
        "nauc_mrr_at_100_std": -0.218864,
        "nauc_mrr_at_100_diff1": 0.591707,
        "nauc_mrr_at_1000_max": 0.224938,
        "nauc_mrr_at_1000_std": -0.218864,
        "nauc_mrr_at_1000_diff1": 0.591707,
        "main_score": 0.82424,
        "hf_subset": "default",
        "languages": [
          "tur-Latn"
        ]
      }
    ]
  },
  "evaluation_time": 22.537603855133057,
  "kg_co2_emissions": null
}