{
  "dataset_revision": "51adfef1c1287aab1d2d91b5bead9bcfb9c68583",
  "task_name": "XQuADRetrieval",
  "mteb_version": "1.31.3",
  "scores": {
    "validation": [
      {
        "ndcg_at_1": 0.86233,
        "ndcg_at_3": 0.91783,
        "ndcg_at_5": 0.92619,
        "ndcg_at_10": 0.92786,
        "ndcg_at_20": 0.92992,
        "ndcg_at_100": 0.93125,
        "ndcg_at_1000": 0.93171,
        "map_at_1": 0.86233,
        "map_at_3": 0.90456,
        "map_at_5": 0.90921,
        "map_at_10": 0.90991,
        "map_at_20": 0.91044,
        "map_at_100": 0.91065,
        "map_at_1000": 0.91067,
        "recall_at_1": 0.86233,
        "recall_at_3": 0.95608,
        "recall_at_5": 0.97635,
        "recall_at_10": 0.98142,
        "recall_at_20": 0.98986,
        "recall_at_100": 0.99662,
        "recall_at_1000": 1.0,
        "precision_at_1": 0.86233,
        "precision_at_3": 0.31869,
        "precision_at_5": 0.19527,
        "precision_at_10": 0.09814,
        "precision_at_20": 0.04949,
        "precision_at_100": 0.00997,
        "precision_at_1000": 0.001,
        "mrr_at_1": 0.862331,
        "mrr_at_3": 0.904561,
        "mrr_at_5": 0.909206,
        "mrr_at_10": 0.909914,
        "mrr_at_20": 0.910438,
        "mrr_at_100": 0.91065,
        "mrr_at_1000": 0.910672,
        "nauc_ndcg_at_1_max": 0.646531,
        "nauc_ndcg_at_1_std": 0.178071,
        "nauc_ndcg_at_1_diff1": 0.866497,
        "nauc_ndcg_at_3_max": 0.715905,
        "nauc_ndcg_at_3_std": 0.278567,
        "nauc_ndcg_at_3_diff1": 0.867149,
        "nauc_ndcg_at_5_max": 0.712353,
        "nauc_ndcg_at_5_std": 0.274377,
        "nauc_ndcg_at_5_diff1": 0.870267,
        "nauc_ndcg_at_10_max": 0.70924,
        "nauc_ndcg_at_10_std": 0.274083,
        "nauc_ndcg_at_10_diff1": 0.868671,
        "nauc_ndcg_at_20_max": 0.701288,
        "nauc_ndcg_at_20_std": 0.265703,
        "nauc_ndcg_at_20_diff1": 0.868435,
        "nauc_ndcg_at_100_max": 0.696466,
        "nauc_ndcg_at_100_std": 0.256184,
        "nauc_ndcg_at_100_diff1": 0.867613,
        "nauc_ndcg_at_1000_max": 0.694351,
        "nauc_ndcg_at_1000_std": 0.25211,
        "nauc_ndcg_at_1000_diff1": 0.867131,
        "nauc_map_at_1_max": 0.646531,
        "nauc_map_at_1_std": 0.178071,
        "nauc_map_at_1_diff1": 0.866497,
        "nauc_map_at_3_max": 0.694059,
        "nauc_map_at_3_std": 0.247224,
        "nauc_map_at_3_diff1": 0.866179,
        "nauc_map_at_5_max": 0.690679,
        "nauc_map_at_5_std": 0.242994,
        "nauc_map_at_5_diff1": 0.867199,
        "nauc_map_at_10_max": 0.689517,
        "nauc_map_at_10_std": 0.242935,
        "nauc_map_at_10_diff1": 0.866573,
        "nauc_map_at_20_max": 0.687825,
        "nauc_map_at_20_std": 0.241322,
        "nauc_map_at_20_diff1": 0.8665,
        "nauc_map_at_100_max": 0.687232,
        "nauc_map_at_100_std": 0.2402,
        "nauc_map_at_100_diff1": 0.866433,
        "nauc_map_at_1000_max": 0.687153,
        "nauc_map_at_1000_std": 0.240045,
        "nauc_map_at_1000_diff1": 0.866413,
        "nauc_recall_at_1_max": 0.646531,
        "nauc_recall_at_1_std": 0.178071,
        "nauc_recall_at_1_diff1": 0.866497,
        "nauc_recall_at_3_max": 0.847558,
        "nauc_recall_at_3_std": 0.467162,
        "nauc_recall_at_3_diff1": 0.873725,
        "nauc_recall_at_5_max": 0.943818,
        "nauc_recall_at_5_std": 0.60847,
        "nauc_recall_at_5_diff1": 0.907651,
        "nauc_recall_at_10_max": 0.969556,
        "nauc_recall_at_10_std": 0.689107,
        "nauc_recall_at_10_diff1": 0.90103,
        "nauc_recall_at_20_max": 0.965964,
        "nauc_recall_at_20_std": 0.787231,
        "nauc_recall_at_20_diff1": 0.922408,
        "nauc_recall_at_100_max": 1.0,
        "nauc_recall_at_100_std": 0.839506,
        "nauc_recall_at_100_diff1": 0.934665,
        "nauc_recall_at_1000_max": NaN,
        "nauc_recall_at_1000_std": NaN,
        "nauc_recall_at_1000_diff1": NaN,
        "nauc_precision_at_1_max": 0.646531,
        "nauc_precision_at_1_std": 0.178071,
        "nauc_precision_at_1_diff1": 0.866497,
        "nauc_precision_at_3_max": 0.847558,
        "nauc_precision_at_3_std": 0.467162,
        "nauc_precision_at_3_diff1": 0.873725,
        "nauc_precision_at_5_max": 0.943818,
        "nauc_precision_at_5_std": 0.60847,
        "nauc_precision_at_5_diff1": 0.907651,
        "nauc_precision_at_10_max": 0.969556,
        "nauc_precision_at_10_std": 0.689107,
        "nauc_precision_at_10_diff1": 0.90103,
        "nauc_precision_at_20_max": 0.965964,
        "nauc_precision_at_20_std": 0.787231,
        "nauc_precision_at_20_diff1": 0.922408,
        "nauc_precision_at_100_max": 1.0,
        "nauc_precision_at_100_std": 0.839506,
        "nauc_precision_at_100_diff1": 0.934665,
        "nauc_precision_at_1000_max": 1.0,
        "nauc_precision_at_1000_std": 1.0,
        "nauc_precision_at_1000_diff1": 1.0,
        "nauc_mrr_at_1_max": 0.646531,
        "nauc_mrr_at_1_std": 0.178071,
        "nauc_mrr_at_1_diff1": 0.866497,
        "nauc_mrr_at_3_max": 0.694059,
        "nauc_mrr_at_3_std": 0.247224,
        "nauc_mrr_at_3_diff1": 0.866179,
        "nauc_mrr_at_5_max": 0.690679,
        "nauc_mrr_at_5_std": 0.242994,
        "nauc_mrr_at_5_diff1": 0.867199,
        "nauc_mrr_at_10_max": 0.689517,
        "nauc_mrr_at_10_std": 0.242935,
        "nauc_mrr_at_10_diff1": 0.866573,
        "nauc_mrr_at_20_max": 0.687825,
        "nauc_mrr_at_20_std": 0.241322,
        "nauc_mrr_at_20_diff1": 0.8665,
        "nauc_mrr_at_100_max": 0.687232,
        "nauc_mrr_at_100_std": 0.2402,
        "nauc_mrr_at_100_diff1": 0.866433,
        "nauc_mrr_at_1000_max": 0.687153,
        "nauc_mrr_at_1000_std": 0.240045,
        "nauc_mrr_at_1000_diff1": 0.866413,
        "main_score": 0.92786,
        "hf_subset": "tr",
        "languages": [
          "tur-Latn"
        ]
      }
    ]
  },
  "evaluation_time": 23.756189823150635,
  "kg_co2_emissions": null
}